event_id,event_title,event_slug,market_id,market_slug,bet_side,price,size,trade_value_usd,implied_probability,event_liquidity,event_liquidity_clob,event_liquidity_amm,market_liquidity,market_liquidity_num,market_liquidity_clob,market_liquidity_amm,dollar_value_pct_of_event_liquidity,dollar_value_pct_of_market_liquidity,liquidity_snapshot_timestamp,timestamp,timestamp_readable,transaction_hash,wallet,resolved,winning_outcome,liquidity,bet_won,pct_of_liquidity,simulated_spend,shares,fee,gross_payoff,net_pnl,roi
11322,Will Biden finish his term?,will-biden-complete-his-term-as-president,503013,will-biden-complete-his-term-as-president,No,0.09,430300.0,38727.0,9.0%,,,,,,,,,,2026-05-28 01:01:35 UTC,2024-11-11 01:55:56+00:00,2024-11-11 01:55:56 UTC,0xc467cda857f7050012d1055f3ba100fb645ed26e976372ea8806db7644ad4642,0x33f6e35dcbe0d5881f19d723335f87cb56f68003,True,Yes,0.0,False,,100,1111.111111111111,2.0,0.0,-102.0,-1.0
11322,Will Biden finish his term?,will-biden-complete-his-term-as-president,503013,will-biden-complete-his-term-as-president,No,0.0930967619349245,381929.94,35556.44,9.3%,,,,,,,,,,2026-05-28 01:01:35 UTC,2024-11-07 00:06:00+00:00,2024-11-07 00:06:00 UTC,0xb7d9af26b47fd73cf3fa88ea0032917ddbf68c2b5a04d143952bf2bb216f38bf,0x7cc618ca9a1af6b36096def79cec3dc5d3a127d0,True,Yes,0.0,False,,100,1074.1512155911603,2.0,0.0,-102.0,-1.0
11322,Will Biden finish his term?,will-biden-complete-his-term-as-president,503013,will-biden-complete-his-term-as-president,No,0.09976967566938504,227614.251,22709.0,10.0%,,,,,,,,,,2026-05-28 01:01:35 UTC,2024-11-07 23:36:36+00:00,2024-11-07 23:36:36 UTC,0xa92388d901833fc5c7e2feeae46098b3fded4d73b13ed540d75d8d7b93497138,0x80c228786e4940904fccdd54999edce5d3cbec5e,True,Yes,0.0,False,,100,1002.3085604826281,2.0,0.0,-102.0,-1.0
10223,"2024 Balance of Power: R Prez, R Senate, D House",balance-of-power-2024-election,500637,2024-balance-of-power-republican-presidency-and-senate-democratic-house,Yes,0.09765850063969417,204795.280165,20000.0,9.8%,,,,,,,,,,2026-05-28 01:01:11 UTC,2024-11-06 20:59:04+00:00,2024-11-06 20:59:04 UTC,0x8d93a513890c6b467411670d40d3b87f11ea04b980a15cc97ab4e89345c7efcd,0xa66c59e25b7efe25bb7bdeb25227c998da4bcd67,True,No,0.0,False,,100,1023.9764008761989,2.0,0.0,-102.0,-1.0
11322,Will Biden finish his term?,will-biden-complete-his-term-as-president,503013,will-biden-complete-his-term-as-president,No,0.08981185983827493,222600.0,19992.12,9.0%,,,,,,,,,,2026-05-28 01:01:35 UTC,2024-11-08 02:55:44+00:00,2024-11-08 02:55:44 UTC,0x080baa5606d6e2977842cda7d39a2b71e29c4244c897e7a8996070527b4b8956,0x7cc618ca9a1af6b36096def79cec3dc5d3a127d0,True,Yes,0.0,False,,100,1113.4386948457693,2.0,0.0,-102.0,-1.0
11322,Will Biden finish his term?,will-biden-complete-his-term-as-president,503013,will-biden-complete-his-term-as-president,No,0.08,241505.18,19320.41,8.0%,,,,,,,,,,2026-05-28 01:01:35 UTC,2024-11-10 23:23:14+00:00,2024-11-10 23:23:14 UTC,0x9724d479344192f755be9e18a132de4a934a579edfe7d4a3690f351fae159ba5,0x80c228786e4940904fccdd54999edce5d3cbec5e,True,Yes,0.0,False,,100,1250.0,2.0,0.0,-102.0,-1.0
11322,Will Biden finish his term?,will-biden-complete-his-term-as-president,503013,will-biden-complete-his-term-as-president,No,0.05,341000.0,17050.0,5.0%,,,,,,,,,,2026-05-28 01:01:34 UTC,2024-12-17 10:08:55+00:00,2024-12-17 10:08:55 UTC,0x62820a1bfea212ded80c2595b0aa20a7042d7822da21ffd79deedeedf6c0fe3e,0x48362f4c13c94804eb5a9bd79cf6de830d930964,True,Yes,0.0,False,,100,2000.0,2.0,0.0,-102.0,-1.0
14220,Fed decreases interest rates by 25 bps after January 2025 meeting?,fed-interest-rates-january-2025,512323,fed-decreases-interest-rates-by-25-bps-after-january-2025-meeting,Yes,0.02427239402930661,700384.1475,17000.0,2.4%,,,,,,,,,,2026-05-28 01:03:45 UTC,2025-01-29 07:30:35+00:00,2025-01-29 07:30:35 UTC,0xb8b7a8d246bd8026a411d90154f1b39e4565f3e5c6b5fc27a4be2071d98146ec,0x6e7c6d5916e3d89c6fbbc3d6ccfe1247173fe3c9,True,No,0.0,False,,100,4119.90675,2.0,0.0,-102.0,-1.0
11322,Will Biden finish his term?,will-biden-complete-his-term-as-president,503013,will-biden-complete-his-term-as-president,No,0.08985606315823635,173224.593332,15565.28,9.0%,,,,,,,,,,2026-05-28 01:01:35 UTC,2024-11-13 15:11:26+00:00,2024-11-13 15:11:26 UTC,0xec5088e723cf6d053e7348ad9028cc2120f798ead02d5896a2a026e41d4cac0c,0x0e74d70b99f3cfa4d8b7895c8ea1f8b0d87571bb,True,Yes,0.0,False,,100,1112.8909556598333,2.0,0.0,-102.0,-1.0
11321,Will Biden announce resignation by July 31?,will-biden-resign-by-july-31,503011,will-biden-resign-by-july-31,Yes,0.05768799042084861,246886.17,14242.37,5.8%,,,,,,,,,,2026-05-28 01:01:36 UTC,2024-07-21 17:54:52+00:00,2024-07-21 17:54:52 UTC,0xd6e8316ac2fdd9e806ae20a53f5de492cb2d2ae394ded02e686f7af80a24a740,0x8a4c788f043023b8b28a762216d037e9f148532b,True,No,0.0,False,,100,1733.4630530631157,2.0,0.0,-102.0,-1.0
16180,Maduro out in 2025?,maduro-out-in-2025,516947,maduro-out-in-2025-411,Yes,0.06040408317371512,220150.32,13297.98,6.0%,,,,,,,,,,2026-05-28 01:04:29 UTC,2025-12-22 16:02:37+00:00,2025-12-22 16:02:37 UTC,0x5f395c3be925d0bfb9508a7529e543fd292c9a2a7ab61fdcc90e8d8ac9582870,0x36c2b074b2eb2e3aac2dc7226dd18e7c72956127,True,No,0.0,False,,100,1655.5172224435826,2.0,0.0,-102.0,-1.0
16108,Russia x Ukraine ceasefire in 2025?,russia-x-ukraine-ceasefire-in-2025,516719,russia-x-ukraine-ceasefire-in-2025,Yes,0.09,140000.0,12600.0,9.0%,,,,,,,,,,2026-05-28 01:04:31 UTC,2025-11-30 04:47:49+00:00,2025-11-30 04:47:49 UTC,0x0c203387d33b8aff30672066ec86ca407664f1745d8eaeeed810cf81fcb431e0,0x67f9ac55ba4f65542be8613b76d1f136a369d241,True,No,0.0,False,,100,1111.111111111111,2.0,0.0,-102.0,-1.0
16108,Russia x Ukraine ceasefire in 2025?,russia-x-ukraine-ceasefire-in-2025,516719,russia-x-ukraine-ceasefire-in-2025,Yes,0.07,176924.13,12384.69,7.0%,,,,,,,,,,2026-05-28 01:04:33 UTC,2025-11-19 23:01:57+00:00,2025-11-19 23:01:57 UTC,0x1c3dc448e732a7ec1d4007bd9ec83762afe6a604ba7bf0d2c0caa264668543d6,0xb1a279adb096d316b1b168993e8ed976d3cd372a,True,No,0.0,False,,100,1428.5714285714284,2.0,0.0,-102.0,-1.0
11322,Will Biden finish his term?,will-biden-complete-his-term-as-president,503013,will-biden-complete-his-term-as-president,No,0.08897664610792935,134743.222221,11989.0,8.9%,,,,,,,,,,2026-05-28 01:01:35 UTC,2024-11-07 23:25:00+00:00,2024-11-07 23:25:00 UTC,0x21190444fda5c42bced01d4871d18405add1a0cbbac9a5735816371f669e3031,0x7cc618ca9a1af6b36096def79cec3dc5d3a127d0,True,Yes,0.0,False,,100,1123.8904181519636,2.0,0.0,-102.0,-1.0
16108,Russia x Ukraine ceasefire in 2025?,russia-x-ukraine-ceasefire-in-2025,516719,russia-x-ukraine-ceasefire-in-2025,Yes,0.09,130664.78,11759.83,9.0%,,,,,,,,,,2026-05-28 01:04:31 UTC,2025-11-28 00:09:41+00:00,2025-11-28 00:09:41 UTC,0x57fd0b7ea87e313c1b73446124428fa1544db3d1e15844115499aa974c278865,0x7bf67d7a1b714f95ea46004911f386c78dbe22a9,True,No,0.0,False,,100,1111.111111111111,2.0,0.0,-102.0,-1.0
12641,TikTok banned in the US before May 2025?,tiktok-banned-in-the-us-before-may-2025,507276,tiktok-banned-in-the-us-before-may-2025,No,0.012850434911541156,904956.44,11629.08,1.3%,,,,,,,,,,2026-05-28 01:02:43 UTC,2025-01-20 16:42:45+00:00,2025-01-20 16:42:45 UTC,0x7edd696710a61975eb61b8570f4e6abd645463ba0af208c2c585dbe1b9040726,0xfd3da6e061496839faef9da8a6b41c6efcff06ed,True,Yes,0.0,False,,100,7781.837789022113,2.0,0.0,-102.0,-1.0
11322,Will Biden finish his term?,will-biden-complete-his-term-as-president,503013,will-biden-complete-his-term-as-president,No,0.09,124200.0,11178.0,9.0%,,,,,,,,,,2026-05-28 01:01:35 UTC,2024-11-17 06:46:32+00:00,2024-11-17 06:46:32 UTC,0xae474d6b00dd0bf73f90750cc7ce4c12cd8c7dbf3b8686a0f0af5c9551f3f12d,0x80c228786e4940904fccdd54999edce5d3cbec5e,True,Yes,0.0,False,,100,1111.111111111111,2.0,0.0,-102.0,-1.0
17174,Was JFK assassination an inside job?,was-jfk-assassination-an-inside-job-march-31,519906,was-jfk-assassination-an-inside-job-march-31,Yes,0.044369510492825545,251752.6084,11170.14,4.4%,,,,,,,,,,2026-05-28 01:04:59 UTC,2025-03-18 18:09:17+00:00,2025-03-18 18:09:17 UTC,0x844d39cb911f145a88de20ffbd769d267698a4435a974faf6d511d3ee2aef5a8,0x7307e4b988a219d4df933a6e512e3f642f3f6475,True,No,0.0,False,,100,2253.79993804912,2.0,0.0,-102.0,-1.0
11696,No change in Fed interest rates after 2024 September meeting?,fed-interest-rates-september-2024,504071,no-change-in-fed-interest-rates-after-2024-september-meeting,Yes,0.05020717279972069,214538.070924,10771.35,5.0%,,,,,,,,,,2026-05-28 01:01:55 UTC,2024-09-01 08:45:00+00:00,2024-09-01 08:45:00 UTC,0x380e6b276f58d5fd4d82605f06cb8eeaa19f9927a8b76359cb9595bd1475f02e,0x2373809dadc2c73d05038df89e9399560f445b7f,True,No,0.0,False,,100,1991.7472827818005,2.0,0.0,-102.0,-1.0
17413,Will China invade Taiwan in 2025?,will-china-invade-taiwan-in-2025,520630,will-china-invade-taiwan-in-2025,Yes,0.06414430021194996,159551.81,10234.34,6.4%,,,,,,,,,,2026-05-28 01:05:00 UTC,2025-09-19 00:06:08+00:00,2025-09-19 00:06:08 UTC,0xa61edfcc3350d03c0ebe98582e00e673b94e2ebd141238e249f4a900fee034a8,0x9aeb26fffc9ce02d02390ffc6035bfb809542f31,True,No,0.0,False,,100,1558.9849709104815,2.0,0.0,-102.0,-1.0
11143,Will Trump launch a coin before the election?,will-trump-launch-a-coin-before-the-election,502571,will-trump-launch-a-coin-before-the-election,No,0.030597676256233965,334407.094,10232.08,3.1%,,,,,,,,,,2026-05-28 01:01:31 UTC,2024-10-16 19:49:54+00:00,2024-10-16 19:49:54 UTC,0xc163509c44812fa4cd3d01ea0411462c68f82bcf8a666c1945834232f6aed125,0x19de3dea8c8768977e47a61ce3f86f606294fb52,True,Yes,0.0,False,,100,3268.2220428300016,2.0,0.0,-102.0,-1.0
16108,Russia x Ukraine ceasefire in 2025?,russia-x-ukraine-ceasefire-in-2025,516719,russia-x-ukraine-ceasefire-in-2025,Yes,0.09,113619.94,10225.79,9.0%,,,,,,,,,,2026-05-28 01:04:31 UTC,2025-12-02 20:04:17+00:00,2025-12-02 20:04:17 UTC,0x285e8faab8f7b508a81f11d8625a47c3fc0d925b67e67f5567450ff0b03ccc97,0x576ded3808e7bff5adad7e6729748ee6636972ed,True,No,0.0,False,,100,1111.111111111111,2.0,0.0,-102.0,-1.0
15064,South Korean President impeached in 2024?,south-korean-president-impeached-in-2024,514580,south-korean-president-impeached-in-2024,No,0.09,113454.39,10210.9,9.0%,,,,,,,,,,2026-05-28 01:04:09 UTC,2024-12-14 07:06:17+00:00,2024-12-14 07:06:17 UTC,0x9c04f8c7c4cda96dbc523da305cd0e85af9c2c4bb31159bc1aa614d250f424cd,0x1cba7e44bcfd5acc4513f554ab9e86453d086a4c,True,Yes,0.0,False,,100,1111.111111111111,2.0,0.0,-102.0,-1.0
11887,Tim Walz replaced as Democratic VP nominee?,tim-walz-out-as-democratic-vp-nominee,504598,tim-walz-out-as-democratic-vp-nominee,Yes,0.07067765229290458,143255.89025,10124.99,7.1%,,,,,,,,,,2026-05-28 01:02:11 UTC,2024-08-09 14:06:05+00:00,2024-08-09 14:06:05 UTC,0xd93926145fc78e0ed4c382cb548c85ebb217cf338b95b073d2a9a3767dcb8be9,0x04e70777950ebadf374db057540fc16b5434fb06,True,No,0.0,False,,100,1414.8743875302594,2.0,0.0,-102.0,-1.0
17140,Fed decreases interest rates by 25 bps after May 2025 meeting?,fed-decision-in-may-2025,519777,fed-decreases-interest-rates-by-25-bps-after-may-2025-meeting,Yes,0.025431044619245023,397152.384073,10100.0,2.5%,,,,,,,,,,2026-05-28 01:04:55 UTC,2025-05-05 16:52:11+00:00,2025-05-05 16:52:11 UTC,0x098b0345389e4abe30b8460f6536e558f70abbe316754d9d81333f431db3f85e,0x0cc58d365c2a250b21e81420955a13be7c987952,True,No,0.0,False,,100,3932.2018225049505,2.0,0.0,-102.0,-1.0
16180,Maduro out in 2025?,maduro-out-in-2025,516947,maduro-out-in-2025-411,Yes,0.09,112000.0,10080.0,9.0%,,,,,,,,,,2026-05-28 01:04:29 UTC,2025-12-09 01:55:33+00:00,2025-12-09 01:55:33 UTC,0x9709e7d4ac755a56a1a0d973b4b1cf7d8a7dcb3c56628f4173186f9eb6afd1ee,0xa31f9b25803d9e2c5cd64801b1852702e0afc016,True,No,0.0,False,,100,1111.111111111111,2.0,0.0,-102.0,-1.0
11143,Will Trump launch a coin before the election?,will-trump-launch-a-coin-before-the-election,502571,will-trump-launch-a-coin-before-the-election,No,0.022905462406818462,436867.408362,10006.65,2.3%,,,,,,,,,,2026-05-28 01:01:31 UTC,2024-10-16 12:56:02+00:00,2024-10-16 12:56:02 UTC,0xc62bae977d2dd8676a4155172e4bc1081860eb14c59b41b4bab880a2cfd7eadb,0x3d1ecf16942939b3603c2539a406514a40b504d0,True,Yes,0.0,False,,100,4365.770846443692,2.0,0.0,-102.0,-1.0
10588,Will Michael Flynn win the 2024 Republican VP nomination?,republican-vp-supplemental,501433,will-michael-flynn-win-the-2024-republican-vp-nomination,Yes,0.08798199188193542,113659.622658,10000.0,8.8%,,,,,,,,,,2026-05-28 01:01:21 UTC,2024-07-03 19:00:54+00:00,2024-07-03 19:00:54 UTC,0xb57b02adcd4aa0d4af5161d3d95d14c2375edad6dfd570f9a7ed4649d476e7f9,0xc4dced307aad0c8ea95bac8fa0c736062caa2d07,True,No,0.0,False,,100,1136.5962268073192,2.0,0.0,-102.0,-1.0
12641,TikTok banned in the US before May 2025?,tiktok-banned-in-the-us-before-may-2025,507276,tiktok-banned-in-the-us-before-may-2025,No,0.017018249252733337,587604.509165,10000.0,1.7%,,,,,,,,,,2026-05-28 01:02:43 UTC,2025-01-21 14:38:52+00:00,2025-01-21 14:38:52 UTC,0x21104d8c14cbb9b6e62282f60dc3918c1b72320c79a96d5f2bf91b5502e873de,0xd74b234cd9ec2e7849a6d1d8d624478c6702924e,True,Yes,0.0,False,,100,5876.045092237604,2.0,0.0,-102.0,-1.0
15437,Will Biden pardon SBF?,who-will-biden-pardon,500502,will-biden-pardon-sbf-this-term,Yes,0.06689765683672755,149482.066665,10000.0,6.7%,,,,,,,,,,2026-05-28 01:04:14 UTC,2024-12-28 13:34:14+00:00,2024-12-28 13:34:14 UTC,0xf1deedc82335fad94a5b3dfa0b4ed4d8abb93c7f23d3430643c05e7b1b75f93a,0x52a0129e7e3832883e8e6141e737d8fa89f66b20,True,No,0.0,False,,100,1494.820666799482,2.0,0.0,-102.0,-1.0
16180,Maduro out in 2025?,maduro-out-in-2025,516947,maduro-out-in-2025-411,Yes,0.08352777139006293,119720.660956,10000.0,8.4%,,,,,,,,,,2026-05-28 01:04:28 UTC,2025-12-25 22:45:41+00:00,2025-12-25 22:45:41 UTC,0xe5f5a13f85d65040ac076df4b8f4e737019183d667012fa62fd904605289d0d9,0x168b100d7a6620a2f49a455344c2c006eaf1714b,True,No,0.0,False,,100,1197.2066096797205,2.0,0.0,-102.0,-1.0
16180,Maduro out in 2025?,maduro-out-in-2025,516947,maduro-out-in-2025-411,Yes,0.08088661898924816,123629.842908,10000.0,8.1%,,,,,,,,,,2026-05-28 01:04:28 UTC,2025-12-25 22:32:21+00:00,2025-12-25 22:32:21 UTC,0xe0cc926d166bfa14063a263f9d06ef101f15828913aea208476294a19af59d88,0x168b100d7a6620a2f49a455344c2c006eaf1714b,True,No,0.0,False,,100,1236.29842920363,2.0,0.0,-102.0,-1.0
14220,Fed decreases interest rates by 25 bps after January 2025 meeting?,fed-interest-rates-january-2025,512323,fed-decreases-interest-rates-by-25-bps-after-january-2025-meeting,Yes,0.08999999999207944,111103.333332,9999.3,9.0%,,,,,,,,,,2026-05-28 01:03:49 UTC,2025-01-04 12:49:01+00:00,2025-01-04 12:49:01 UTC,0xff1c95b301a4376a5031aacc085da7049d946fd3fbad419d771c9c6b76ffa950,0x611c20bf7fdc4e88ec4f0172c99efcaa30d5c982,True,No,0.0,False,,100,1111.1111112088959,2.0,0.0,-102.0,-1.0
11322,Will Biden finish his term?,will-biden-complete-his-term-as-president,503013,will-biden-complete-his-term-as-president,No,0.08999999999207867,111092.333332,9998.31,9.0%,,,,,,,,,,2026-05-28 01:01:35 UTC,2024-11-15 20:38:26+00:00,2024-11-15 20:38:26 UTC,0x975f238f8e0d9917e5bda76d55d12ec4841b995d3db596134895ef33e11d2820,0x6f974b58bccbe327f08438641fb23ef0fd2a521a,True,Yes,0.0,False,,100,1111.1111112089054,2.0,0.0,-102.0,-1.0
12327,Will there be a US Government shutdown? ,us-government-shutdown-before-2025,506202,us-government-shutdown-before-2025,No,0.02701381002032379,370087.743694,9997.48,2.7%,,,,,,,,,,2026-05-28 01:02:35 UTC,2024-12-21 11:20:07+00:00,2024-12-21 11:20:07 UTC,0xe5412b26c18fc2487dd53bec8e53bacb5c5e54807042cf861340314cae8bcd94,0xefc6824d0dc655b21f4b8b8e61f27466741f0b2d,True,Yes,0.0,False,,100,3701.8102935041443,2.0,0.0,-102.0,-1.0
12641,TikTok banned in the US before May 2025?,tiktok-banned-in-the-us-before-may-2025,507276,tiktok-banned-in-the-us-before-may-2025,No,0.01291743531097095,773386.55,9990.17,1.3%,,,,,,,,,,2026-05-28 01:02:43 UTC,2025-01-20 17:34:55+00:00,2025-01-20 17:34:55 UTC,0xb1e513153d046ace4ef9e6a5a1befdb64fd0b1aa2a1a26bebf33efb530198581,0xa3df91b624c93cf6bf4867ba9131c4ca33941eeb,True,Yes,0.0,False,,100,7741.474804605266,2.0,0.0,-102.0,-1.0
11143,Will Trump launch a coin before the election?,will-trump-launch-a-coin-before-the-election,502571,will-trump-launch-a-coin-before-the-election,No,0.0326516450810403,304660.606665,9947.67,3.3%,,,,,,,,,,2026-05-28 01:01:31 UTC,2024-10-16 21:03:10+00:00,2024-10-16 21:03:10 UTC,0xb5a593e307447032072a3cf472ecd04c5c94e18f0555f3b09b162cbc462a7dd7,0x1f5514a35cfe9ba669a3899acfde81ecde1d6f08,True,Yes,0.0,False,,100,3062.632824527013,2.0,0.0,-102.0,-1.0
12641,TikTok banned in the US before May 2025?,tiktok-banned-in-the-us-before-may-2025,507276,tiktok-banned-in-the-us-before-may-2025,No,0.05940143845386355,167420.188094,9945.0,5.9%,,,,,,,,,,2026-05-28 01:02:43 UTC,2025-01-19 18:03:03+00:00,2025-01-19 18:03:03 UTC,0x86684154a377e9d8792778d40159ae6c6d0a6f68a5d0e0a6410378a15d895ff5,0x7848c1a25f393e1bfab3c9988e9b96e293cdc9e2,True,Yes,0.0,False,,100,1683.4609161471553,2.0,0.0,-102.0,-1.0
10223,"2024 Balance of Power: D Prez, R Senate, R House",balance-of-power-2024-election,500638,2024-balance-of-power-democratic-presidency-republican-house-and-senate,Yes,0.06559630346690985,151563.41857,9942.0,6.6%,,,,,,,,,,2026-05-28 01:01:13 UTC,2024-11-05 12:22:40+00:00,2024-11-05 12:22:40 UTC,0xc1d3df9025236f2f2321ad8dc196e350226221cfa558239e6f99a8d92c712817,0xf1a7348aa03b584f7b5f09f02121d78cb347beda,True,No,0.0,False,,100,1524.476147507994,2.0,0.0,-102.0,-1.0
16547,U.S. Government funding lapse on March 15?,us-government-funding-lapse-on-march-15,518009,us-government-funding-lapse-on-march-15,No,0.013290056755361091,746442.26,9920.26,1.3%,,,,,,,,,,2026-05-28 01:04:41 UTC,2025-03-17 07:57:33+00:00,2025-03-17 07:57:33 UTC,0xa938c7ae0ab9c61384c07bbaace9e2632a8a3e57d0ada2d129358f58ebdf68d5,0x696e12c81e330b7f4d948344ad98feffbbeb7593,True,Yes,0.0,False,,100,7524.422343769215,2.0,0.0,-102.0,-1.0
14199,Will Trump create Bitcoin reserve in first 100 days?,will-trump-create-a-national-bitcoin-reserve-in-his-first-100-days,512250,will-trump-create-a-national-bitcoin-reserve-in-his-first-100-days,Yes,0.035725984853568246,272742.656051,9744.0,3.6%,,,,,,,,,,2026-05-28 01:03:36 UTC,2025-04-29 20:10:02+00:00,2025-04-29 20:10:02 UTC,0x6c6d8f7cb31e40fad83e5f2cd51728fee988b85ace93106487b36ccc63520b7e,0x0ad1e8f8c9ea4c023ce41da0d7f6914a57025d7c,True,No,0.0,False,,100,2799.083087838576,2.0,0.0,-102.0,-1.0
12641,TikTok banned in the US before May 2025?,tiktok-banned-in-the-us-before-may-2025,507276,tiktok-banned-in-the-us-before-may-2025,No,0.015998211950585345,599882.75,9597.05,1.6%,,,,,,,,,,2026-05-28 01:02:43 UTC,2025-01-21 15:23:08+00:00,2025-01-21 15:23:08 UTC,0xd386ee3685b7a4fabe3cfd32d1d5fadd7cc003ad9a372ea59d7caa0eea472704,0xfd3da6e061496839faef9da8a6b41c6efcff06ed,True,Yes,0.0,False,,100,6250.698534866028,2.0,0.0,-102.0,-1.0
17140,Fed decreases interest rates by 25 bps after May 2025 meeting?,fed-decision-in-may-2025,519777,fed-decreases-interest-rates-by-25-bps-after-may-2025-meeting,Yes,0.02545954202983516,373141.040356,9500.0,2.5%,,,,,,,,,,2026-05-28 01:04:55 UTC,2025-05-06 19:35:14+00:00,2025-05-06 19:35:14 UTC,0xa9a19a85c0847d664f4b2b3bff154fac2e39ba938b0997227114106060060dbb,0x805d946b484951a4c11661a89b1943bacd58e14e,True,No,0.0,False,,100,3927.8004248,2.0,0.0,-102.0,-1.0
11322,Will Biden finish his term?,will-biden-complete-his-term-as-president,503013,will-biden-complete-his-term-as-president,No,0.08947820591310245,106171.0,9499.99,8.9%,,,,,,,,,,2026-05-28 01:01:35 UTC,2024-11-08 01:43:46+00:00,2024-11-08 01:43:46 UTC,0xdce579c10c468960e960097c78ecc56eb971b6d37a2e18554ed5014f1986bee5,0x80c228786e4940904fccdd54999edce5d3cbec5e,True,Yes,0.0,False,,100,1117.5905795106787,2.0,0.0,-102.0,-1.0
16180,Maduro out in 2025?,maduro-out-in-2025,516947,maduro-out-in-2025-411,Yes,0.06245928739379563,149742.182296,9352.79,6.2%,,,,,,,,,,2026-05-28 01:04:28 UTC,2025-12-26 02:09:29+00:00,2025-12-26 02:09:29 UTC,0x6e0526db4e587563a5911db338436fc4387b64e75774f73c7fdb57017b2eb423,0x168b100d7a6620a2f49a455344c2c006eaf1714b,True,No,0.0,False,,100,1601.042922080047,2.0,0.0,-102.0,-1.0
11143,Will Trump launch a coin before the election?,will-trump-launch-a-coin-before-the-election,502571,will-trump-launch-a-coin-before-the-election,No,0.02591287216361072,360125.55,9331.89,2.6%,,,,,,,,,,2026-05-28 01:01:31 UTC,2024-10-16 18:28:39+00:00,2024-10-16 18:28:39 UTC,0x6024a3fdac93b2ff6d06b41b4ab5e61a8d8b3d9a9ca5051454a5c94512e36692,0x676146d7f28f2cef63419a60bb1fb4afec5da94f,True,Yes,0.0,False,,100,3859.085915625724,2.0,0.0,-102.0,-1.0
12641,TikTok banned in the US before May 2025?,tiktok-banned-in-the-us-before-may-2025,507276,tiktok-banned-in-the-us-before-may-2025,No,0.015236319600646333,610979.24,9309.07,1.5%,,,,,,,,,,2026-05-28 01:02:43 UTC,2025-01-21 16:40:39+00:00,2025-01-21 16:40:39 UTC,0xec5520feb22fc3d0898abf43a7adda52658f7c436fe289c10c1fb8738dfd1d4e,0x56277ff2a2098bec1d072d5a42e2f243b6efd59c,True,Yes,0.0,False,,100,6563.264792355625,2.0,0.0,-102.0,-1.0
11696,No change in Fed interest rates after 2024 September meeting?,fed-interest-rates-september-2024,504071,no-change-in-fed-interest-rates-after-2024-september-meeting,Yes,0.021762458107751754,413556.224,9000.0,2.2%,,,,,,,,,,2026-05-28 01:01:55 UTC,2024-09-12 09:32:31+00:00,2024-09-12 09:32:31 UTC,0x7085df351a86edc6e151aef1f1b6b0e836fc429940a61edf0f1ad6c2e2805968,0x410005f9ad15667d651f1175e85f79ceb6f40609,True,No,0.0,False,,100,4595.069155555555,2.0,0.0,-102.0,-1.0
11696,No change in Fed interest rates after 2024 September meeting?,fed-interest-rates-september-2024,504071,no-change-in-fed-interest-rates-after-2024-september-meeting,Yes,0.048898078592175556,184056.311784,9000.0,4.9%,,,,,,,,,,2026-05-28 01:01:55 UTC,2024-09-02 07:14:42+00:00,2024-09-02 07:14:42 UTC,0x8d6e7fd7b7e4ca7a2fe2293869c0eaedf232e5f32564dd7c0357acc2540613e7,0x2373809dadc2c73d05038df89e9399560f445b7f,True,No,0.0,False,,100,2045.0701311605633,2.0,0.0,-102.0,-1.0
11143,Will Trump launch a coin before the election?,will-trump-launch-a-coin-before-the-election,502571,will-trump-launch-a-coin-before-the-election,No,0.03357959066252717,265085.43,8901.46,3.4%,,,,,,,,,,2026-05-28 01:01:31 UTC,2024-10-16 19:58:22+00:00,2024-10-16 19:58:22 UTC,0x3e46022975982bbcefb51844d30a890116c0778f170372ec29ed27c22b716f47,0x676146d7f28f2cef63419a60bb1fb4afec5da94f,True,Yes,0.0,False,,100,2977.999374828415,2.0,0.0,-102.0,-1.0
11322,Will Biden finish his term?,will-biden-complete-his-term-as-president,503013,will-biden-complete-his-term-as-president,No,0.09,98857.35,8897.16,9.0%,,,,,,,,,,2026-05-28 01:01:35 UTC,2024-11-14 17:18:33+00:00,2024-11-14 17:18:33 UTC,0xc9a9a9962a35ab1b8ff8e93bb7acbc21a59c1d1871c98b5ee76984ec029b60c8,0x8d3bfe9af74fd03180c89fec9d330938528f3701,True,Yes,0.0,False,,100,1111.111111111111,2.0,0.0,-102.0,-1.0
12641,TikTok banned in the US before May 2025?,tiktok-banned-in-the-us-before-may-2025,507276,tiktok-banned-in-the-us-before-may-2025,No,0.011436330294691889,742147.155713,8487.44,1.1%,,,,,,,,,,2026-05-28 01:02:43 UTC,2025-01-20 17:47:03+00:00,2025-01-20 17:47:03 UTC,0xf94cdeffb3c20a860058411cdafd9d788492bb6805fb06ad5cc19f63b5b8879a,0xebf765c5db4007ffd065754a547edeec83040741,True,Yes,0.0,False,,100,8744.063648320342,2.0,0.0,-102.0,-1.0
11827,Fed decreases interest rates by 50 bps after November 2024 meeting?,fed-interest-rates-november-2024,504491,fed-decreases-interest-rates-by-50-bps-after-november-2024-meeting,Yes,0.049777465534222465,167315.97,8328.56,5.0%,,,,,,,,,,2026-05-28 01:02:04 UTC,2024-10-21 11:28:53+00:00,2024-10-21 11:28:53 UTC,0x1539746cf387480096164f52435cc7f72d57f06e98523e167e37fdf690144816,0x9847bad49d09a720cb08575ea5b20eeda5a9a3d5,True,No,0.0,False,,100,2008.9411730143047,2.0,0.0,-102.0,-1.0
16180,Maduro out in 2025?,maduro-out-in-2025,516947,maduro-out-in-2025-411,Yes,0.08635516964295155,94581.0,8167.56,8.6%,,,,,,,,,,2026-05-28 01:04:29 UTC,2025-12-11 12:48:25+00:00,2025-12-11 12:48:25 UTC,0x53982b55fd509b3406067c908bd687ccd7c8190857d6cbaed1a7fc9a9936e2a2,0xa31f9b25803d9e2c5cd64801b1852702e0afc016,True,No,0.0,False,,100,1158.0082630080522,2.0,0.0,-102.0,-1.0
15437,Will Biden pardon SBF?,who-will-biden-pardon,500502,will-biden-pardon-sbf-this-term,Yes,0.085311519576402,93659.801615,7990.26,8.5%,,,,,,,,,,2026-05-28 01:04:14 UTC,2024-12-24 15:53:09+00:00,2024-12-24 15:53:09 UTC,0x404d284ec83f3ff7f4705d0a555491038e0f9e1d104ceb36fbba4cc3936c6306,0x0914c946a8e2843113494be5676c0c82c02b9c93,True,No,0.0,False,,100,1172.1746429618279,2.0,0.0,-102.0,-1.0
10656,Will a Republican win the popular vote and a Democrat win the Presidency?,which-party-wins-presidency-popular-vote,501588,will-a-republican-win-the-popular-vote-and-a-democrat-win-the-presidency,Yes,0.03695409641732763,213441.51,7887.54,3.7%,,,,,,,,,,2026-05-28 01:01:21 UTC,2024-11-06 02:01:21+00:00,2024-11-06 02:01:21 UTC,0x489cdd55fb5d83d9818eeb6c41626bd0c66c08ddef072e4d21a4b5371a0cea30,0xcf0d7f69cf162918b33fc1ea7449583fa537132d,True,No,0.0,False,,100,2706.0599417906587,2.0,0.0,-102.0,-1.0
11322,Will Biden finish his term?,will-biden-complete-his-term-as-president,503013,will-biden-complete-his-term-as-president,No,0.07,111837.37,7828.62,7.0%,,,,,,,,,,2026-05-28 01:01:35 UTC,2024-11-06 21:56:18+00:00,2024-11-06 21:56:18 UTC,0x930b9d7031682682a293de9a07edc4c6528b3906d26e6f89bb61c526f99f6e08,0x10b30364936b03d26b3fd01a63d1f991454b40d4,True,Yes,0.0,False,,100,1428.5714285714284,2.0,0.0,-102.0,-1.0
16475,Will Trump acquire Greenland in 2025?,will-trump-acquire-greenland-in-2025,517817,will-trump-acquire-greenland-in-2025,Yes,0.09689349257759843,80500.762141,7800.0,9.7%,,,,,,,,,,2026-05-28 01:04:36 UTC,2025-04-29 05:08:38+00:00,2025-04-29 05:08:38 UTC,0x4abfb76b348ca7489a0f0cc7140fbe0001c68fda2e42f4e22ad77d8093ee3945,0xbfaf94e2cfff15fdfd8e8d3f09c7eb620fca4513,True,No,0.0,False,,100,1032.0610532220592,2.0,0.0,-102.0,-1.0
11910,Democrats win popular vote by 4-5%?,popular-vote-margin-of-victory-in-presidential-election,504703,democrats-win-popular-vote-by-4-5,Yes,0.07,109495.72,7664.7,7.0%,,,,,,,,,,2026-05-28 01:02:08 UTC,2024-10-24 12:53:27+00:00,2024-10-24 12:53:27 UTC,0x51578eab651bb6e94aabe396ca484902cabbfef2d8c5406417c677ca20750053,0x26f3d7a58d7e896379b94270a129c91491ee32e8,True,No,0.0,False,,100,1428.5714285714284,2.0,0.0,-102.0,-1.0
17140,Fed decreases interest rates by 25 bps after May 2025 meeting?,fed-decision-in-may-2025,519777,fed-decreases-interest-rates-by-25-bps-after-may-2025-meeting,Yes,0.026615336914552364,279523.044284,7439.6,2.7%,,,,,,,,,,2026-05-28 01:04:55 UTC,2025-05-04 12:40:57+00:00,2025-05-04 12:40:57 UTC,0xea196d38a45f5464dbb1a0aa2ce75e3174c7571ddf0e2ad639ae0599897318ea,0xa97778f5a610bc3b3eaab5593e4f3a9f7c84f43d,True,No,0.0,False,,100,3757.232167341958,2.0,0.0,-102.0,-1.0
16108,Russia x Ukraine ceasefire in 2025?,russia-x-ukraine-ceasefire-in-2025,516719,russia-x-ukraine-ceasefire-in-2025,Yes,0.08,91451.83,7316.15,8.0%,,,,,,,,,,2026-05-28 01:04:33 UTC,2025-11-20 10:21:57+00:00,2025-11-20 10:21:57 UTC,0xad21d56ac7cd4b329e8182f871c7693a01fb7dbc8511ee34a9519e4607ccf4d4,0xd93cea39533c6146e0b2e8361afeed930a12689c,True,No,0.0,False,,100,1250.0,2.0,0.0,-102.0,-1.0
14220,Fed decreases interest rates by 25 bps after January 2025 meeting?,fed-interest-rates-january-2025,512323,fed-decreases-interest-rates-by-25-bps-after-january-2025-meeting,Yes,0.022224692532082903,329089.62,7313.92,2.2%,,,,,,,,,,2026-05-28 01:03:46 UTC,2025-01-27 09:14:56+00:00,2025-01-27 09:14:56 UTC,0x6d5bab105de00ea9860a1c113ba362b456cedbd9755d8fcd195965d9bbce90ba,0x1fbf9c2d7523bad291637848f561e42c400e2f3f,True,No,0.0,False,,100,4499.499817855432,2.0,0.0,-102.0,-1.0
16180,"Maduro out by January 31, 2026?",maduro-out-in-2025,916440,maduro-out-by-january-31-2026-318,Yes,0.08181498920411762,88186.774443,7215.0,8.2%,,,,,,,,,,2026-05-28 01:04:28 UTC,2026-01-03 02:58:25+00:00,2026-01-03 02:58:25 UTC,0x78d0e84d2e4626da896825c067f02b146c979c52d9ad597d85572c4593a8a6e6,0x31a56e9e690c621ed21de08cb559e9524cdb8ed9,True,Yes,0.0,True,,100,1222.2699162193028,2.0,1222.2699162193028,1120.2699162193028,10.98303839430689
12327,Will there be a US Government shutdown? ,us-government-shutdown-before-2025,506202,us-government-shutdown-before-2025,No,0.016211646836705174,443361.93,7187.63,1.6%,,,,,,,,,,2026-05-28 01:02:35 UTC,2024-12-22 22:16:18+00:00,2024-12-22 22:16:18 UTC,0x0677f838085dd4d14e89dd621429e9aee8454c3395ef1337a47d280884ccde20,0x3421306ace4a6a112a97552ee99a3fea4f6ae48e,True,Yes,0.0,False,,100,6168.404789918543,2.0,0.0,-102.0,-1.0
16180,Maduro out in 2025?,maduro-out-in-2025,516947,maduro-out-in-2025-411,Yes,0.08875008187782156,80680.150908,7160.37,8.9%,,,,,,,,,,2026-05-28 01:04:29 UTC,2025-12-18 12:32:46+00:00,2025-12-18 12:32:46 UTC,0x9edb88f5ab17350c940cd5ec03d58bb35bcb0830d3b888f8affb380bc9858461,0x3c161af644a747d70ee2fb3463c5ef8274d30489,True,No,0.0,False,,100,1126.759523869124,2.0,0.0,-102.0,-1.0
14220,Fed decreases interest rates by 25 bps after January 2025 meeting?,fed-interest-rates-january-2025,512323,fed-decreases-interest-rates-by-25-bps-after-january-2025-meeting,Yes,0.0623855625051632,114270.24,7128.81,6.2%,,,,,,,,,,2026-05-28 01:03:49 UTC,2025-01-08 19:47:02+00:00,2025-01-08 19:47:02 UTC,0x03d6affdae557ce2b9143ed2f11a248a4850d42c2f0ae3b78d188f1c3b64b5ef,0xa55ce71987243538f7e44e199e20def2958274ba,True,No,0.0,False,,100,1602.9349738046158,2.0,0.0,-102.0,-1.0
17140,Fed decreases interest rates by 25 bps after May 2025 meeting?,fed-decision-in-may-2025,519777,fed-decreases-interest-rates-by-25-bps-after-may-2025-meeting,Yes,0.02112796192338153,336252.499165,7104.33,2.1%,,,,,,,,,,2026-05-28 01:04:55 UTC,2025-05-07 13:36:45+00:00,2025-05-07 13:36:45 UTC,0x05fa5a2a43a82c61abc6ac4a71def46e189233a84459f1be2031935a741e8b52,0xf7a71f337850a323def04701b9e781bed9ec629a,True,No,0.0,False,,100,4733.064190603908,2.0,0.0,-102.0,-1.0
16180,"Maduro out by January 31, 2026?",maduro-out-in-2025,916440,maduro-out-by-january-31-2026-318,Yes,0.08,87500.0,7000.0,8.0%,,,,,,,,,,2026-05-28 01:04:28 UTC,2026-01-03 02:15:05+00:00,2026-01-03 02:15:05 UTC,0x845d5e6b9d0f1592cd280e69a08d2fa28aeb969033ff633448f203a55946750c,0x31a56e9e690c621ed21de08cb559e9524cdb8ed9,True,Yes,0.0,True,,100,1250.0,2.0,1250.0,1148.0,11.254901960784315
17792,Fed decreases interest rates by 25 bps after June 2025 meeting?,fed-decision-in-june,521835,fed-decreases-interest-rates-by-25-bps-after-june-2025-meeting,Yes,0.04370443175918399,160136.86,6998.69,4.4%,,,,,,,,,,2026-05-28 01:05:11 UTC,2025-05-29 15:53:55+00:00,2025-05-29 15:53:55 UTC,0x3d4f54436314c0997396a88044c03b46f5301b0bf0a87993d16cdac10f122d51,0xf63b97bff2280b0e51e30756939afaffca5c0806,True,No,0.0,False,,100,2288.097476041114,2.0,0.0,-102.0,-1.0
14874,Will Rafał Trzaskowski be the next President of Poland?,poland-presidential-election,514139,will-rafa-trzaskowski-be-the-next-president-of-poland,Yes,0.069,100000.0,6900.0,6.9%,,,,,,,,,,2026-05-28 01:04:01 UTC,2025-06-01 22:17:27+00:00,2025-06-01 22:17:27 UTC,0xaea3567919d8b97e46951c8eb358be73e6e3e2ca7972e2ae64655e162c078066,0x75049bd489194be19c45c31ed311e556411c9c69,True,No,0.0,False,,100,1449.2753623188405,2.0,0.0,-102.0,-1.0
11322,Will Biden finish his term?,will-biden-complete-his-term-as-president,503013,will-biden-complete-his-term-as-president,No,0.07283527675051,92188.99,6714.61,7.3%,,,,,,,,,,2026-05-28 01:01:35 UTC,2024-11-06 19:02:17+00:00,2024-11-06 19:02:17 UTC,0x4090bfee666a0dea4680dad48ddadae4ae0bfb9dcacc409e9d901e134d10f2e9,0x70cca61fbc25c807430fffa8f7716ada04e0ebcf,True,Yes,0.0,False,,100,1372.9610768493412,2.0,0.0,-102.0,-1.0
16432,Conservatives win majority in Canadian election?,will-the-conservative-party-win-a-majority-in-next-canadian-election,517600,will-the-conservative-party-win-a-majority-in-next-canadian-election,Yes,0.06590168868755948,100508.198362,6623.66,6.6%,,,,,,,,,,2026-05-28 01:04:36 UTC,2025-04-25 20:46:45+00:00,2025-04-25 20:46:45 UTC,0xe75d7e62cf7b462dddb0a4179e1debc5128e6502b1ff7ffa697ada0a8e069f81,0xa44e24c97fb0c1d7521ceba0b0224d0015b678f4,True,No,0.0,False,,100,1517.4117991740839,2.0,0.0,-102.0,-1.0
11696,No change in Fed interest rates after 2024 September meeting?,fed-interest-rates-september-2024,504071,no-change-in-fed-interest-rates-after-2024-september-meeting,Yes,0.04839407172743337,134328.436665,6500.7,4.8%,,,,,,,,,,2026-05-28 01:01:55 UTC,2024-08-31 01:52:42+00:00,2024-08-31 01:52:42 UTC,0x6129f98210889c3611700f8f9ed9c34c04b03d65647574f4650cbf50f49dbf17,0x2373809dadc2c73d05038df89e9399560f445b7f,True,No,0.0,False,,100,2066.3688016008073,2.0,0.0,-102.0,-1.0
10223,"2024 Balance of Power: D Prez, R Senate, R House",balance-of-power-2024-election,500638,2024-balance-of-power-democratic-presidency-republican-house-and-senate,Yes,0.05745068948716436,113140.504614,6500.0,5.7%,,,,,,,,,,2026-05-28 01:01:16 UTC,2024-09-20 18:17:57+00:00,2024-09-20 18:17:57 UTC,0xbd5252617787f4f0d987966cb627b58a9182b9f88a9256498ebbb8ba7a33970e,0x67aa610a0ab7465b4fb9aa1deded388973b430a6,True,No,0.0,False,,100,1740.6231481754805,2.0,0.0,-102.0,-1.0
10516,Other party wins the most seats in next UK election? ,uk-elections-who-will-win-most-seats,501262,other-party-wins-the-most-seats-in-next-uk-election,Yes,0.0244295228616946,264263.0,6455.82,2.4%,,,,,,,,,,2026-05-28 01:01:21 UTC,2024-05-04 23:00:33+00:00,2024-05-04 23:00:33 UTC,0x6882cf0138e6cfce66cabcb3c50e4b733e7483dd5d58bb9f58a515c996c91855,0xfffe4013adfe325c6e02d36dc66e091f5476f52c,True,No,0.0,False,,100,4093.40782323668,2.0,0.0,-102.0,-1.0
14874,Will Rafał Trzaskowski be the next President of Poland?,poland-presidential-election,514139,will-rafa-trzaskowski-be-the-next-president-of-poland,Yes,0.04499999999330292,141106.222221,6349.78,4.5%,,,,,,,,,,2026-05-28 01:04:01 UTC,2025-06-01 22:26:03+00:00,2025-06-01 22:26:03 UTC,0xb4b5d9af797164f2cde0053d1749dd5991ac1df7e42df94849f05d0a54dfec89,0xe627b7db690ea523b6ef6d4fab8ebafbced7ab1b,True,No,0.0,False,,100,2222.222222552942,2.0,0.0,-102.0,-1.0
11321,Will Biden announce resignation by July 31?,will-biden-resign-by-july-31,503011,will-biden-resign-by-july-31,Yes,0.07551484430305105,84064.91,6348.15,7.6%,,,,,,,,,,2026-05-28 01:01:36 UTC,2024-07-22 13:18:49+00:00,2024-07-22 13:18:49 UTC,0x19d46de7f502426f7313885376910d2771acb882220f0444361d42d6fa7e9b06,0x1d04d5b13ba31ca6f3b9526ded9cfe43519ced05,True,No,0.0,False,,100,1324.2429475016431,2.0,0.0,-102.0,-1.0
14220,No change in Fed interest rates after January 2025 meeting?,fed-interest-rates-january-2025,512324,no-change-in-fed-interest-rates-after-january-2025-meeting,No,0.027661570048210186,229366.46,6344.64,2.8%,,,,,,,,,,2026-05-28 01:03:45 UTC,2025-01-29 10:19:41+00:00,2025-01-29 10:19:41 UTC,0x240e383b53d89ad002dea87570eb9a7e06d56fe5b5f3b4bd3a61d8fa15873d9d,0xfd6387b5f8bc4615d1760c50dbf2c55ad35b2ae5,True,Yes,0.0,False,,100,3615.123791806257,2.0,0.0,-102.0,-1.0
16108,Russia x Ukraine ceasefire in 2025?,russia-x-ukraine-ceasefire-in-2025,516719,russia-x-ukraine-ceasefire-in-2025,Yes,0.06,104158.76,6249.53,6.0%,,,,,,,,,,2026-05-28 01:04:33 UTC,2025-11-19 22:37:49+00:00,2025-11-19 22:37:49 UTC,0x84fd8d2a956948d94b3210a768065f774368e5831d132feae0ce7c1e733ebcac,0xd93cea39533c6146e0b2e8361afeed930a12689c,True,No,0.0,False,,100,1666.6666666666667,2.0,0.0,-102.0,-1.0
16180,Maduro out in 2025?,maduro-out-in-2025,516947,maduro-out-in-2025-411,Yes,0.08,77985.08,6238.81,8.0%,,,,,,,,,,2026-05-28 01:04:29 UTC,2025-12-14 23:16:07+00:00,2025-12-14 23:16:07 UTC,0x27872f721ca7c8ae3dcf89504d29c50167a5bd8e0a26341194d875699cfbec1a,0xa4ea70ae1b06343d86640190bb1869c07863ad03,True,No,0.0,False,,100,1250.0,2.0,0.0,-102.0,-1.0
14220,No change in Fed interest rates after January 2025 meeting?,fed-interest-rates-january-2025,512324,no-change-in-fed-interest-rates-after-january-2025-meeting,No,0.03461722241458981,179718.451281,6221.35,3.5%,,,,,,,,,,2026-05-28 01:03:45 UTC,2025-01-29 10:19:33+00:00,2025-01-29 10:19:33 UTC,0xc2540fca252e1cb126ca381d92f1dccbaefef0eb6781a2ca361ee66dbf3cda2c,0xfd6387b5f8bc4615d1760c50dbf2c55ad35b2ae5,True,Yes,0.0,False,,100,2888.7355202089784,2.0,0.0,-102.0,-1.0
12120,Favorite to win on Polymarket day before election?,favorite-to-win-on-polymarket-day-before-election,505437,favorite-to-win-on-polymarket-day-before-election,Kamala,0.08,76674.75,6133.98,8.0%,,,,,,,,,,2026-05-28 01:02:21 UTC,2024-11-01 23:35:32+00:00,2024-11-01 23:35:32 UTC,0xba220b333193423d4e9b2d9ae8d5b798faff421ef20aab319b3cad6d3667433c,0xf8ba34bf0e95d952d05b578bfbc0833f9242a286,True,Trump,0.0,False,,100,1250.0,2.0,0.0,-102.0,-1.0
16432,Conservatives win majority in Canadian election?,will-the-conservative-party-win-a-majority-in-next-canadian-election,517600,will-the-conservative-party-win-a-majority-in-next-canadian-election,Yes,0.07083404303852876,86116.784209,6100.0,7.1%,,,,,,,,,,2026-05-28 01:04:36 UTC,2025-04-27 00:45:59+00:00,2025-04-27 00:45:59 UTC,0xa5d9f67e4657695783d4a36d9fa8151991c5e19ccdab71d31ae607057d1e92df,0x04c3045da7e7896f9444cfce96af135e9962eb1f,True,No,0.0,False,,100,1411.7505610347132,2.0,0.0,-102.0,-1.0
12641,TikTok banned in the US before May 2025?,tiktok-banned-in-the-us-before-may-2025,507276,tiktok-banned-in-the-us-before-may-2025,No,0.05381227987665005,113138.27,6088.23,5.4%,,,,,,,,,,2026-05-28 01:02:43 UTC,2025-01-19 19:12:41+00:00,2025-01-19 19:12:41 UTC,0x4051f89f59d82041c0a9d10bffb1f5d49b246b79a1e10159c25757a1dc39437b,0xc2ebf5fd45fcd50fc55e4f7b10f2a3d1317dcd8d,True,Yes,0.0,False,,100,1858.311898868115,2.0,0.0,-102.0,-1.0
11639,Will Biden resign before the election?,biden-resigns-from-presidency-before-election,503972,biden-resigns-from-presidency-before-election,Yes,0.049797728005407396,120487.424614,6000.0,5.0%,,,,,,,,,,2026-05-28 01:01:51 UTC,2024-09-20 07:37:05+00:00,2024-09-20 07:37:05 UTC,0x95022a76b34c6cd1322e88afc7c579c22e8426dc99fac9fdba4ed2a4cc239a4e,0x3df2523e76a5a2b003917165ea22fa5004bfacef,True,No,0.0,False,,100,2008.123743901354,2.0,0.0,-102.0,-1.0
11696,No change in Fed interest rates after 2024 September meeting?,fed-interest-rates-september-2024,504071,no-change-in-fed-interest-rates-after-2024-september-meeting,Yes,0.0181287297623721,330966.3765,6000.0,1.8%,,,,,,,,,,2026-05-28 01:01:54 UTC,2024-09-17 03:00:13+00:00,2024-09-17 03:00:13 UTC,0x57683ad2f455b58dd629593a8c77de267c310bc8904d013c4e05ba33fb84c5ad,0x2373809dadc2c73d05038df89e9399560f445b7f,True,No,0.0,False,,100,5516.106275,2.0,0.0,-102.0,-1.0
16180,"Maduro out by January 31, 2026?",maduro-out-in-2025,916440,maduro-out-by-january-31-2026-318,Yes,0.07279713039778399,82420.83125,6000.0,7.3%,,,,,,,,,,2026-05-28 01:04:28 UTC,2026-01-03 01:38:35+00:00,2026-01-03 01:38:35 UTC,0x95547a7163bca4b6d7a5819252974fac6a394ae549a0a474d500a1520bbb2af3,0x31a56e9e690c621ed21de08cb559e9524cdb8ed9,True,Yes,0.0,True,,100,1373.6805208333335,2.0,1373.6805208333335,1271.6805208333335,12.46745608660131
16180,"Maduro out by January 31, 2026?",maduro-out-in-2025,916440,maduro-out-by-january-31-2026-318,Yes,0.06641040051669335,90347.294284,6000.0,6.6%,,,,,,,,,,2026-05-28 01:04:28 UTC,2026-01-02 16:49:29+00:00,2026-01-02 16:49:29 UTC,0x5b78b58385e710601d8b064529c818e32c79a3d72543e5d40708661b71bcd1c7,0x31a56e9e690c621ed21de08cb559e9524cdb8ed9,True,Yes,0.0,True,,100,1505.7882383176316,2.0,1505.7882383176316,1403.7882383176316,13.76262978742776
17140,Fed decreases interest rates by 50+ bps after May 2025 meeting?,fed-decision-in-may-2025,519776,fed-decreases-interest-rates-by-50-bps-after-may-2025-meeting,Yes,0.029958887200000003,200000.0,5991.78,3.0%,,,,,,,,,,2026-05-28 01:04:57 UTC,2025-04-03 03:29:16+00:00,2025-04-03 03:29:16 UTC,0x2afe7dc8717d793918cba503ac15fb5f2daa43fb85d28a12b8d5c55c07417524,0x9ef538536e8bbf0a3da170b3819d6dc5147d8898,True,No,0.0,False,,100,3337.9076910440117,2.0,0.0,-102.0,-1.0
14220,Fed decreases interest rates by 25 bps after January 2025 meeting?,fed-interest-rates-january-2025,512323,fed-decreases-interest-rates-by-25-bps-after-january-2025-meeting,Yes,0.02838828379870167,209616.757434,5950.66,2.8%,,,,,,,,,,2026-05-28 01:03:45 UTC,2025-01-29 16:01:03+00:00,2025-01-29 16:01:03 UTC,0x084f065e886a3f872b869a68db144c1f33164a6ddde49f072b356ff45248756e,0xfcdf1fc8d8f85faf2d1b0ab769005f84b4f662a6,True,No,0.0,False,,100,3522.5799738050196,2.0,0.0,-102.0,-1.0
12327,Will there be a US Government shutdown? ,us-government-shutdown-before-2025,506202,us-government-shutdown-before-2025,No,0.027720768558011775,213366.739332,5914.69,2.8%,,,,,,,,,,2026-05-28 01:02:35 UTC,2024-12-23 01:34:59+00:00,2024-12-23 01:34:59 UTC,0xfc3ccb8d2afd0c6f36109e78030ecfc75632b77d7157661ea90b543ffd078286,0x4d326816e970cc762ea5df0c8fe1914dbb121859,True,Yes,0.0,False,,100,3607.4035895046745,2.0,0.0,-102.0,-1.0
16180,Maduro out in 2025?,maduro-out-in-2025,516947,maduro-out-in-2025-411,Yes,0.09050221461236173,64117.988978,5802.82,9.1%,,,,,,,,,,2026-05-28 01:04:29 UTC,2025-12-18 01:01:34+00:00,2025-12-18 01:01:34 UTC,0x1b34ef4e9e5745cb1c0d65246d1f27fef8ab4777df54d661527a6bd783fe9503,0x699d6edabcb9064534ca78668e416deec39058d2,True,No,0.0,False,,100,1104.945336733682,2.0,0.0,-102.0,-1.0
16180,"Maduro out by January 31, 2026?",maduro-out-in-2025,916440,maduro-out-by-january-31-2026-318,Yes,0.07159864057970822,80764.94125,5782.66,7.2%,,,,,,,,,,2026-05-28 01:04:28 UTC,2026-01-02 21:44:21+00:00,2026-01-02 21:44:21 UTC,0xd14195c7fe2e299353d151ed0d3bc1cddc1eeca9463ab388c90b0f1ff55ef1a5,0xa72db1749e9ac2379d49a3c12708325ed17febd4,True,Yes,0.0,True,,100,1396.6745623986194,2.0,1396.6745623986194,1294.6745623986194,12.692887866653132
15586,Will  Alice Weidel be the next Chancellor of Germany?,next-chancellor-of-germany,515796,will-alice-weidel-be-the-next-chancellor-of-germany,Yes,0.07327984028798865,78892.0,5781.19,7.3%,,,,,,,,,,2026-05-28 01:04:17 UTC,2024-12-23 12:16:05+00:00,2024-12-23 12:16:05 UTC,0x883ff2961b4e5bf9b74282c8fb248d61d84da2da4cbbe15e20fb4a23351f4bb3,0x4e05ed8c847b38a16df99e37f52a30231a06e2fd,True,No,0.0,False,,100,1364.6317951431326,2.0,0.0,-102.0,-1.0
14220,No change in Fed interest rates after January 2025 meeting?,fed-interest-rates-january-2025,512324,no-change-in-fed-interest-rates-after-january-2025-meeting,No,0.023240998454123037,248271.605516,5770.08,2.3%,,,,,,,,,,2026-05-28 01:03:45 UTC,2025-01-29 16:55:35+00:00,2025-01-29 16:55:35 UTC,0x30d42ab85b5c5298b6b31df6af0218c51cebd9e73a0151730131a7efab98d32d,0x287e874e8bcd59dd3ce307e1881574742a3072cc,True,Yes,0.0,False,,100,4302.741132116019,2.0,0.0,-102.0,-1.0
16547,U.S. Government funding lapse on March 15?,us-government-funding-lapse-on-march-15,518009,us-government-funding-lapse-on-march-15,No,0.010667320837494288,517469.32,5520.01,1.1%,,,,,,,,,,2026-05-28 01:04:41 UTC,2025-03-17 07:29:32+00:00,2025-03-17 07:29:32 UTC,0x0659dc98bb944b63c4a01af3f0cc2040e7ea2d9c902d6459291075787b7ea772,0x696e12c81e330b7f4d948344ad98feffbbeb7593,True,Yes,0.0,False,,100,9374.425080429999,2.0,0.0,-102.0,-1.0
10516,Labour wins the most seats in next UK election? ,uk-elections-who-will-win-most-seats,501258,labour-wins-the-most-seats-in-next-uk-election,No,0.08686360559117519,62777.5,5453.08,8.7%,,,,,,,,,,2026-05-28 01:01:21 UTC,2024-05-04 23:07:59+00:00,2024-05-04 23:07:59 UTC,0x10216b95c874cf4533f37bb59347fe9976964a36d035a8d8df7caeebdc933d0d,0x9d84ce0306f8551e02efef1680475fc0f1dc1344,True,Yes,0.0,False,,100,1151.2301304950595,2.0,0.0,-102.0,-1.0
11385,Will Tim Walz be the 2024 Democratic VP nominee?,democratic-vp-nominee,503191,will-tim-walz-be-the-2024-democratic-vp-nominee,Yes,0.04,136256.55,5450.26,4.0%,,,,,,,,,,2026-05-28 01:01:40 UTC,2024-07-31 22:43:38+00:00,2024-07-31 22:43:38 UTC,0x918aa1011d12d42820228c71d66bc4182c386b2e27a43952c106f3f31436c462,0x3cf3e8d5427aed066a7a5926980600f6c3cf87b3,True,Yes,0.0,True,,100,2500.0,2.0,2500.0,2398.0,23.50980392156863
14199,Will Trump create Bitcoin reserve in first 100 days?,will-trump-create-a-national-bitcoin-reserve-in-his-first-100-days,512250,will-trump-create-a-national-bitcoin-reserve-in-his-first-100-days,Yes,0.08,68001.0,5440.08,8.0%,,,,,,,,,,2026-05-28 01:03:36 UTC,2025-04-24 20:23:12+00:00,2025-04-24 20:23:12 UTC,0xcdc93a3f7bd153e76cab7f01dcb4542e497bcc1c4060d111595a4fe207c0a78d,0x1d04d5b13ba31ca6f3b9526ded9cfe43519ced05,True,No,0.0,False,,100,1250.0,2.0,0.0,-102.0,-1.0
10656,Will a Republican win the popular vote and a Democrat win the Presidency?,which-party-wins-presidency-popular-vote,501588,will-a-republican-win-the-popular-vote-and-a-democrat-win-the-presidency,Yes,0.02475864320850154,218208.03,5402.53,2.5%,,,,,,,,,,2026-05-28 01:01:21 UTC,2024-11-05 18:01:11+00:00,2024-11-05 18:01:11 UTC,0x5f7b950a2a8dd38c31a35262f36df782fb0b3062697d64c169ec23eae95dc734,0x5fad92854594fe545456ccffd92749e65d241d0a,True,No,0.0,False,,100,4038.993540876357,2.0,0.0,-102.0,-1.0
14038,Will Biden resign in November?,will-biden-resign-in-november,511884,will-biden-resign-in-november,Yes,0.018330417503984918,294155.875,5392.0,1.8%,,,,,,,,,,2026-05-28 01:03:33 UTC,2024-11-17 07:48:00+00:00,2024-11-17 07:48:00 UTC,0x0af3482077fa9599d4b2d6295dd25d548e9c7f356bb32c6943f233c95302b82b,0x48362f4c13c94804eb5a9bd79cf6de830d930964,True,No,0.0,False,,100,5455.413112017804,2.0,0.0,-102.0,-1.0
14874,Will Karol Nawrocki be the next President of Poland?,poland-presidential-election,514138,will-karol-nawrocki-be-the-next-president-of-poland,No,0.040506073881352224,133095.29,5391.17,4.1%,,,,,,,,,,2026-05-28 01:04:01 UTC,2025-06-01 23:17:07+00:00,2025-06-01 23:17:07 UTC,0xaad03c3828ce1050767999cffe58d28d32e6dc81c648d92564ecd0e522f42bd2,0x0bb7c8e8758e98e5a735c841114256fd71062ec3,True,Yes,0.0,False,,100,2468.7655558253696,2.0,0.0,-102.0,-1.0
13464,"Will there be 150,000,000-155,000,000 votes cast in the U.S. Presidential Election?",turnout-in-2024-presidential-election,510524,will-there-be-150000000-155000000-votes-cast-in-the-us-presidential-election,Yes,0.08593630713203383,62167.4,5342.44,8.6%,,,,,,,,,,2026-05-28 01:03:02 UTC,2024-11-19 06:46:54+00:00,2024-11-19 06:46:54 UTC,0x57ca0d6ab006c0f085e1dc2cbb694aef2316fe352bab4bed2851ada5ed8cd459,0xc822876ea0d2d0707e93ace5ad45dac69588c185,True,No,0.0,False,,100,1163.652515884334,2.0,0.0,-102.0,-1.0
15052,Yoon out as president of South Korea in 2024?,yoon-out-as-president-of-south-korea-in-2024,514550,yoon-out-as-president-of-south-korea-in-2024,Yes,0.07517527716531901,70884.59,5328.77,7.5%,,,,,,,,,,2026-05-28 01:04:09 UTC,2024-12-19 07:34:24+00:00,2024-12-19 07:34:24 UTC,0x7fb7d15c5f8f4adf80bf7055b5e2cfd276a772a68f6e9178ce4d6cb3d729b910,0x1cba7e44bcfd5acc4513f554ab9e86453d086a4c,True,No,0.0,False,,100,1330.224560131499,2.0,0.0,-102.0,-1.0
15665,Fed decreases interest rates by 25 bps after March 2025 meeting?,fed-decision-in-march,516009,fed-decreases-interest-rates-by-25-bps-after-march-2025-meeting,Yes,0.07035506993527095,75630.65,5321.0,7.0%,,,,,,,,,,2026-05-28 01:04:20 UTC,2025-03-05 02:32:06+00:00,2025-03-05 02:32:06 UTC,0x2bae8f0a8854e65a5373b4f2556f89a445fa0d9c3e3793da978e5f424ace2c82,0xa55ce71987243538f7e44e199e20def2958274ba,True,No,0.0,False,,100,1421.3616743186153,2.0,0.0,-102.0,-1.0
10656,Will a Republican win the popular vote and a Democrat win the Presidency?,which-party-wins-presidency-popular-vote,501588,will-a-republican-win-the-popular-vote-and-a-democrat-win-the-presidency,Yes,0.021,251084.65,5272.78,2.1%,,,,,,,,,,2026-05-28 01:01:21 UTC,2024-11-01 04:01:02+00:00,2024-11-01 04:01:02 UTC,0x6876a71ab0e20b7cd78484d798a276bf2e421eb2a2ba483390b78cc22d49fe5c,0xfffe4013adfe325c6e02d36dc66e091f5476f52c,True,No,0.0,False,,100,4761.9047619047615,2.0,0.0,-102.0,-1.0
13906,"Kamala wins 270-268 - MI, PA, WI ",kamala-wins-with-blue-wall-mi-pa-wi-270-evs,511402,kamala-wins-with-blue-wall-mi-pa-wi-270-evs,Yes,0.089,58970.54,5248.38,8.9%,,,,,,,,,,2026-05-28 01:03:15 UTC,2024-10-31 03:36:12+00:00,2024-10-31 03:36:12 UTC,0xe7b18e67c37807e2896597a06a6f7529fc173794c2701dfcb695054a07827589,0xcf0d7f69cf162918b33fc1ea7449583fa537132d,True,No,0.0,False,,100,1123.5955056179776,2.0,0.0,-102.0,-1.0
10656,Will a Republican win the popular vote and a Democrat win the Presidency?,which-party-wins-presidency-popular-vote,501588,will-a-republican-win-the-popular-vote-and-a-democrat-win-the-presidency,Yes,0.023509994065603893,222280.41,5225.81,2.4%,,,,,,,,,,2026-05-28 01:01:21 UTC,2024-11-03 16:30:03+00:00,2024-11-03 16:30:03 UTC,0x96ee222cca02e622d0e68bfb4591475066506a4e83a45615f68a643bc76c13ba,0xcf0d7f69cf162918b33fc1ea7449583fa537132d,True,No,0.0,False,,100,4253.510218716056,2.0,0.0,-102.0,-1.0
14547,Will Assad remain President of Syria through 2024?,will-assad-remain-president-of-syria-through-2024,513334,will-assad-remain-president-of-syria-through-2024,Yes,0.036973287566577605,141167.97,5219.44,3.7%,,,,,,,,,,2026-05-28 01:03:57 UTC,2024-12-08 10:34:01+00:00,2024-12-08 10:34:01 UTC,0x40b48c1029c0e7d8bc6b1faff21ef81c15eff87e65614e7d73cf03d6fe67b643,0x43e329d2cd4d8064e981fa4592a507040256c7f2,True,No,0.0,False,,100,2704.655349350001,2.0,0.0,-102.0,-1.0
12327,Will there be a US Government shutdown? ,us-government-shutdown-before-2025,506202,us-government-shutdown-before-2025,No,0.018,289085.43,5203.54,1.8%,,,,,,,,,,2026-05-28 01:02:35 UTC,2024-12-23 01:13:35+00:00,2024-12-23 01:13:35 UTC,0x40f8892edf0062bdc9397072950e861db94d067c0d24f90e80c0a681d2d35b04,0xb887a02871f6cd54c05f00d8942f0ef3b9858048,True,Yes,0.0,False,,100,5555.555555555556,2.0,0.0,-102.0,-1.0
11696,No change in Fed interest rates after 2024 September meeting?,fed-interest-rates-september-2024,504071,no-change-in-fed-interest-rates-after-2024-september-meeting,Yes,0.06115965331351292,83866.294544,5129.23,6.1%,,,,,,,,,,2026-05-28 01:01:55 UTC,2024-09-05 01:25:13+00:00,2024-09-05 01:25:13 UTC,0x91fdc6d0d000fb2d1f78f557901afcba2416d4715a6ea0c4cf38a1dd43f1edc3,0x2373809dadc2c73d05038df89e9399560f445b7f,True,No,0.0,False,,100,1635.064860282743,2.0,0.0,-102.0,-1.0
11960,Election certified on January 6?,us-presidential-election-certified-on-january-6,504830,us-presidential-election-certified-on-january-6,No,0.08,63604.44,5088.36,8.0%,,,,,,,,,,2026-05-28 01:02:06 UTC,2024-11-06 04:29:43+00:00,2024-11-06 04:29:43 UTC,0xab2f77f38b021bd9309f791f693c2fa091c7707febb2fdfb7d6c5df81d083adb,0x0e8d61f16a2373931ffbfc2993f046e33286dfcc,True,Yes,0.0,False,,100,1250.0,2.0,0.0,-102.0,-1.0
16180,Maduro out in 2025?,maduro-out-in-2025,516947,maduro-out-in-2025-411,Yes,0.05638946606733431,90092.003938,5080.24,5.6%,,,,,,,,,,2026-05-28 01:04:28 UTC,2025-12-26 04:32:35+00:00,2025-12-26 04:32:35 UTC,0xc91e85ea56e3a6e7663e22e7e975c64aa2a2712c16ab744c33fb1a6589c71b4e,0x79ca4e866b3c9533e2a7320e1079c0e769f1d807,True,No,0.0,False,,100,1773.3808630248534,2.0,0.0,-102.0,-1.0
12641,TikTok banned in the US before May 2025?,tiktok-banned-in-the-us-before-may-2025,507276,tiktok-banned-in-the-us-before-may-2025,No,0.012472695156940756,407289.67846,5080.0,1.2%,,,,,,,,,,2026-05-28 01:02:43 UTC,2025-01-20 01:39:54+00:00,2025-01-20 01:39:54 UTC,0x2ebc7541d25ea57b96a47e75d74f6cd470615f015e59384f61f27ca0eee8fe19,0x7848c1a25f393e1bfab3c9988e9b96e293cdc9e2,True,Yes,0.0,False,,100,8017.513355511811,2.0,0.0,-102.0,-1.0
16432,Conservatives win majority in Canadian election?,will-the-conservative-party-win-a-majority-in-next-canadian-election,517600,will-the-conservative-party-win-a-majority-in-next-canadian-election,Yes,0.0728808296232143,69278.4375,5049.07,7.3%,,,,,,,,,,2026-05-28 01:04:36 UTC,2025-04-23 15:49:03+00:00,2025-04-23 15:49:03 UTC,0xe13edcfbbd9676f33e42d43f1bf8d900806f632446d5aaf2b5479094ec47f24a,0xb5b66bb2de82696a501ff906f811d2f04f28bbd5,True,No,0.0,False,,100,1372.1029318270494,2.0,0.0,-102.0,-1.0
16547,U.S. Government funding lapse on March 15?,us-government-funding-lapse-on-march-15,518009,us-government-funding-lapse-on-march-15,No,0.017170936699233506,293367.222082,5037.39,1.7%,,,,,,,,,,2026-05-28 01:04:41 UTC,2025-03-17 07:36:42+00:00,2025-03-17 07:36:42 UTC,0x9c4df183698c05b815d3fa4cf536ff5901e311782112a856f18eb63ed1c7ad98,0x696e12c81e330b7f4d948344ad98feffbbeb7593,True,Yes,0.0,False,,100,5823.794109290724,2.0,0.0,-102.0,-1.0
17792,No change in Fed interest rates after June 2025 meeting?,fed-decision-in-june,521836,no-change-in-fed-interest-rates-after-june-2025-meeting,No,0.01713262060011446,292717.040554,5015.01,1.7%,,,,,,,,,,2026-05-28 01:05:07 UTC,2025-06-18 05:00:42+00:00,2025-06-18 05:00:42 UTC,0xd4e220eb5afd7bd12de1e376489baf5464d54ab92b4a4f68d7013e30378a8dca,0x753f62f50f33a74e63dc7c754c6267f6d91bb52b,True,Yes,0.0,False,,100,5836.818682562312,2.0,0.0,-102.0,-1.0
11696,No change in Fed interest rates after 2024 September meeting?,fed-interest-rates-september-2024,504071,no-change-in-fed-interest-rates-after-2024-september-meeting,Yes,0.04282259553120316,116962.7842,5008.65,4.3%,,,,,,,,,,2026-05-28 01:01:55 UTC,2024-09-05 04:12:21+00:00,2024-09-05 04:12:21 UTC,0x4fc56dbf674856d39bf255c0eb2d777b94d5b3e0bcc83e4c6a9b13ef6d131a6e,0x2373809dadc2c73d05038df89e9399560f445b7f,True,No,0.0,False,,100,2335.2157607339304,2.0,0.0,-102.0,-1.0
16108,Russia x Ukraine ceasefire in 2025?,russia-x-ukraine-ceasefire-in-2025,516719,russia-x-ukraine-ceasefire-in-2025,Yes,0.07365283013759026,67953.94,5005.0,7.4%,,,,,,,,,,2026-05-28 01:04:33 UTC,2025-11-19 10:55:41+00:00,2025-11-19 10:55:41 UTC,0x5274611fdbc742bfedbf443a7554fc67594283e9357c923faab25e47d334c326,0x47cc27f7bbfb13b83440268769fe4c8808eff02b,True,No,0.0,False,,100,1357.7210789210787,2.0,0.0,-102.0,-1.0
12641,TikTok banned in the US before May 2025?,tiktok-banned-in-the-us-before-may-2025,507276,tiktok-banned-in-the-us-before-may-2025,No,0.0819635131419239,61026.544718,5001.95,8.2%,,,,,,,,,,2026-05-28 01:02:43 UTC,2025-01-19 19:37:31+00:00,2025-01-19 19:37:31 UTC,0xec8c0c788915260ea435f2c2d785183e33bbcb73dc0d3e50518fc70372cf3b96,0x21745b4d713ab8f0aa06032945ee516601ce507b,True,Yes,0.0,False,,100,1220.0550728815763,2.0,0.0,-102.0,-1.0
10223,"2024 Balance of Power: D Prez, R Senate, R House",balance-of-power-2024-election,500638,2024-balance-of-power-democratic-presidency-republican-house-and-senate,Yes,0.0649807853055697,76945.822915,5000.0,6.5%,,,,,,,,,,2026-05-28 01:01:13 UTC,2024-11-04 01:30:55+00:00,2024-11-04 01:30:55 UTC,0x01fc95d28cf42adbc0d0a2db5ac6f03ff23ff22ffd425e4001fa52e5215b7687,0xa4a2e7f95562314ae8e368107f67b21eb8d063cd,True,No,0.0,False,,100,1538.9164586077834,2.0,0.0,-102.0,-1.0
10223,"2024 Balance of Power: D Prez, R Senate, R House",balance-of-power-2024-election,500638,2024-balance-of-power-democratic-presidency-republican-house-and-senate,Yes,0.09563982962018676,52279.474136,5000.0,9.6%,,,,,,,,,,2026-05-28 01:01:13 UTC,2024-11-03 20:32:57+00:00,2024-11-03 20:32:57 UTC,0xa2cced7006f6f9e419ebd04586c2c5fb7c258f4b1f4ff249ab59cf91302f0f66,0x50312851892d970af740b1d5c96fa9bf2529db09,True,No,0.0,False,,100,1045.5894829291178,2.0,0.0,-102.0,-1.0
11322,Will Biden finish his term?,will-biden-complete-his-term-as-president,503013,will-biden-complete-his-term-as-president,No,0.05999999998896,83333.333332,5000.0,6.0%,,,,,,,,,,2026-05-28 01:01:34 UTC,2024-12-20 04:51:41+00:00,2024-12-20 04:51:41 UTC,0x0df6c9540ab8d1d424006b39fa4a6c3dc5e0b31fef331555ece29d56a37e25f6,0x73204a323ce847894dfc04144211524306c128b4,True,Yes,0.0,False,,100,1666.6666669733333,2.0,0.0,-102.0,-1.0
11321,Will Biden announce resignation by July 31?,will-biden-resign-by-july-31,503011,will-biden-resign-by-july-31,Yes,0.0461147118660627,108425.268134,5000.0,4.6%,,,,,,,,,,2026-05-28 01:01:36 UTC,2024-07-22 00:13:38+00:00,2024-07-22 00:13:38 UTC,0x16cf4b56861b598631e12ca61e3fa328ec6b0492a1e0cf7f06a7f6d93c780ea6,0x08310db64ab7d40556dd8cf6f4f0c2fe56661a7e,True,No,0.0,False,,100,2168.505363113701,2.0,0.0,-102.0,-1.0
12641,TikTok banned in the US before May 2025?,tiktok-banned-in-the-us-before-may-2025,507276,tiktok-banned-in-the-us-before-may-2025,No,0.015259932010311537,327655.457221,5000.0,1.5%,,,,,,,,,,2026-05-28 01:02:43 UTC,2025-01-20 17:47:23+00:00,2025-01-20 17:47:23 UTC,0x805197f73a57b7ebf3c4816cc654916cfd8356bd13bf0b01cbe00d6ee7e4fee3,0xfd3da6e061496839faef9da8a6b41c6efcff06ed,True,Yes,0.0,False,,100,6553.10914442,2.0,0.0,-102.0,-1.0
12641,TikTok banned in the US before May 2025?,tiktok-banned-in-the-us-before-may-2025,507276,tiktok-banned-in-the-us-before-may-2025,No,0.06579428209639109,75994.445713,5000.0,6.6%,,,,,,,,,,2026-05-28 01:02:43 UTC,2025-01-19 18:07:45+00:00,2025-01-19 18:07:45 UTC,0x35b7542876796342e7e3aec1ddd7d0b97ccd6fdf043429b77b9b0e1cfc57c451,0x15b64810a8a365a1d93337247fe468e687caf9e1,True,Yes,0.0,False,,100,1519.8889145639778,2.0,0.0,-102.0,-1.0
12641,TikTok banned in the US before May 2025?,tiktok-banned-in-the-us-before-may-2025,507276,tiktok-banned-in-the-us-before-may-2025,No,0.05475555206009155,91314.940876,5000.0,5.5%,,,,,,,,,,2026-05-28 01:02:43 UTC,2025-01-19 17:42:55+00:00,2025-01-19 17:42:55 UTC,0x2a2aca5aa4d1babab3cc7d7f081020423ae0f8cbdfa8818ab0a4a1216c7f4805,0xc1869a0eaddee4906538f5a674ea7278bd987920,True,Yes,0.0,False,,100,1826.29881788526,2.0,0.0,-102.0,-1.0
12641,TikTok banned in the US before May 2025?,tiktok-banned-in-the-us-before-may-2025,507276,tiktok-banned-in-the-us-before-may-2025,No,0.045802351151416947,109164.701665,5000.0,4.6%,,,,,,,,,,2026-05-28 01:02:43 UTC,2025-01-19 17:11:18+00:00,2025-01-19 17:11:18 UTC,0x55ea16331da5e6ab86c7deefc918975c1e51d824ed20d54c6665f7ddddd94541,0xf4a047033dc4a8efcb905f8615f93e387127f86d,True,Yes,0.0,False,,100,2183.2940337366585,2.0,0.0,-102.0,-1.0
13551,Trump ends Ukraine war in first 90 days?,trump-wins-ends-ukraine-war-in-90-days,510319,trump-wins-ends-ukraine-war-in-90-days,Yes,0.06667315600672265,74992.700203,5000.0,6.7%,,,,,,,,,,2026-05-28 01:03:04 UTC,2025-04-19 18:16:56+00:00,2025-04-19 18:16:56 UTC,0xedd54f601ee3cd198ed2d2f7eb02484e12f9d606176463056b9fabf6d556876d,0xa638749f9aa75ee30191b9296646c380f49a1d87,True,No,0.0,False,,100,1499.8540040599999,2.0,0.0,-102.0,-1.0
15437,Will Biden pardon SBF?,who-will-biden-pardon,500502,will-biden-pardon-sbf-this-term,Yes,0.05438909476596469,91930.193369,5000.0,5.4%,,,,,,,,,,2026-05-28 01:04:14 UTC,2025-01-05 21:07:07+00:00,2025-01-05 21:07:07 UTC,0xef4a3f64c5bc71b2ff062aee7f974d81ae0d08a8a36e00c5fcba10e2df8154c0,0x421e006e5e07d0617031ec5e731b1a05379f5caa,True,No,0.0,False,,100,1838.6038677477206,2.0,0.0,-102.0,-1.0
15437,Will Biden pardon SBF?,who-will-biden-pardon,500502,will-biden-pardon-sbf-this-term,Yes,0.03993549462136689,125201.904882,5000.0,4.0%,,,,,,,,,,2026-05-28 01:04:14 UTC,2025-01-05 21:05:45+00:00,2025-01-05 21:05:45 UTC,0x779ab59e488517f1ad4dfc8d28f5af60390e56cbcfeab6b952d0ad70af8c5abc,0x421e006e5e07d0617031ec5e731b1a05379f5caa,True,No,0.0,False,,100,2504.0380981408075,2.0,0.0,-102.0,-1.0
15437,Will Biden pardon SBF?,who-will-biden-pardon,500502,will-biden-pardon-sbf-this-term,Yes,0.05470344135216264,91401.927857,5000.0,5.5%,,,,,,,,,,2026-05-28 01:04:14 UTC,2024-12-28 13:32:22+00:00,2024-12-28 13:32:22 UTC,0x123b78d6791daee687cd6af49f47a95fb08fd219630c8293c3eaac9a9e783a02,0x52a0129e7e3832883e8e6141e737d8fa89f66b20,True,No,0.0,False,,100,1828.03855714,2.0,0.0,-102.0,-1.0
15586,Will  Alice Weidel be the next Chancellor of Germany?,next-chancellor-of-germany,515796,will-alice-weidel-be-the-next-chancellor-of-germany,Yes,0.06829170694952423,73215.332027,5000.0,6.8%,,,,,,,,,,2026-05-28 01:04:17 UTC,2025-01-04 18:10:22+00:00,2025-01-04 18:10:22 UTC,0xdb1ceef2d5faad69a3d3e6593f40829cf7d3aa85a437f1e261f70f7673815682,0x8e277140b21a31c05e95b8bedbc49ca16f3ee1d9,True,No,0.0,False,,100,1464.3066408328614,2.0,0.0,-102.0,-1.0
16180,"Maduro out by January 31, 2026?",maduro-out-in-2025,916440,maduro-out-by-january-31-2026-318,Yes,0.06785606455676005,73685.381427,5000.0,6.8%,,,,,,,,,,2026-05-28 01:04:28 UTC,2026-01-01 23:57:55+00:00,2026-01-01 23:57:55 UTC,0xd863bd18a6abe99ceec32864192d8d300dbe71d3b603b127a2fe774e045c1533,0x31a56e9e690c621ed21de08cb559e9524cdb8ed9,True,Yes,0.0,True,,100,1473.7076288347416,2.0,1473.7076288347416,1371.7076288347416,13.448114008183742
16180,Maduro out in 2025?,maduro-out-in-2025,516947,maduro-out-in-2025-411,Yes,0.09449376336437107,52913.545,5000.0,9.4%,,,,,,,,,,2026-05-28 01:04:28 UTC,2025-12-25 21:49:13+00:00,2025-12-25 21:49:13 UTC,0x9a5b7506737570f8b154ed50d14d773b438dcf82f136a3d11a9cfcbb847b6e67,0x36c2b074b2eb2e3aac2dc7226dd18e7c72956127,True,No,0.0,False,,100,1058.2709,2.0,0.0,-102.0,-1.0
16108,Russia x Ukraine ceasefire in 2025?,russia-x-ukraine-ceasefire-in-2025,516719,russia-x-ukraine-ceasefire-in-2025,Yes,0.07485881234982059,66792.4035,5000.0,7.5%,,,,,,,,,,2026-05-28 01:04:29 UTC,2025-12-15 16:44:01+00:00,2025-12-15 16:44:01 UTC,0x04615816d05f88f96b077ccf9ce0c1c344578808271a32b7a09d2d3b210b3910,0xf6573f96e6496178a5393ab73be13c57051b108e,True,No,0.0,False,,100,1335.84807,2.0,0.0,-102.0,-1.0
16489,Will Trump be impeached in 2025?,will-trump-be-impeached-in-2025,517855,will-trump-be-impeached-in-2025,Yes,0.06639437762115345,75307.581427,5000.0,6.6%,,,,,,,,,,2026-05-28 01:04:36 UTC,2025-06-24 09:09:17+00:00,2025-06-24 09:09:17 UTC,0xae895153d99f3f582d354a5529c396e77fc5da034b263049722c848367d4d3fe,0x387776d2640cecf26a7d129d7f72f7f399754daa,True,No,0.0,False,,100,1506.1516288412304,2.0,0.0,-102.0,-1.0
17149,Evidence released proving JFK assassination was an inside job by Feb 10?,was-jfk-assassination-an-inside-job,519806,was-jfk-assassination-an-inside-job,Yes,0.037952545056113424,131743.4705,5000.0,3.8%,,,,,,,,,,2026-05-28 01:04:59 UTC,2025-01-25 23:42:57+00:00,2025-01-25 23:42:57 UTC,0xbef4fef6d817a3f0cac6b478e112eb5165fddf1a6ff2779c1c4711b94d455973,0xb4c4a7db3cd5781842f7fcdc6c3b01bc0b75ee73,True,No,0.0,False,,100,2634.8694100000002,2.0,0.0,-102.0,-1.0
17792,Fed decreases interest rates by 25 bps after June 2025 meeting?,fed-decision-in-june,521835,fed-decreases-interest-rates-by-25-bps-after-june-2025-meeting,Yes,0.04027262447857474,124153.815743,5000.0,4.0%,,,,,,,,,,2026-05-28 01:05:11 UTC,2025-06-02 00:53:11+00:00,2025-06-02 00:53:11 UTC,0x652334fc7c1079e03f947688927a6e8d63f7eebf248b64c594cdb08b30659c77,0xdfa450b7cfe3fc50a4671f11949095c1d6179350,True,No,0.0,False,,100,2483.0763153566154,2.0,0.0,-102.0,-1.0
15586,Will  Alice Weidel be the next Chancellor of Germany?,next-chancellor-of-germany,515796,will-alice-weidel-be-the-next-chancellor-of-germany,Yes,0.07114612721894699,70273.115269,4999.66,7.1%,,,,,,,,,,2026-05-28 01:04:17 UTC,2025-01-06 14:34:37+00:00,2025-01-06 14:34:37 UTC,0x534b2985238af4e21d9719e86780ece3b4ebb8a6546ede80bf983260146194a1,0xd569a6ad53abeb0e8de77bac78bb40577a96895f,True,No,0.0,False,,100,1405.5578835971962,2.0,0.0,-102.0,-1.0
17174,Was JFK assassination an inside job?,was-jfk-assassination-an-inside-job-march-31,519906,was-jfk-assassination-an-inside-job-march-31,Yes,0.0730006580303255,68482.807332,4999.29,7.3%,,,,,,,,,,2026-05-28 01:04:59 UTC,2025-02-21 20:55:21+00:00,2025-02-21 20:55:21 UTC,0xfa3846506c8c14d644540a3aa31876577ab661daa056357bd63efa7f696c78fe,0xe877e0931f31eb6dd5e6bd1ca7e702f84088bb43,True,No,0.0,False,,100,1369.8506657085009,2.0,0.0,-102.0,-1.0
15725,Will Trump acquire Greenland before July?,will-the-us-acquire-greenland-before-july,516184,will-the-us-acquire-greenland-before-july,Yes,0.0533260956094473,93749.222456,4999.28,5.3%,,,,,,,,,,2026-05-28 01:04:24 UTC,2025-01-27 11:58:01+00:00,2025-01-27 11:58:01 UTC,0xc52aed1df1275b30255d9c3ec6c565633a595b7e9b5b74980b17eadc84d8b458,0x02cf8f53fc1c6d5834f0e855e32ec6bbfeff76c8,True,No,0.0,False,,100,1875.2544857659502,2.0,0.0,-102.0,-1.0
17174,Was JFK assassination an inside job?,was-jfk-assassination-an-inside-job-march-31,519906,was-jfk-assassination-an-inside-job-march-31,Yes,0.06708326524458558,74519.7775,4999.03,6.7%,,,,,,,,,,2026-05-28 01:04:59 UTC,2025-01-25 22:57:43+00:00,2025-01-25 22:57:43 UTC,0x40ca7ad45eb37bdd8f740288e3b8c0a19f45aebb27a556fed5cc0cf898c0b0f1,0xb4c4a7db3cd5781842f7fcdc6c3b01bc0b75ee73,True,No,0.0,False,,100,1490.6847428401109,2.0,0.0,-102.0,-1.0
12327,Will there be a US Government shutdown? ,us-government-shutdown-before-2025,506202,us-government-shutdown-before-2025,No,0.01978208495751928,252695.810868,4998.85,2.0%,,,,,,,,,,2026-05-28 01:02:35 UTC,2024-12-21 10:00:56+00:00,2024-12-21 10:00:56 UTC,0xc47b0bb7f71e945f5f6463b9a720bf0ba2e5386e46024a5c89f1bf6223fb90e0,0x93ca3a906874135102fc2c492a987afffe92d65e,True,Yes,0.0,False,,100,5055.078886514914,2.0,0.0,-102.0,-1.0
14874,Will Rafał Trzaskowski be the next President of Poland?,poland-presidential-election,514139,will-rafa-trzaskowski-be-the-next-president-of-poland,Yes,0.06305638349517854,79268.8975,4998.41,6.3%,,,,,,,,,,2026-05-28 01:04:01 UTC,2025-06-01 22:58:47+00:00,2025-06-01 22:58:47 UTC,0xb8059bbcd75525fdb50e7364b035dbdfaf1949dc422b6997a5201681ca8c7bc3,0x57129c341e97ca8fc655448c17a4db2ba1c0c795,True,No,0.0,False,,100,1585.8822605588578,2.0,0.0,-102.0,-1.0
16180,Maduro out in 2025?,maduro-out-in-2025,516947,maduro-out-in-2025-411,Yes,0.03727609723379555,133865.945453,4990.0,3.7%,,,,,,,,,,2026-05-28 01:04:28 UTC,2025-12-26 21:57:19+00:00,2025-12-26 21:57:19 UTC,0x78bf32b140045fc29a0320694085eba0148fdd5778a33b4e1a1237ae361e383d,0x36c2b074b2eb2e3aac2dc7226dd18e7c72956127,True,No,0.0,False,,100,2682.6842781528426,2.0,0.0,-102.0,-1.0
12641,TikTok banned in the US before May 2025?,tiktok-banned-in-the-us-before-may-2025,507276,tiktok-banned-in-the-us-before-may-2025,No,0.013563433070130842,367301.550665,4981.87,1.4%,,,,,,,,,,2026-05-28 01:02:43 UTC,2025-01-21 15:20:00+00:00,2025-01-21 15:20:00 UTC,0x6c6fb21700e103c78ff228c044f64b93c5e64b440de5a0533edd02ed9b3b7ed1,0xe8b8d274936a1aa2f46148fc9b41344d33e65bae,True,Yes,0.0,False,,100,7372.764659429645,2.0,0.0,-102.0,-1.0
11143,Will Trump launch a coin before the election?,will-trump-launch-a-coin-before-the-election,502571,will-trump-launch-a-coin-before-the-election,No,0.03565522253247681,139276.3,4965.93,3.6%,,,,,,,,,,2026-05-28 01:01:31 UTC,2024-10-16 21:24:45+00:00,2024-10-16 21:24:45 UTC,0x4f68d1b6f5e196cd45c1890453f17519451b06bd7de26e6a06be3de379d44075,0x1f5514a35cfe9ba669a3899acfde81ecde1d6f08,True,Yes,0.0,False,,100,2804.6382240053135,2.0,0.0,-102.0,-1.0
15586,Will  Alice Weidel be the next Chancellor of Germany?,next-chancellor-of-germany,515796,will-alice-weidel-be-the-next-chancellor-of-germany,Yes,0.06899075758978912,71754.104056,4950.37,6.9%,,,,,,,,,,2026-05-28 01:04:17 UTC,2025-01-06 08:34:44+00:00,2025-01-06 08:34:44 UTC,0x291f2b4b20aa097744e362b33033351c0993dfb37f373533a4f82ffc974624e4,0x47dc79d2bbf8b6625e7d26c1607d07e1d83aeec9,True,No,0.0,False,,100,1449.4695158239624,2.0,0.0,-102.0,-1.0
14874,Will Karol Nawrocki be the next President of Poland?,poland-presidential-election,514138,will-karol-nawrocki-be-the-next-president-of-poland,No,0.05944538157545887,83243.43,4948.44,5.9%,,,,,,,,,,2026-05-28 01:04:01 UTC,2025-06-01 22:57:13+00:00,2025-06-01 22:57:13 UTC,0x67a617168bce5b380c1653e0375510f8168c22b19fd6965fd051dd227318b208,0x0bb7c8e8758e98e5a735c841114256fd71062ec3,True,Yes,0.0,False,,100,1682.2164708129908,2.0,0.0,-102.0,-1.0
10169,Will a Republican win New Mexico Presidential Election?,new-mexico-presidential-election-winner-2024,500512,will-a-republican-win-new-mexico-presidential-election,Yes,0.08981828694744241,55031.82,4942.86,9.0%,,,,,,,,,,2026-05-28 01:01:16 UTC,2024-08-20 19:35:15+00:00,2024-08-20 19:35:15 UTC,0x450fb1f9e584951fde8081f96dbce035106320d8d3744e345d5eca554eb035d5,0x79f293c48f651baa31c8086a228102f57b127620,True,No,0.0,False,,100,1113.3590207361165,2.0,0.0,-102.0,-1.0
12641,TikTok banned in the US before May 2025?,tiktok-banned-in-the-us-before-may-2025,507276,tiktok-banned-in-the-us-before-may-2025,No,0.07533519865155854,65582.491152,4940.67,7.5%,,,,,,,,,,2026-05-28 01:02:43 UTC,2025-01-19 19:35:13+00:00,2025-01-19 19:35:13 UTC,0x0a8399e938a20cd1c5204cec67df16f4f41a778d76c0949705172d4ee926db1b,0x1d7a1fbfcff680c57b362ab130f2027328f07802,True,Yes,0.0,False,,100,1327.40076073233,2.0,0.0,-102.0,-1.0
12641,TikTok banned in the US before May 2025?,tiktok-banned-in-the-us-before-may-2025,507276,tiktok-banned-in-the-us-before-may-2025,No,0.04184448949068167,117841.083952,4931.0,4.2%,,,,,,,,,,2026-05-28 01:02:43 UTC,2025-01-19 22:45:16+00:00,2025-01-19 22:45:16 UTC,0x8e4d6481cc0664aaedef343b2afb77547598f073f886513b78098175aaf22a4e,0xc1869a0eaddee4906538f5a674ea7278bd987920,True,Yes,0.0,False,,100,2389.8009323848714,2.0,0.0,-102.0,-1.0
12641,TikTok banned in the US before May 2025?,tiktok-banned-in-the-us-before-may-2025,507276,tiktok-banned-in-the-us-before-may-2025,No,0.01548259774003015,318480.146665,4930.9,1.5%,,,,,,,,,,2026-05-28 01:02:43 UTC,2025-01-21 14:33:52+00:00,2025-01-21 14:33:52 UTC,0xa1a3ee50a8f5696f065681a45b8677198a1664f4f97c895e623c479a7e2345da,0xe8b8d274936a1aa2f46148fc9b41344d33e65bae,True,Yes,0.0,False,,100,6458.864441168725,2.0,0.0,-102.0,-1.0
17140,No change in Fed interest rates after May 2025 meeting?,fed-decision-in-may-2025,519778,no-change-in-fed-interest-rates-after-may-2025-meeting,No,0.061977335334553636,79490.671427,4926.62,6.2%,,,,,,,,,,2026-05-28 01:04:56 UTC,2025-05-01 12:30:53+00:00,2025-05-01 12:30:53 UTC,0xdc9377e73fa8ed459224d50ed161f25f85812f34219c2ed327134c21c0d597a9,0x0914c946a8e2843113494be5676c0c82c02b9c93,True,Yes,0.0,False,,100,1613.4930529071642,2.0,0.0,-102.0,-1.0
14220,No change in Fed interest rates after January 2025 meeting?,fed-interest-rates-january-2025,512324,no-change-in-fed-interest-rates-after-january-2025-meeting,No,0.039779967746903795,123622.24,4917.69,4.0%,,,,,,,,,,2026-05-28 01:03:46 UTC,2025-01-27 10:58:31+00:00,2025-01-27 10:58:31 UTC,0xb399c7de75b756396968971f47dda14ba4a9c1d0ce4ecf4de622f5a83c1143e7,0xf359c2c374c7ce573171c00a0e05d208f11e3473,True,Yes,0.0,False,,100,2513.828081416263,2.0,0.0,-102.0,-1.0
11322,Will Biden finish his term?,will-biden-complete-his-term-as-president,503013,will-biden-complete-his-term-as-president,No,0.09,54600.0,4914.0,9.0%,,,,,,,,,,2026-05-28 01:01:35 UTC,2024-11-08 02:10:05+00:00,2024-11-08 02:10:05 UTC,0xb089b31cc18585cb8761e9d2c48aa6e1e6c4c89f47e73cfb83447ed92de21f00,0x80c228786e4940904fccdd54999edce5d3cbec5e,True,Yes,0.0,False,,100,1111.111111111111,2.0,0.0,-102.0,-1.0
12641,TikTok banned in the US before May 2025?,tiktok-banned-in-the-us-before-may-2025,507276,tiktok-banned-in-the-us-before-may-2025,No,0.011953787426721534,410246.545713,4904.0,1.2%,,,,,,,,,,2026-05-28 01:02:43 UTC,2025-01-20 18:35:02+00:00,2025-01-20 18:35:02 UTC,0xa99ec31ef99cba10373b90de3de097e77905804e5c5e3676b91672642297ad52,0x1c518a70786bed5098c4af806362e6ab9f425eb6,True,Yes,0.0,False,,100,8365.54946396819,2.0,0.0,-102.0,-1.0
15725,Will Trump acquire Greenland before July?,will-the-us-acquire-greenland-before-july,516184,will-the-us-acquire-greenland-before-july,Yes,0.04973155767855403,98528.987,4900.0,5.0%,,,,,,,,,,2026-05-28 01:04:24 UTC,2025-01-06 20:57:26+00:00,2025-01-06 20:57:26 UTC,0xecf71a52b040d4712db2eac2c117e2df2546526dd3e1ef78bd6028d11b3db2ec,0x4b3b857e5e42d0db9d8cc3e537bc48e2b6482a4e,True,No,0.0,False,,100,2010.7956530612246,2.0,0.0,-102.0,-1.0
17792,Fed decreases interest rates by 25 bps after June 2025 meeting?,fed-decision-in-june,521835,fed-decreases-interest-rates-by-25-bps-after-june-2025-meeting,Yes,0.0512597351152207,95474.547186,4894.0,5.1%,,,,,,,,,,2026-05-28 01:05:11 UTC,2025-06-02 13:36:01+00:00,2025-06-02 13:36:01 UTC,0x1390d73c5563c306a9668ccb271dbf4980236b9b1edd4f086b108d7ceeeb764e,0x0ca6cd1d2756ef79cf3380521c67efccb52504f8,True,No,0.0,False,,100,1950.848941673651,2.0,0.0,-102.0,-1.0
12641,TikTok banned in the US before May 2025?,tiktok-banned-in-the-us-before-may-2025,507276,tiktok-banned-in-the-us-before-may-2025,No,0.011903473140006393,410763.307691,4889.51,1.2%,,,,,,,,,,2026-05-28 01:02:43 UTC,2025-01-21 19:41:24+00:00,2025-01-21 19:41:24 UTC,0x2f9aafb81a94ce388c1b505426dba50487652928cdeed1164bb03871679df57f,0x6270f0a50664cbf3d4d70914ff7544ae7eb19ce7,True,Yes,0.0,False,,100,8400.90945086522,2.0,0.0,-102.0,-1.0
11639,Will Biden resign before the election?,biden-resigns-from-presidency-before-election,503972,biden-resigns-from-presidency-before-election,Yes,0.049552699155617996,98367.8,4874.39,5.0%,,,,,,,,,,2026-05-28 01:01:51 UTC,2024-09-19 10:27:23+00:00,2024-09-19 10:27:23 UTC,0xbadf444b14407b37330b8e04e4536ac26365931d468ad107cc2c16fb6f3bce90,0x8a7cc8c2c62a4cbaa42bbdecc01486a28e952c16,True,No,0.0,False,,100,2018.053541058471,2.0,0.0,-102.0,-1.0
11696,No change in Fed interest rates after 2024 September meeting?,fed-interest-rates-september-2024,504071,no-change-in-fed-interest-rates-after-2024-september-meeting,Yes,0.0408675315012234,119184.26,4870.77,4.1%,,,,,,,,,,2026-05-28 01:01:55 UTC,2024-09-05 01:25:11+00:00,2024-09-05 01:25:11 UTC,0x3a03805c7368384773f6cbd7102109b6c64087117cc7ef7042267071742cc731,0x2373809dadc2c73d05038df89e9399560f445b7f,True,No,0.0,False,,100,2446.9302726788483,2.0,0.0,-102.0,-1.0
13906,"Kamala wins 270-268 - MI, PA, WI ",kamala-wins-with-blue-wall-mi-pa-wi-270-evs,511402,kamala-wins-with-blue-wall-mi-pa-wi-270-evs,Yes,0.09850993989632181,49343.07,4860.78,9.9%,,,,,,,,,,2026-05-28 01:03:15 UTC,2024-11-01 21:40:46+00:00,2024-11-01 21:40:46 UTC,0xc5a249f6dd393cda74fcd4c61df014d4ddefae3274931b6806c0bc8813137a46,0xcf0d7f69cf162918b33fc1ea7449583fa537132d,True,No,0.0,False,,100,1015.1259873394139,2.0,0.0,-102.0,-1.0
17140,Fed decreases interest rates by 25 bps after May 2025 meeting?,fed-decision-in-may-2025,519777,fed-decreases-interest-rates-by-25-bps-after-may-2025-meeting,Yes,0.096974928,50000.0,4848.75,9.7%,,,,,,,,,,2026-05-28 01:04:56 UTC,2025-04-25 21:53:05+00:00,2025-04-25 21:53:05 UTC,0xd6ac6b800e3815c54dccbdcfaa7932603263a6773a4364e3624a152e3c73a2c1,0x3b5d93e768e79c0974ac0f7d210237988120cc80,True,No,0.0,False,,100,1031.1943722195906,2.0,0.0,-102.0,-1.0
14199,Will Trump create Bitcoin reserve in first 100 days?,will-trump-create-a-national-bitcoin-reserve-in-his-first-100-days,512250,will-trump-create-a-national-bitcoin-reserve-in-his-first-100-days,Yes,0.020632640611371118,234434.365,4837.0,2.1%,,,,,,,,,,2026-05-28 01:03:36 UTC,2025-04-30 02:41:35+00:00,2025-04-30 02:41:35 UTC,0x1c4dac884060932fc86a257d5e20c27181c0889df9408b006914ede3b20aad82,0x78555ead94c805f5a3f0806109fa27967df55c68,True,No,0.0,False,,100,4846.689373578664,2.0,0.0,-102.0,-1.0
14199,Will Trump create Bitcoin reserve in first 100 days?,will-trump-create-a-national-bitcoin-reserve-in-his-first-100-days,512250,will-trump-create-a-national-bitcoin-reserve-in-his-first-100-days,Yes,0.025197735835045657,191644.20294,4829.0,2.5%,,,,,,,,,,2026-05-28 01:03:36 UTC,2025-04-30 01:07:15+00:00,2025-04-30 01:07:15 UTC,0x364c48fdfde27538d96134b7a57e9bf4b8a38cb59ed9b62a54ac270d3b277e7b,0x78555ead94c805f5a3f0806109fa27967df55c68,True,No,0.0,False,,100,3968.610539242079,2.0,0.0,-102.0,-1.0
11827,No change in Fed interest rates after 2024 November meeting?,fed-interest-rates-november-2024,504493,no-change-in-fed-interest-rates-after-2024-november-meeting,Yes,0.053320548052265535,89976.382,4797.59,5.3%,,,,,,,,,,2026-05-28 01:02:03 UTC,2024-11-06 19:35:45+00:00,2024-11-06 19:35:45 UTC,0x3563ea1c0769a20abe0b99548d19dce3a18be2ff18e62fd4beb1f430247d820e,0x793ed7124b8d97d0b179aa635f4d7bbf36ebf338,True,No,0.0,False,,100,1875.4495903151376,2.0,0.0,-102.0,-1.0
15665,No change in Fed interest rates after March 2025 meeting?,fed-decision-in-march,516010,no-change-in-fed-interest-rates-after-march-2025-meeting,No,0.04712353496211981,101615.12,4788.46,4.7%,,,,,,,,,,2026-05-28 01:04:20 UTC,2025-02-27 21:25:57+00:00,2025-02-27 21:25:57 UTC,0x875b8e62b276c51f88a48bfa3b193eb461b408bd5f3113826aae9e04596509ae,0x23758d1cadfb3b7aabfdfb20a5d6bd4b0dc0e90d,True,Yes,0.0,False,,100,2122.0818871161696,2.0,0.0,-102.0,-1.0
17140,Fed decreases interest rates by 25 bps after May 2025 meeting?,fed-decision-in-may-2025,519777,fed-decreases-interest-rates-by-25-bps-after-may-2025-meeting,Yes,0.022045528632831417,214873.504641,4737.0,2.2%,,,,,,,,,,2026-05-28 01:04:55 UTC,2025-05-03 23:36:24+00:00,2025-05-03 23:36:24 UTC,0xb80e2550a14cb2284e783e1d8e6e580bfc02601193dd4d34e35e84c3de7ad9ab,0x86fcdeda4a77942ed90276780273a9d6183d0ffa,True,No,0.0,False,,100,4536.067230026613,2.0,0.0,-102.0,-1.0
12647,Will there be a 269-269 tie in Electoral College?,us-presidential-election-ends-in-electoral-college-tie,507282,us-presidential-election-ends-in-electoral-college-tie,Yes,0.08446926206145429,55928.865527,4724.27,8.4%,,,,,,,,,,2026-05-28 01:02:46 UTC,2024-11-05 01:33:04+00:00,2024-11-05 01:33:04 UTC,0xf5f6baa220c5c655399417032ac893b49562b6350691c8e65c8711aaba2b2fd2,0xe083537d22ac9903b616bb10e731285f8224fcb5,True,No,0.0,False,,100,1183.8625975830896,2.0,0.0,-102.0,-1.0
15437,Will Biden pardon SBF?,who-will-biden-pardon,500502,will-biden-pardon-sbf-this-term,Yes,0.05812500115469673,81183.654284,4718.8,5.8%,,,,,,,,,,2026-05-28 01:04:14 UTC,2024-12-26 23:00:44+00:00,2024-12-26 23:00:44 UTC,0xf52a61003bb309a4f4508861bab2da3518770ab82510451992a9e1b7c75f6e5d,0x20fda1bd98fea1e7032e4f7ca683dbedd9b074d4,True,No,0.0,False,,100,1720.4300733492476,2.0,0.0,-102.0,-1.0
16180,Maduro out in 2025?,maduro-out-in-2025,516947,maduro-out-in-2025-411,Yes,0.03720516108086346,126438.640832,4704.17,3.7%,,,,,,,,,,2026-05-28 01:04:28 UTC,2025-12-31 03:44:27+00:00,2025-12-31 03:44:27 UTC,0xfe6662be505a069c5d6a9be939beacdc008650bc685425107c66d81e62cc1881,0x168b100d7a6620a2f49a455344c2c006eaf1714b,True,No,0.0,False,,100,2687.799141163648,2.0,0.0,-102.0,-1.0
17140,No change in Fed interest rates after May 2025 meeting?,fed-decision-in-may-2025,519778,no-change-in-fed-interest-rates-after-may-2025-meeting,No,0.093684044,50000.0,4684.2,9.4%,,,,,,,,,,2026-05-28 01:04:56 UTC,2025-04-25 01:00:42+00:00,2025-04-25 01:00:42 UTC,0xa9d63d2f296c6cffdd50dc99e2597102387e3d5eeba8ef921c8ca98906b3bb4c,0x3b5d93e768e79c0974ac0f7d210237988120cc80,True,Yes,0.0,False,,100,1067.4176277018955,2.0,0.0,-102.0,-1.0
11887,Tim Walz replaced as Democratic VP nominee?,tim-walz-out-as-democratic-vp-nominee,504598,tim-walz-out-as-democratic-vp-nominee,Yes,0.07243085225205378,64641.44,4682.03,7.2%,,,,,,,,,,2026-05-28 01:02:11 UTC,2024-08-12 01:45:03+00:00,2024-08-12 01:45:03 UTC,0x289f712b7410be52ad3d9ff10f6203fcbec528662294f742f316c4f8cb150070,0x10b30364936b03d26b3fd01a63d1f991454b40d4,True,No,0.0,False,,100,1380.6271345808234,2.0,0.0,-102.0,-1.0
17792,No change in Fed interest rates after June 2025 meeting?,fed-decision-in-june,521836,no-change-in-fed-interest-rates-after-june-2025-meeting,No,0.0465858007,100000.0,4658.58,4.7%,,,,,,,,,,2026-05-28 01:05:11 UTC,2025-06-01 20:02:39+00:00,2025-06-01 20:02:39 UTC,0x93168aed8f926f0ad8cff8ef86a24b1c1024e188d78964b0328200b3931cc35a,0x7c07dc57ffbdd38d5060fd6f9b8da36919555214,True,Yes,0.0,False,,100,2146.576821636555,2.0,0.0,-102.0,-1.0
12641,TikTok banned in the US before May 2025?,tiktok-banned-in-the-us-before-may-2025,507276,tiktok-banned-in-the-us-before-may-2025,No,0.01882482265511976,244557.948,4603.76,1.9%,,,,,,,,,,2026-05-28 01:02:43 UTC,2025-01-20 13:02:40+00:00,2025-01-20 13:02:40 UTC,0x4ae675efcacb0959cf38baaa028bf7364c805802c78839c758800be9ea0b16f0,0xc371b2c7b1004da9c95466c9642084d8ff0f8d0b,True,Yes,0.0,False,,100,5312.1350374476515,2.0,0.0,-102.0,-1.0
16108,Russia x Ukraine ceasefire in 2025?,russia-x-ukraine-ceasefire-in-2025,516719,russia-x-ukraine-ceasefire-in-2025,Yes,0.08,57537.44,4603.0,8.0%,,,,,,,,,,2026-05-28 01:04:31 UTC,2025-12-02 13:32:26+00:00,2025-12-02 13:32:26 UTC,0x13a38c67c157ecb086c0331adc6c6d5f578521e42ed8bb0a11895b2556c6013c,0xb0c8d15580046252d4542b9071f0e53629056789,True,No,0.0,False,,100,1250.0,2.0,0.0,-102.0,-1.0
13143,Israel strike on Iranian nuclear facility in 2024?,israel-strike-on-iranian-nuclear-facility-in-2024,508671,israel-strike-on-iranian-nuclear-facility-in-2024,No,0.01488176627295364,309216.76,4601.69,1.5%,,,,,,,,,,2026-05-28 01:02:53 UTC,2024-11-18 14:58:19+00:00,2024-11-18 14:58:19 UTC,0x1d7ec46b0f192bbc49cc9e958f4ca5940d99aeb63936516b3315a87a2d84cb16,0xa85331305b83895b6b28bad50b914f9057680ace,True,Yes,0.0,False,,100,6719.632479495502,2.0,0.0,-102.0,-1.0
11639,Will Biden resign before the election?,biden-resigns-from-presidency-before-election,503972,biden-resigns-from-presidency-before-election,Yes,0.019721747308313366,233206.01,4599.23,2.0%,,,,,,,,,,2026-05-28 01:01:51 UTC,2024-10-02 17:03:16+00:00,2024-10-02 17:03:16 UTC,0x201ba76c24ff2345d2afdd0d7386f21699534b1e230f96b6ceefba48d45290bd,0x0f50a317131f6d8b1d8494411baef3da11b24861,True,No,0.0,False,,100,5070.544634645365,2.0,0.0,-102.0,-1.0
5821,"Will Donald Trump be President of the USA on September 30, 2023?",will-donald-trump-be-president-of-the-usa-on,249164,will-donald-trump-be-president-of-the-usa-on-september-30-2023,Yes,0.03990789473684211,114000.0,4549.5,4.0%,164189.61860299998,,1366.51,0.058729,0.06,0.0,0.06,0.027709,77465.987842,2026-05-28 01:01:09 UTC,2023-06-20 13:39:29+00:00,2023-06-20 13:39:29 UTC,0x5588b624cc2530ade1492e4396a7b8bdb32c465e034a97f4b1269bf7539d8277,0xcf7c3d0c796b2aaaccfd613236431a0ec7cdf2cb,True,No,0.06,False,75825.0,100,2505.76986482031,2.0,0.0,-102.0,-1.0
11696,No change in Fed interest rates after 2024 September meeting?,fed-interest-rates-september-2024,504071,no-change-in-fed-interest-rates-after-2024-september-meeting,Yes,0.04502956308303229,100891.71,4543.11,4.5%,,,,,,,,,,2026-05-28 01:01:55 UTC,2024-08-29 08:45:42+00:00,2024-08-29 08:45:42 UTC,0xb85af9d5d583fe16b49853052635a0f3bea96ca6a79c432789bf08a236851906,0x2373809dadc2c73d05038df89e9399560f445b7f,True,No,0.0,False,,100,2220.763275353237,2.0,0.0,-102.0,-1.0
14874,Will Rafał Trzaskowski be the next President of Poland?,poland-presidential-election,514139,will-rafa-trzaskowski-be-the-next-president-of-poland,Yes,0.0973840871133578,46574.652322,4535.63,9.7%,,,,,,,,,,2026-05-28 01:04:01 UTC,2025-06-01 23:00:41+00:00,2025-06-01 23:00:41 UTC,0x14f2088d8089afdb46a4e26e9a41e92eae2007ee81b6f44accfa8e3efd0df68c,0x876ae599196bb4a409e7bde911d5783b3cd19b82,True,No,0.0,False,,100,1026.8618104269665,2.0,0.0,-102.0,-1.0
11797,Will Kamala Harris drop out in August?,will-kamala-drop-out-in-august,504399,will-kamala-drop-out-in-august,Yes,0.03658424769094462,123589.5,4521.43,3.7%,,,,,,,,,,2026-05-28 01:01:58 UTC,2024-08-06 19:44:24+00:00,2024-08-06 19:44:24 UTC,0x2704ebc4e5776bb55cdccf7d8b2fd7b8441ea9f4c1fd498001f39ecf2e1d93f9,0x462d3d73db674a846566e3d0b0f27722043b9b31,True,No,0.0,False,,100,2733.4168750653885,2.0,0.0,-102.0,-1.0
11322,Will Biden finish his term?,will-biden-complete-his-term-as-president,503013,will-biden-complete-his-term-as-president,No,0.09,50000.0,4500.0,9.0%,,,,,,,,,,2026-05-28 01:01:35 UTC,2024-11-15 20:16:32+00:00,2024-11-15 20:16:32 UTC,0x138d22a7c7bf7c4214eaa147324b28f7da1847ab1fd2acf980234a3b8fe45b79,0xa045cb6d2be1011a1b97ee393ab3535c42ab87c3,True,Yes,0.0,False,,100,1111.111111111111,2.0,0.0,-102.0,-1.0
11639,Will Biden resign before the election?,biden-resigns-from-presidency-before-election,503972,biden-resigns-from-presidency-before-election,Yes,0.06917743741752633,65050.11125,4500.0,6.9%,,,,,,,,,,2026-05-28 01:01:51 UTC,2024-08-13 06:38:37+00:00,2024-08-13 06:38:37 UTC,0x1339f427cb71a5544742880f14f6c3f2bf7fca2537e7248751fdec6b609da1fd,0x3de05f7ad048288e16383e857689f46adcd8d8e2,True,No,0.0,False,,100,1445.5580277777776,2.0,0.0,-102.0,-1.0
12641,TikTok banned in the US before May 2025?,tiktok-banned-in-the-us-before-may-2025,507276,tiktok-banned-in-the-us-before-may-2025,No,0.08116714457881395,55441.152,4500.0,8.1%,,,,,,,,,,2026-05-28 01:02:43 UTC,2025-01-19 18:08:03+00:00,2025-01-19 18:08:03 UTC,0xc810e899ea45c5ddca7e87af76d8737b0dfb74ae602e8461cad90bb58e79a787,0x15b64810a8a365a1d93337247fe468e687caf9e1,True,Yes,0.0,False,,100,1232.0256,2.0,0.0,-102.0,-1.0
15665,Fed decreases interest rates by 25 bps after March 2025 meeting?,fed-decision-in-march,516009,fed-decreases-interest-rates-by-25-bps-after-march-2025-meeting,Yes,0.05198411966238911,86522.09,4497.77,5.2%,,,,,,,,,,2026-05-28 01:04:20 UTC,2025-03-04 21:39:14+00:00,2025-03-04 21:39:14 UTC,0xfd40341f7c069de32a5e81cb0740a38412545a85d37e1799bb5746607a7d245a,0xa9ee0279edee743ed85fb293c079994a24635a28,True,No,0.0,False,,100,1923.664393077156,2.0,0.0,-102.0,-1.0
16108,Russia x Ukraine ceasefire in 2025?,russia-x-ukraine-ceasefire-in-2025,516719,russia-x-ukraine-ceasefire-in-2025,Yes,0.08,55938.46,4475.08,8.0%,,,,,,,,,,2026-05-28 01:04:33 UTC,2025-11-19 12:01:17+00:00,2025-11-19 12:01:17 UTC,0xab6af3f75911cb0c14489a9d1cb53426bc88a6e71f00edbfc42f01a869269b1c,0x9a630502a44e048533962e628881efdbf7444fc1,True,No,0.0,False,,100,1250.0,2.0,0.0,-102.0,-1.0
15586,Will  Alice Weidel be the next Chancellor of Germany?,next-chancellor-of-germany,515796,will-alice-weidel-be-the-next-chancellor-of-germany,Yes,0.06897768752214306,64749.42,4466.27,6.9%,,,,,,,,,,2026-05-28 01:04:17 UTC,2025-01-05 04:42:57+00:00,2025-01-05 04:42:57 UTC,0x3ee9241fd620341771ebbd5f45539a0e420b7b5ad1a9ce342245f8af14fd59a9,0x8e277140b21a31c05e95b8bedbc49ca16f3ee1d9,True,No,0.0,False,,100,1449.744164993908,2.0,0.0,-102.0,-1.0
13551,Trump ends Ukraine war in first 90 days?,trump-wins-ends-ukraine-war-in-90-days,510319,trump-wins-ends-ukraine-war-in-90-days,Yes,0.06478504602576719,68577.89,4442.82,6.5%,,,,,,,,,,2026-05-28 01:03:04 UTC,2025-04-19 13:49:11+00:00,2025-04-19 13:49:11 UTC,0x33d236e3ac6d42d6ff0878b9c4e513182648fdcb50d6ad50476fc2f56c002cdd,0xf743f416caa37f672e8434a9132f681a8fa0ac84,True,No,0.0,False,,100,1543.5660871526838,2.0,0.0,-102.0,-1.0
13431,Israel military action against Iraq before November?,israel-military-action-against-iraq-before-november,509855,israel-military-action-against-iraq-before-november,No,0.011581153132485126,382433.42,4429.02,1.2%,,,,,,,,,,2026-05-28 01:02:59 UTC,2024-10-29 11:31:51+00:00,2024-10-29 11:31:51 UTC,0x5345f86337512e8834ea88a795d58b2f3a21d6a05499ef6811b6904bad09a75d,0x02029ec181403605c818110298369c99e18d7871,True,Yes,0.0,False,,100,8634.718741392002,2.0,0.0,-102.0,-1.0
17792,Fed decreases interest rates by 25 bps after June 2025 meeting?,fed-decision-in-june,521835,fed-decreases-interest-rates-by-25-bps-after-june-2025-meeting,Yes,0.029519291133333334,150000.0,4427.89,3.0%,,,,,,,,,,2026-05-28 01:05:09 UTC,2025-06-13 02:10:25+00:00,2025-06-13 02:10:25 UTC,0x696e1b4e750ff2fe9cf5a0db64fa13973fc877f45a554439ba2994879a88f94c,0x9ef538536e8bbf0a3da170b3819d6dc5147d8898,True,No,0.0,False,,100,3387.6152224766497,2.0,0.0,-102.0,-1.0
12641,TikTok banned in the US before May 2025?,tiktok-banned-in-the-us-before-may-2025,507276,tiktok-banned-in-the-us-before-may-2025,No,0.012970837869801653,336457.832856,4364.14,1.3%,,,,,,,,,,2026-05-28 01:02:43 UTC,2025-01-20 08:05:03+00:00,2025-01-20 08:05:03 UTC,0xbd4aff115aede79da1fc995613b99c6356c0064e26ca724ae44d0092fe602964,0x24f2f433f6c7ab38699c8559e53e90df535ce3a0,True,Yes,0.0,False,,100,7709.602186364325,2.0,0.0,-102.0,-1.0
10656,Will a Republican win the popular vote and a Democrat win the Presidency?,which-party-wins-presidency-popular-vote,501588,will-a-republican-win-the-popular-vote-and-a-democrat-win-the-presidency,Yes,0.02599742925917793,167768.76,4361.56,2.6%,,,,,,,,,,2026-05-28 01:01:21 UTC,2024-11-01 23:50:29+00:00,2024-11-01 23:50:29 UTC,0x2132f3e580a53609cb5f2820f6aceaea28e41ef7153baaf591d3d50224c65f59,0xfffe4013adfe325c6e02d36dc66e091f5476f52c,True,No,0.0,False,,100,3846.5341708621736,2.0,0.0,-102.0,-1.0
17792,Fed decreases interest rates by 50+ bps after June 2025 meeting?,fed-decision-in-june,521834,fed-decreases-interest-rates-by-50-bps-after-june-2025-meeting,Yes,0.01691452360891456,256999.257,4347.02,1.7%,,,,,,,,,,2026-05-28 01:05:12 UTC,2025-05-15 03:05:47+00:00,2025-05-15 03:05:47 UTC,0xd79ac8681dfb5b3489a5b1498ba1e30f335997104f0826fc041ebb901297a11c,0x3859379fb35dfeb7c496e4a4c9f5218e7b983480,True,No,0.0,False,,100,5912.079010448537,2.0,0.0,-102.0,-1.0
11827,Fed decreases interest rates by 50 bps after November 2024 meeting?,fed-interest-rates-november-2024,504491,fed-decreases-interest-rates-by-50-bps-after-november-2024-meeting,Yes,0.07790979777140332,55343.103465,4311.77,7.8%,,,,,,,,,,2026-05-28 01:02:03 UTC,2024-10-31 08:23:04+00:00,2024-10-31 08:23:04 UTC,0xc6d213249f2ecbd0f15bdb34e1b72d35dba292de3d096bbc4507f91045d28fa3,0x5bf0816f7a3ff41fb9c60bbfb7434672941f3cc0,True,No,0.0,False,,100,1283.5356124708728,2.0,0.0,-102.0,-1.0
11968,Will Tim Walz be D-nom for VP on Election Day?,democratic-vp-nominee-on-election-day,504878,will-tim-walz-be-d-nom-for-vp-on-election-day,No,0.03443718154275903,125038.39763,4305.97,3.4%,,,,,,,,,,2026-05-28 01:02:13 UTC,2024-10-14 04:15:16+00:00,2024-10-14 04:15:16 UTC,0x2798c9e84576fda312c482bd86a67f7388e43032f3c808bcd7345b03cecd975b,0x770f2e8e7fb2e766fcfdd0341b70bce6c4e28264,True,Yes,0.0,False,,100,2903.838105212957,2.0,0.0,-102.0,-1.0
12641,TikTok banned in the US before May 2025?,tiktok-banned-in-the-us-before-may-2025,507276,tiktok-banned-in-the-us-before-may-2025,No,0.03856770568753402,111612.291223,4304.63,3.9%,,,,,,,,,,2026-05-28 01:02:43 UTC,2025-01-19 18:59:15+00:00,2025-01-19 18:59:15 UTC,0xeaba64d5cb710a9009cdb862ae3829a0b09a357ec33bdf5f5d6a7a5bca43c0d5,0xe2ae457f4ef7db083e29780fc1c0bddc44508072,True,Yes,0.0,False,,100,2592.842851741693,2.0,0.0,-102.0,-1.0
11639,Will Biden resign before the election?,biden-resigns-from-presidency-before-election,503972,biden-resigns-from-presidency-before-election,Yes,0.09,47796.31,4301.67,9.0%,,,,,,,,,,2026-05-28 01:01:51 UTC,2024-08-26 20:42:33+00:00,2024-08-26 20:42:33 UTC,0x459d6e91bcdecb4d4b29c87e3257a714c9b1fd55e2e038d6f397c5c8eb685abd,0x926580d1b5264b727e2a023807602938e9c8bff9,True,No,0.0,False,,100,1111.111111111111,2.0,0.0,-102.0,-1.0
12641,TikTok banned in the US before May 2025?,tiktok-banned-in-the-us-before-may-2025,507276,tiktok-banned-in-the-us-before-may-2025,No,0.0556037449606794,77332.920688,4300.0,5.6%,,,,,,,,,,2026-05-28 01:02:43 UTC,2025-01-19 17:58:25+00:00,2025-01-19 17:58:25 UTC,0x73bb974d54e317aa8ce834feb41d799bd97adef7871ddeaefbec6206d5c44539,0xf2554592b09477d670154cfb9c8fe5ef13824eb7,True,Yes,0.0,False,,100,1798.440016418242,2.0,0.0,-102.0,-1.0
11696,No change in Fed interest rates after 2024 September meeting?,fed-interest-rates-september-2024,504071,no-change-in-fed-interest-rates-after-2024-september-meeting,Yes,0.04472777984157276,94811.546963,4240.71,4.5%,,,,,,,,,,2026-05-28 01:01:55 UTC,2024-09-05 23:49:53+00:00,2024-09-05 23:49:53 UTC,0x5ed9d722b7f3c8150120520cafa349c9f8923dedda7615662e9fecf850261efb,0x2373809dadc2c73d05038df89e9399560f445b7f,True,No,0.0,False,,100,2235.7470089998483,2.0,0.0,-102.0,-1.0
10588,Will Tulsi Gabbard win the 2024 Republican VP nomination?,republican-vp-supplemental,501432,will-tulsi-gabbard-win-the-2024-republican-vp-nomination,Yes,0.06875702532811918,61481.47,4227.28,6.9%,,,,,,,,,,2026-05-28 01:01:21 UTC,2024-05-18 00:56:40+00:00,2024-05-18 00:56:40 UTC,0xaf53b7dd1525c82003bbc09556dd5436b4c175cfa7aff24801614405328d110a,0x50bcabfd0fb9665916b6d821c8b427deda7278c2,True,No,0.0,False,,100,1454.3968346912116,2.0,0.0,-102.0,-1.0
11968,Will Tim Walz be D-nom for VP on Election Day?,democratic-vp-nominee-on-election-day,504878,will-tim-walz-be-d-nom-for-vp-on-election-day,No,0.01,415237.58,4152.38,1.0%,,,,,,,,,,2026-05-28 01:02:13 UTC,2024-10-12 00:04:29+00:00,2024-10-12 00:04:29 UTC,0xbaea145666f3ad6154e7533b851060c662be2828fc8a4ae3cc6a4df8a33b590b,0x4ce73141dbfce41e65db3723e31059a730f0abad,True,Yes,0.0,False,,100,10000.0,2.0,0.0,-102.0,-1.0
12327,Will there be a US Government shutdown? ,us-government-shutdown-before-2025,506202,us-government-shutdown-before-2025,No,0.023480017115960632,175275.0,4115.46,2.3%,,,,,,,,,,2026-05-28 01:02:35 UTC,2024-12-22 22:55:04+00:00,2024-12-22 22:55:04 UTC,0x5ccd21e9db31a115760cfb76a5bc519856b162f3f543f0717625272e085318f6,0x3421306ace4a6a112a97552ee99a3fea4f6ae48e,True,Yes,0.0,False,,100,4258.940677348341,2.0,0.0,-102.0,-1.0
16108,Russia x Ukraine ceasefire in 2025?,russia-x-ukraine-ceasefire-in-2025,516719,russia-x-ukraine-ceasefire-in-2025,Yes,0.04017147460306028,102360.44456,4111.97,4.0%,,,,,,,,,,2026-05-28 01:04:29 UTC,2025-12-13 19:18:57+00:00,2025-12-13 19:18:57 UTC,0xa2e38fc4d632de4aa213cb845ea6111169264f47f6edbe4a2d7887cdaf4b75da,0x5b1b7d7d5922c1dc3441a545ba3be8da33ea0d9e,True,No,0.0,False,,100,2489.328584228321,2.0,0.0,-102.0,-1.0
16432,Conservatives win majority in Canadian election?,will-the-conservative-party-win-a-majority-in-next-canadian-election,517600,will-the-conservative-party-win-a-majority-in-next-canadian-election,Yes,0.08281010555171098,49559.53107,4104.03,8.3%,,,,,,,,,,2026-05-28 01:04:36 UTC,2025-04-27 08:33:45+00:00,2025-04-27 08:33:45 UTC,0xbfe1c0dc2db04f2d6719c3e15f6f196b49322e920eac35e890a57682315f12cd,0xa44e24c97fb0c1d7521ceba0b0224d0015b678f4,True,No,0.0,False,,100,1207.5820859515118,2.0,0.0,-102.0,-1.0
15437,Will Biden pardon SBF?,who-will-biden-pardon,500502,will-biden-pardon-sbf-this-term,Yes,0.041,100000.0,4100.0,4.1%,,,,,,,,,,2026-05-28 01:04:14 UTC,2024-12-14 19:22:35+00:00,2024-12-14 19:22:35 UTC,0x4a482f05f94766093e1dd30b65a096b2530ef91b37b333434866f537d5443d1a,0x442341108629af784b50eedcb7c00047b1eb5d17,True,No,0.0,False,,100,2439.0243902439024,2.0,0.0,-102.0,-1.0
14547,Will Assad remain President of Syria through 2024?,will-assad-remain-president-of-syria-through-2024,513334,will-assad-remain-president-of-syria-through-2024,Yes,0.011540957926884093,355119.17,4098.42,1.2%,,,,,,,,,,2026-05-28 01:03:57 UTC,2024-12-08 04:38:18+00:00,2024-12-08 04:38:18 UTC,0x7864b955dd45379b3ce3d9928a29b4c18ef2f84d88a6cc8680114e36b8b8a420,0x84cd0f52546cac4019ace37c48ad2100dd7ddad2,True,No,0.0,False,,100,8664.792007174285,2.0,0.0,-102.0,-1.0
17174,Was JFK assassination an inside job?,was-jfk-assassination-an-inside-job-march-31,519906,was-jfk-assassination-an-inside-job-march-31,Yes,0.046708298915900726,87678.851383,4095.33,4.7%,,,,,,,,,,2026-05-28 01:04:59 UTC,2025-03-18 16:47:17+00:00,2025-03-18 16:47:17 UTC,0x384429fd47af35659cb9326da4983cdf1ba91b1f4d468b3596acb856a7c30ff8,0xe877e0931f31eb6dd5e6bd1ca7e702f84088bb43,True,No,0.0,False,,100,2140.9471618748544,2.0,0.0,-102.0,-1.0
11143,Will Trump launch a coin before the election?,will-trump-launch-a-coin-before-the-election,502571,will-trump-launch-a-coin-before-the-election,No,0.027543044943007605,148638.25,4093.95,2.8%,,,,,,,,,,2026-05-28 01:01:31 UTC,2024-10-16 22:09:01+00:00,2024-10-16 22:09:01 UTC,0x84fa0444510294171a5f6cfcfe1f15e650bf19aded43c9d0d7dadabe3e7aeacf,0x0488087c529b1ef5b399b3d031d7b51c9a46bab2,True,Yes,0.0,False,,100,3630.680638503157,2.0,0.0,-102.0,-1.0
12299,Will Guilherme Boulos win the 2024 São Paulo mayoral election?,so-paulo-mayoral-election-2024,506121,will-guilherme-boulos-win-the-2024-so-paulo-mayoral-election,Yes,0.029,140810.55,4083.51,2.9%,,,,,,,,,,2026-05-28 01:02:33 UTC,2024-10-18 17:30:19+00:00,2024-10-18 17:30:19 UTC,0xf8314a321fd9ffd3bd474d95143cd6d0e9022b87510555ad1cd864730f5782e7,0xd155816848b951410b2ffce49d9cf2725f69f311,True,No,0.0,False,,100,3448.275862068965,2.0,0.0,-102.0,-1.0
12641,TikTok banned in the US before May 2025?,tiktok-banned-in-the-us-before-may-2025,507276,tiktok-banned-in-the-us-before-may-2025,No,0.010999730540675602,371076.362726,4081.74,1.1%,,,,,,,,,,2026-05-28 01:02:43 UTC,2025-01-21 14:25:56+00:00,2025-01-21 14:25:56 UTC,0xe39912c2667d38e93061aa210552543cae1596581f6b0036730b1fbf90dbb0cc,0x7ae86f54e7030451e66dec921b7581f46a35d5d3,True,Yes,0.0,False,,100,9091.131790020923,2.0,0.0,-102.0,-1.0
14220,Fed decreases interest rates by 25 bps after January 2025 meeting?,fed-interest-rates-january-2025,512323,fed-decreases-interest-rates-by-25-bps-after-january-2025-meeting,Yes,0.026725112074765002,152723.774837,4081.56,2.7%,,,,,,,,,,2026-05-28 01:03:45 UTC,2025-01-29 14:39:02+00:00,2025-01-29 14:39:02 UTC,0x6fedde983127c04738512ebbc01e86aac040fb471180689af5e86279bfe1a457,0x570ab11703927378455d33b63082660b1c1c7fad,True,No,0.0,False,,100,3741.799088447015,2.0,0.0,-102.0,-1.0
14039,Will Biden resign in 2024?,will-biden-resign-in-2024,511885,will-biden-resign-in-2024,Yes,0.02976993605839416,137000.0,4078.48,3.0%,,,,,,,,,,2026-05-28 01:03:33 UTC,2024-12-12 01:14:14+00:00,2024-12-12 01:14:14 UTC,0x37ce2d0cbafd0d24aadf3d2c02ef86682cb9b9ba5cec690b264f00baaecd661b,0x48362f4c13c94804eb5a9bd79cf6de830d930964,True,No,0.0,False,,100,3359.093543360273,2.0,0.0,-102.0,-1.0
11322,Will Biden finish his term?,will-biden-complete-his-term-as-president,503013,will-biden-complete-his-term-as-president,No,0.08,50780.125,4062.41,8.0%,,,,,,,,,,2026-05-28 01:01:34 UTC,2024-12-20 22:18:22+00:00,2024-12-20 22:18:22 UTC,0xe6124d3c153709934560e6b5ea9dec46447da445df215f17117233a09cadc25d,0x008bf350637ce1ea308b3622a0d44116f9f3b476,True,Yes,0.0,False,,100,1250.0,2.0,0.0,-102.0,-1.0
10223,"2024 Balance of Power: D Prez, R Senate, R House",balance-of-power-2024-election,500638,2024-balance-of-power-democratic-presidency-republican-house-and-senate,Yes,0.07871008209879486,51198.650688,4029.85,7.9%,,,,,,,,,,2026-05-28 01:01:13 UTC,2024-11-05 18:42:48+00:00,2024-11-05 18:42:48 UTC,0xe0a3e17c27d7577be183bb6618eb0b2ccebace91eb72ffef196a4daee112bdda,0xe9f3b839f2a4b362d067ffb575c56f8741c9c4a6,True,No,0.0,False,,100,1270.4852711814299,2.0,0.0,-102.0,-1.0
11696,No change in Fed interest rates after 2024 September meeting?,fed-interest-rates-september-2024,504071,no-change-in-fed-interest-rates-after-2024-september-meeting,Yes,0.024575298600148603,163816.9312,4025.85,2.5%,,,,,,,,,,2026-05-28 01:01:55 UTC,2024-09-11 03:46:48+00:00,2024-09-11 03:46:48 UTC,0x19c022b5300606dc083c509e7a66bfe0262e7ae619d5f34fd10498f1c4c81737,0x2373809dadc2c73d05038df89e9399560f445b7f,True,No,0.0,False,,100,4069.1265496727397,2.0,0.0,-102.0,-1.0
10170,Will a Republican win New York Presidential Election?,new-york-presidential-election-winner-2024,500515,will-a-republican-win-new-york-presidential-election,Yes,0.036770206309059736,108783.724665,4000.0,3.7%,,,,,,,,,,2026-05-28 01:01:15 UTC,2024-10-12 16:11:31+00:00,2024-10-12 16:11:31 UTC,0x23d08bfe8c2c1c34f99524ec022851c5637158024247432012a6df4c338072e1,0xb3fad39bf08aaaf5e9c0c503c6dc68ebca5c1ff7,True,No,0.0,False,,100,2719.593117304898,2.0,0.0,-102.0,-1.0
11696,No change in Fed interest rates after 2024 September meeting?,fed-interest-rates-september-2024,504071,no-change-in-fed-interest-rates-after-2024-september-meeting,Yes,0.0453890807477774,88126.922447,4000.0,4.5%,,,,,,,,,,2026-05-28 01:01:55 UTC,2024-09-05 07:45:01+00:00,2024-09-05 07:45:01 UTC,0x047f857dcb6a98b2891dad8d7a41f5e92d1981c75f8e02c9590e99a05d2b5999,0x2373809dadc2c73d05038df89e9399560f445b7f,True,No,0.0,False,,100,2203.1730617257936,2.0,0.0,-102.0,-1.0
11878,No change in Fed interest rates after December 2024 meeting?,fed-interest-rates-december-2024,504587,no-change-in-fed-interest-rates-after-december-2024-meeting,Yes,0.05421124248196795,73785.433,4000.0,5.4%,,,,,,,,,,2026-05-28 01:01:59 UTC,2024-12-12 16:01:41+00:00,2024-12-12 16:01:41 UTC,0xf67744f13d62e8d5a4fba8a7f3a50604203bfb63cd40fff4595e3e0e86acbfe9,0xf279d533993d8b33ffecd6821bdfa7440f4766a4,True,No,0.0,False,,100,1844.635825,2.0,0.0,-102.0,-1.0
11827,No change in Fed interest rates after 2024 November meeting?,fed-interest-rates-november-2024,504493,no-change-in-fed-interest-rates-after-2024-november-meeting,Yes,0.02560350064103275,156228.636665,4000.0,2.6%,,,,,,,,,,2026-05-28 01:02:03 UTC,2024-11-07 08:11:33+00:00,2024-11-07 08:11:33 UTC,0xa6e724a172db00f161f6106da5bea41656513ddaef931fbf1d8f01aa9ca6bede,0x708becae9bda5e90cf9254023c349f690ff55165,True,No,0.0,False,,100,3905.715917601429,2.0,0.0,-102.0,-1.0
16180,Maduro out in 2025?,maduro-out-in-2025,516947,maduro-out-in-2025-411,Yes,0.033753456132222436,118506.382971,4000.0,3.4%,,,,,,,,,,2026-05-28 01:04:28 UTC,2025-12-26 16:48:21+00:00,2025-12-26 16:48:21 UTC,0xe31b40842962e593d5d1bad102d95d333e00fd0b021dcc6e68ae07116572452e,0x36c2b074b2eb2e3aac2dc7226dd18e7c72956127,True,No,0.0,False,,100,2962.659575015665,2.0,0.0,-102.0,-1.0
16108,Russia x Ukraine ceasefire in 2025?,russia-x-ukraine-ceasefire-in-2025,516719,russia-x-ukraine-ceasefire-in-2025,Yes,0.08,50000.0,4000.0,8.0%,,,,,,,,,,2026-05-28 01:04:33 UTC,2025-11-03 15:30:35+00:00,2025-11-03 15:30:35 UTC,0x599d0361a1c04bd7aceb757b2e2f02df2c29171151041afdb8edfb6230d83021,0x8b71010f8d18ccce16a37434778117ee2d6b8044,True,No,0.0,False,,100,1250.0,2.0,0.0,-102.0,-1.0
17140,Fed decreases interest rates by 25 bps after May 2025 meeting?,fed-decision-in-may-2025,519777,fed-decreases-interest-rates-by-25-bps-after-may-2025-meeting,Yes,0.08,50000.0,4000.0,8.0%,,,,,,,,,,2026-05-28 01:04:56 UTC,2025-04-24 00:32:41+00:00,2025-04-24 00:32:41 UTC,0x90b13252aa537c77b74afac1379362ffad2719c5196efda1c10d0088bb6da614,0x3b5d93e768e79c0974ac0f7d210237988120cc80,True,No,0.0,False,,100,1250.0,2.0,0.0,-102.0,-1.0
11143,Will Trump launch a coin before the election?,will-trump-launch-a-coin-before-the-election,502571,will-trump-launch-a-coin-before-the-election,No,0.014595982704950454,273706.81925,3995.02,1.5%,,,,,,,,,,2026-05-28 01:01:31 UTC,2024-10-16 01:24:27+00:00,2024-10-16 01:24:27 UTC,0xca77f03efb9b90506ba2f272fb2ff65a6a769c1d1f3f6f52b0f889b9d362a81d,0xc3896107e49ed4d51cddd064ebadcae059067212,True,Yes,0.0,False,,100,6851.200225530785,2.0,0.0,-102.0,-1.0
17140,No change in Fed interest rates after May 2025 meeting?,fed-decision-in-may-2025,519778,no-change-in-fed-interest-rates-after-may-2025-meeting,No,0.018797027071231615,212106.413684,3986.97,1.9%,,,,,,,,,,2026-05-28 01:04:56 UTC,2025-05-03 15:52:23+00:00,2025-05-03 15:52:23 UTC,0x32436f50bb1b60997aac920b5b8a500b1853290e4e6b3c47766cc0e1ca3e516b,0x3779a26d29477e350389e67c1e81d705fa360f80,True,Yes,0.0,False,,100,5319.9902102097585,2.0,0.0,-102.0,-1.0
16108,Russia x Ukraine ceasefire in 2025?,russia-x-ukraine-ceasefire-in-2025,516719,russia-x-ukraine-ceasefire-in-2025,Yes,0.036627349622326465,108718.486051,3982.07,3.7%,,,,,,,,,,2026-05-28 01:04:29 UTC,2025-12-17 16:16:10+00:00,2025-12-17 16:16:10 UTC,0x01be7187ecac117346e78809942aca66c981223a2c730ffd0307a6d4b685a36d,0x2778680e7c3e30508cd46c9c662ecabde6ca8547,True,No,0.0,False,,100,2730.200274688843,2.0,0.0,-102.0,-1.0
12641,TikTok banned in the US before May 2025?,tiktok-banned-in-the-us-before-may-2025,507276,tiktok-banned-in-the-us-before-may-2025,No,0.021837004955543568,181653.13,3966.76,2.2%,,,,,,,,,,2026-05-28 01:02:43 UTC,2025-01-20 13:40:52+00:00,2025-01-20 13:40:52 UTC,0x8a8628c88d1a2cf3c25dd3d0dc32a85dcbabda867cfb0148c5449a6d3e72a90a,0x7f8382ea75f482f41e7cb6d69ce1e5f072bdc71c,True,Yes,0.0,False,,100,4579.382575750796,2.0,0.0,-102.0,-1.0
11639,Will Biden resign before the election?,biden-resigns-from-presidency-before-election,503972,biden-resigns-from-presidency-before-election,Yes,0.0353400730243298,112195.863242,3965.01,3.5%,,,,,,,,,,2026-05-28 01:01:51 UTC,2024-09-26 13:22:01+00:00,2024-09-26 13:22:01 UTC,0xca5c12e35bc35a77db98ef3f8ba1e13e8a9f3644c7893986fd9a0ab0bd89f2ff,0x5ea148b7534bd1f55bd8d53ecaad559f77f1dfc7,True,No,0.0,False,,100,2829.648935109874,2.0,0.0,-102.0,-1.0
11143,Will Trump launch a coin before the election?,will-trump-launch-a-coin-before-the-election,502571,will-trump-launch-a-coin-before-the-election,No,0.028720963577313074,137495.03875,3948.99,2.9%,,,,,,,,,,2026-05-28 01:01:31 UTC,2024-10-16 15:00:49+00:00,2024-10-16 15:00:49 UTC,0x76978f6864005ec51b88184160ab1e890c25f75fdc5d6de1133bd553dc18e012,0xfd161b529f7de2cbb1ddbc4733719ead87f84076,True,Yes,0.0,False,,100,3481.7773342044425,2.0,0.0,-102.0,-1.0
12641,TikTok banned in the US before May 2025?,tiktok-banned-in-the-us-before-may-2025,507276,tiktok-banned-in-the-us-before-may-2025,No,0.016948982127488958,232162.024209,3934.91,1.7%,,,,,,,,,,2026-05-28 01:02:43 UTC,2025-01-20 04:01:25+00:00,2025-01-20 04:01:25 UTC,0x29e5b6466da77623453f16ee922c9257f2bd8378fb789d010de63d77f2351edc,0xa2a70378a0bd0e941520cd9535a64f05b3d62a61,True,Yes,0.0,False,,100,5900.059322017545,2.0,0.0,-102.0,-1.0
17792,Fed decreases interest rates by 25 bps after June 2025 meeting?,fed-decision-in-june,521835,fed-decreases-interest-rates-by-25-bps-after-june-2025-meeting,Yes,0.09999489926039276,39210.0,3920.8,10.0%,,,,,,,,,,2026-05-28 01:05:12 UTC,2025-05-12 15:40:09+00:00,2025-05-12 15:40:09 UTC,0x3397608eec792d5ac63cc226e62c049d191f1b79eb255c75660a1197e3e9f519,0x96daa5a9843a69eed267105c6b79243b011d2c38,True,No,0.0,False,,100,1000.0510099979596,2.0,0.0,-102.0,-1.0
11910,GOP wins popular vote by 4-5%?,popular-vote-margin-of-victory-in-presidential-election,504676,gop-wins-popular-vote-by-4-5,Yes,0.018807928621256586,208397.217893,3919.52,1.9%,,,,,,,,,,2026-05-28 01:02:06 UTC,2024-11-04 10:44:21+00:00,2024-11-04 10:44:21 UTC,0xc29f983bfa04f28663c325e7e5f01608e03d2067d9012ad4216a67288ddb746f,0xd32935443f7e04b83fa6c678fc06fdd750cf45c1,True,No,0.0,False,,100,5316.9066096401875,2.0,0.0,-102.0,-1.0
11322,Will Biden finish his term?,will-biden-complete-his-term-as-president,503013,will-biden-complete-his-term-as-president,No,0.08,48904.9,3912.39,8.0%,,,,,,,,,,2026-05-28 01:01:35 UTC,2024-11-11 00:38:05+00:00,2024-11-11 00:38:05 UTC,0xac202b44ce732ef44886b882f8af823cfcd84c897412f6286628485fea2c409f,0x9d84ce0306f8551e02efef1680475fc0f1dc1344,True,Yes,0.0,False,,100,1250.0,2.0,0.0,-102.0,-1.0
11889,Harris-Walz Democratic ticket on election day?,harris-walz-final-democratic-ticket,504603,harris-walz-final-democratic-ticket,No,0.07678503432252269,50791.147434,3900.0,7.7%,,,,,,,,,,2026-05-28 01:02:10 UTC,2024-08-17 19:58:31+00:00,2024-08-17 19:58:31 UTC,0xac336797be577bf7857dbc175c78b3e56a8815492f3b36af44d29cd763ada49e,0x7ed260faa06f469c953524c47681468eba0764d3,True,Yes,0.0,False,,100,1302.3371140262402,2.0,0.0,-102.0,-1.0
13572,Will ≥2% of votes go to 3rd Party candidates?,will-2-of-votes-go-to-3rd-party-candidates-in-us-election,510340,will-2-of-votes-go-to-3rd-party-candidates-in-us-election,Yes,0.06393521552491166,60747.27,3883.89,6.4%,,,,,,,,,,2026-05-28 01:03:08 UTC,2024-11-12 17:45:20+00:00,2024-11-12 17:45:20 UTC,0xe9a23786af14dab7d9d1e6fa35641e9c13b06942b9ce633b713bf6741d810b81,0x2728d99b2405a52db60160837e130b3ba3c1a83c,True,Yes,0.0,True,,100,1564.083254885347,2.0,1564.083254885347,1462.083254885347,14.334149557699481
10656,Will a Republican win the popular vote and a Democrat win the Presidency?,which-party-wins-presidency-popular-vote,501588,will-a-republican-win-the-popular-vote-and-a-democrat-win-the-presidency,Yes,0.030999584,125000.0,3874.95,3.1%,,,,,,,,,,2026-05-28 01:01:21 UTC,2024-11-04 16:15:08+00:00,2024-11-04 16:15:08 UTC,0xa273322c3b5456bcc50b4337c27e589682083efede92e051dff5416c83c4bc35,0x6bd4f813091dc404809bdcd065cc81103bdc8aca,True,No,0.0,False,,100,3225.8497404352265,2.0,0.0,-102.0,-1.0
16108,Russia x Ukraine ceasefire in 2025?,russia-x-ukraine-ceasefire-in-2025,516719,russia-x-ukraine-ceasefire-in-2025,Yes,0.09,43000.0,3870.0,9.0%,,,,,,,,,,2026-05-28 01:04:31 UTC,2025-12-02 14:44:10+00:00,2025-12-02 14:44:10 UTC,0x6ac39e73eb9226c4c8b26a96ba4b5dfc05909b2943e8751a41840847702b44d7,0x0a854897a06d4999e5b2dde5693609f1428ffe9d,True,No,0.0,False,,100,1111.111111111111,2.0,0.0,-102.0,-1.0
16108,Russia x Ukraine ceasefire in 2025?,russia-x-ukraine-ceasefire-in-2025,516719,russia-x-ukraine-ceasefire-in-2025,Yes,0.0770445300932121,50176.82625,3865.85,7.7%,,,,,,,,,,2026-05-28 01:04:31 UTC,2025-11-28 15:32:51+00:00,2025-11-28 15:32:51 UTC,0x432c112a8a8049de219bd96b4f18f608501e41fcfc68f6ace458598a58d49d07,0x6095156546880e6f542dc65f119a44c7106eb9fb,True,No,0.0,False,,100,1297.9506770826597,2.0,0.0,-102.0,-1.0
12641,TikTok banned in the US before May 2025?,tiktok-banned-in-the-us-before-may-2025,507276,tiktok-banned-in-the-us-before-may-2025,No,0.033204473580977084,116203.317893,3858.47,3.3%,,,,,,,,,,2026-05-28 01:02:43 UTC,2025-01-19 16:15:46+00:00,2025-01-19 16:15:46 UTC,0xac86d585a7ac81f4edd74e70391047954dc1a37f368e0e56748977aa72e9027a,0xd49306bfcdba147297a6f714bedfaa66b0284d47,True,Yes,0.0,False,,100,3011.6423847565593,2.0,0.0,-102.0,-1.0
17140,Fed decreases interest rates by 50+ bps after May 2025 meeting?,fed-decision-in-may-2025,519776,fed-decreases-interest-rates-by-50-bps-after-may-2025-meeting,Yes,0.098,39308.33,3852.22,9.8%,,,,,,,,,,2026-05-28 01:04:57 UTC,2025-04-09 05:37:03+00:00,2025-04-09 05:37:03 UTC,0x9b53d60d8cc0b662e303921f4fa43bfc71c8dde47758c7cddbb672cd5d2b112d,0x38e59b36aae31b164200d0cad7c3fe5e0ee795e7,True,No,0.0,False,,100,1020.408163265306,2.0,0.0,-102.0,-1.0
13431,Israel military action against Iraq before November?,israel-military-action-against-iraq-before-november,509855,israel-military-action-against-iraq-before-november,No,0.010298867516670631,368913.3775,3799.39,1.0%,,,,,,,,,,2026-05-28 01:02:59 UTC,2024-10-29 11:27:37+00:00,2024-10-29 11:27:37 UTC,0x20cfc1136923f2bc16f9b1a00b8e27564525abf9d3d2f63223786eaeb4bff6b7,0x3b929d3246248065cde9f8accc7047c2c17b8bb4,True,Yes,0.0,False,,100,9709.805455612612,2.0,0.0,-102.0,-1.0
14220,No change in Fed interest rates after January 2025 meeting?,fed-interest-rates-january-2025,512324,no-change-in-fed-interest-rates-after-january-2025-meeting,No,0.02814248812946604,134331.519964,3780.42,2.8%,,,,,,,,,,2026-05-28 01:03:46 UTC,2025-01-27 15:51:05+00:00,2025-01-27 15:51:05 UTC,0xcc82f54ba58a9a1f254933d1c78fcdb83e02efe582706385af4a9d7003de4bcf,0xf359c2c374c7ce573171c00a0e05d208f11e3473,True,Yes,0.0,False,,100,3553.3460843960333,2.0,0.0,-102.0,-1.0
10170,Will a Republican win New York Presidential Election?,new-york-presidential-election-winner-2024,500515,will-a-republican-win-new-york-presidential-election,Yes,0.03664598747860887,102762.410242,3765.83,3.7%,,,,,,,,,,2026-05-28 01:01:13 UTC,2024-11-05 16:54:45+00:00,2024-11-05 16:54:45 UTC,0xa44536b05e41860e47c13879804511ac49e425bd8a52dd1739262e49a0765557,0xbd93e858e16792158f06b6726ed34301c39bc8a4,True,No,0.0,False,,100,2728.8117166544457,2.0,0.0,-102.0,-1.0
12641,TikTok banned in the US before May 2025?,tiktok-banned-in-the-us-before-may-2025,507276,tiktok-banned-in-the-us-before-may-2025,No,0.04055714047115556,91546.41,3712.86,4.1%,,,,,,,,,,2026-05-28 01:02:43 UTC,2025-01-19 22:36:08+00:00,2025-01-19 22:36:08 UTC,0x35432603aa5bbc518aad4bace331f41e7c7c5060f4a31e93ace5b05303b3e4eb,0xe9b76d60d737e4bc8069a0c737019b0f68475590,True,Yes,0.0,False,,100,2465.657066506464,2.0,0.0,-102.0,-1.0
12700,Israeli forces enters Lebanon in September?,israeli-forces-enters-lebanon-in-september,507472,israeli-forces-enters-lebanon-in-september,No,0.06955117152393317,53252.86,3703.8,7.0%,,,,,,,,,,2026-05-28 01:02:47 UTC,2024-09-30 19:55:43+00:00,2024-09-30 19:55:43 UTC,0x21ce992401a303716d3c60e7c775db09d7604a65cf130bfe1e78ca4bdd8a465b,0x9e9a1fa7a66d409094b28d000e736c5ce07a8d22,True,Yes,0.0,False,,100,1437.7903032961726,2.0,0.0,-102.0,-1.0
16108,Russia x Ukraine ceasefire in 2025?,russia-x-ukraine-ceasefire-in-2025,516719,russia-x-ukraine-ceasefire-in-2025,Yes,0.04790422968815225,77245.37111,3700.38,4.8%,,,,,,,,,,2026-05-28 01:04:29 UTC,2025-12-18 11:06:44+00:00,2025-12-18 11:06:44 UTC,0x7be452db239aa38d64788ce3066c675a8fd459e6f07bdc0a0cb556bdaae3240d,0xe4ca1c0cecd4babe07fd193d2a7b266cfaf44ca9,True,No,0.0,False,,100,2087.4983409811966,2.0,0.0,-102.0,-1.0
11889,Harris-Walz Democratic ticket on election day?,harris-walz-final-democratic-ticket,504603,harris-walz-final-democratic-ticket,No,0.099,37220.0,3684.78,9.9%,,,,,,,,,,2026-05-28 01:02:10 UTC,2024-08-17 17:17:50+00:00,2024-08-17 17:17:50 UTC,0x55b68253fd242e59b326044d1fddfbb3512dc77421daef21c4cf6ca737bf0a84,0x033bf8f7060936e040f37a026b156a1644449165,True,Yes,0.0,False,,100,1010.10101010101,2.0,0.0,-102.0,-1.0
15586,Will  Alice Weidel be the next Chancellor of Germany?,next-chancellor-of-germany,515796,will-alice-weidel-be-the-next-chancellor-of-germany,Yes,0.07499999998202897,48689.466665,3651.71,7.5%,,,,,,,,,,2026-05-28 01:04:17 UTC,2024-12-23 07:27:17+00:00,2024-12-23 07:27:17 UTC,0x89b1e599cc0c771e0584cf231d731204cfbce15a0a28355df034009f5168b9f5,0x77dcbe5479d09edfe9db741206caa9215ded7897,True,No,0.0,False,,100,1333.3333336528183,2.0,0.0,-102.0,-1.0
14220,Fed decreases interest rates by 25 bps after January 2025 meeting?,fed-interest-rates-january-2025,512323,fed-decreases-interest-rates-by-25-bps-after-january-2025-meeting,Yes,0.04178067274201005,86947.304593,3632.72,4.2%,,,,,,,,,,2026-05-28 01:03:45 UTC,2025-01-29 21:21:10+00:00,2025-01-29 21:21:10 UTC,0x33e161c06a908da83ef9f03b76363e10c5e14a7f6fd404340065d5bbea074547,0xa69f3b73a588a8c8188508dbfd83f72e09576874,True,No,0.0,False,,100,2393.4511686177566,2.0,0.0,-102.0,-1.0
11143,Will Trump launch a coin before the election?,will-trump-launch-a-coin-before-the-election,502571,will-trump-launch-a-coin-before-the-election,No,0.02564176996725472,141399.365357,3625.73,2.6%,,,,,,,,,,2026-05-28 01:01:31 UTC,2024-10-16 22:03:33+00:00,2024-10-16 22:03:33 UTC,0x4ebd8fe4abe931cebfe047739d1d5f7add1d3410b3a701f581be1ec112186244,0xf579cd39a330279e5a1fc0d5d9d6fce4dcec3e55,True,Yes,0.0,False,,100,3899.886791266862,2.0,0.0,-102.0,-1.0
14039,Will Biden resign in 2024?,will-biden-resign-in-2024,511885,will-biden-resign-in-2024,Yes,0.02957632049180328,122000.0,3608.31,3.0%,,,,,,,,,,2026-05-28 01:03:33 UTC,2024-12-14 01:09:47+00:00,2024-12-14 01:09:47 UTC,0x0fb84fd227fd2faa90ffdc13bf14aff51942c00b5e989aff28cbd9fc7b71b491,0x48362f4c13c94804eb5a9bd79cf6de830d930964,True,No,0.0,False,,100,3381.0831887527656,2.0,0.0,-102.0,-1.0
11385,Will Hillary Clinton be the 2024 Democratic VP nominee?,democratic-vp-nominee,503188,will-hillary-clinton-be-the-2024-democratic-vp-nominee,Yes,0.06835527432686901,52754.22,3606.03,6.8%,,,,,,,,,,2026-05-28 01:01:42 UTC,2024-07-24 11:25:44+00:00,2024-07-24 11:25:44 UTC,0xb99476ca8d860e1d1e5507abe27b6ff8b6d531a2235e43a2b3420dfba082a9e6,0xc2a445b6c89c124cb3b4859110dec4aba7a439dc,True,No,0.0,False,,100,1462.944900517971,2.0,0.0,-102.0,-1.0
16180,Maduro out in 2025?,maduro-out-in-2025,516947,maduro-out-in-2025-411,Yes,0.09,40016.9,3601.52,9.0%,,,,,,,,,,2026-05-28 01:04:29 UTC,2025-12-13 00:27:12+00:00,2025-12-13 00:27:12 UTC,0xca6e3ce540816cf8a008cc86cefe150c0289b67a9226a468ef5a6ea937ba40a4,0x53e55bc7cb3d67ad177c023ce891ad076a9d6177,True,No,0.0,False,,100,1111.111111111111,2.0,0.0,-102.0,-1.0
11887,Tim Walz replaced as Democratic VP nominee?,tim-walz-out-as-democratic-vp-nominee,504598,tim-walz-out-as-democratic-vp-nominee,Yes,0.03104262810338704,115969.5625,3600.0,3.1%,,,,,,,,,,2026-05-28 01:02:08 UTC,2024-10-01 13:18:50+00:00,2024-10-01 13:18:50 UTC,0x08149149bee5e1a1a3f6f7bb767ce2c2de52cb5e35da452447763f7af72009d9,0x0f50a317131f6d8b1d8494411baef3da11b24861,True,No,0.0,False,,100,3221.3767361111113,2.0,0.0,-102.0,-1.0
11798,Will Kamala Harris drop out of presidential race?,will-kamala-drop-out-before-election,504400,will-kamala-drop-out-before-election,Yes,0.07,51357.49,3595.02,7.0%,,,,,,,,,,2026-05-28 01:01:58 UTC,2024-08-09 01:34:27+00:00,2024-08-09 01:34:27 UTC,0x36b6882cf927d45e1bf5a8b9651968a7641a14951bba42d6a3f32515d93bcbd1,0x10b30364936b03d26b3fd01a63d1f991454b40d4,True,No,0.0,False,,100,1428.5714285714284,2.0,0.0,-102.0,-1.0
12327,Will there be a US Government shutdown? ,us-government-shutdown-before-2025,506202,us-government-shutdown-before-2025,No,0.022999164025586317,155812.185,3583.55,2.3%,,,,,,,,,,2026-05-28 01:02:35 UTC,2024-12-21 07:48:54+00:00,2024-12-21 07:48:54 UTC,0xc4e0af0b4238bcaa32840e88de3a78dc3c6f73f5029c964f441bbe811a7fd576,0x93ca3a906874135102fc2c492a987afffe92d65e,True,Yes,0.0,False,,100,4347.984121890305,2.0,0.0,-102.0,-1.0
16432,Conservatives win majority in Canadian election?,will-the-conservative-party-win-a-majority-in-next-canadian-election,517600,will-the-conservative-party-win-a-majority-in-next-canadian-election,Yes,0.05108672974156531,70115.860168,3581.99,5.1%,,,,,,,,,,2026-05-28 01:04:36 UTC,2025-04-24 17:56:20+00:00,2025-04-24 17:56:20 UTC,0xf04760f00942d8c1abcc8e7a574b5937f46d9173c00fa01f87cae9208526fa1e,0x73265e6e9c013d876e5a3407d65223a0223cb16e,True,No,0.0,False,,100,1957.4554978538342,2.0,0.0,-102.0,-1.0
17140,Fed decreases interest rates by 25 bps after May 2025 meeting?,fed-decision-in-may-2025,519777,fed-decreases-interest-rates-by-25-bps-after-may-2025-meeting,Yes,0.023146041472624494,154735.74625,3581.52,2.3%,,,,,,,,,,2026-05-28 01:04:55 UTC,2025-05-05 17:52:58+00:00,2025-05-05 17:52:58 UTC,0x7ae5edd47f7d3ff488546970fae2abbb9ff65a29bba858a00a220ffdb2461453,0xe92e1f6fccaead0287b75739e554b0a9f92154ed,True,No,0.0,False,,100,4320.393191996694,2.0,0.0,-102.0,-1.0
12641,TikTok banned in the US before May 2025?,tiktok-banned-in-the-us-before-may-2025,507276,tiktok-banned-in-the-us-before-may-2025,No,0.04,89229.47,3569.18,4.0%,,,,,,,,,,2026-05-28 01:02:43 UTC,2025-01-19 22:59:42+00:00,2025-01-19 22:59:42 UTC,0xa7cd4ec1c9bc61919740c97ae4945243782d1b735e39133585891569881e8a05,0xa6c61b61e39e9cd9c7577c0231a774c5e24282fe,True,Yes,0.0,False,,100,2500.0,2.0,0.0,-102.0,-1.0
14578,Will Russia use a nuclear weapon in 2024?,will-russia-use-a-nuclear-weapon-in-2024,513448,will-russia-use-a-nuclear-weapon-in-2024,Yes,0.055532512632372216,64065.56,3557.72,5.6%,,,,,,,,,,2026-05-28 01:03:58 UTC,2024-11-22 08:19:59+00:00,2024-11-22 08:19:59 UTC,0xce9c9af02db02217b212627e12bf958fd46d4645ac44355d65265846b482436b,0x80cbae9bc97343d1352626faec6bd6062373ec13,True,No,0.0,False,,100,1800.7469005050175,2.0,0.0,-102.0,-1.0
10535,No change in Fed interest rates after 2024 June meeting?,fed-interest-rates-june-2024,501306,no-change-in-fed-interest-rates-after-2024-june-meeting,No,0.06813609983051477,51546.243588,3512.16,6.8%,,,,,,,,,,2026-05-28 01:01:21 UTC,2024-05-14 23:58:23+00:00,2024-05-14 23:58:23 UTC,0xf336bcb6cb1b1ff251cda8b02968c160a85219eabc82c1d82a604d2e7ad7b00a,0x973ace5d0566292b3f92011a415e5583b5520cf8,True,Yes,0.0,False,,100,1467.650779083997,2.0,0.0,-102.0,-1.0
11889,Harris-Walz Democratic ticket on election day?,harris-walz-final-democratic-ticket,504603,harris-walz-final-democratic-ticket,No,0.03,116854.9,3505.65,3.0%,,,,,,,,,,2026-05-28 01:02:08 UTC,2024-10-01 09:21:26+00:00,2024-10-01 09:21:26 UTC,0xd59330e1980bc824a5dba0d9c77da93d9a371d9ee611bd1094b1e72d4b8bedcc,0x0f50a317131f6d8b1d8494411baef3da11b24861,True,Yes,0.0,False,,100,3333.3333333333335,2.0,0.0,-102.0,-1.0
11321,Will Biden announce resignation by July 31?,will-biden-resign-by-july-31,503011,will-biden-resign-by-july-31,Yes,0.08559559704436205,40901.8702,3501.02,8.6%,,,,,,,,,,2026-05-28 01:01:36 UTC,2024-07-07 20:14:37+00:00,2024-07-07 20:14:37 UTC,0x69a3d9e40a386139fcfddbb24715bc177c75e2ad06c959e37f72bdcade0ee621,0xff11dce4cdb9280d198a27ae1c178533650d3690,True,No,0.0,False,,100,1168.284391405933,2.0,0.0,-102.0,-1.0
5821,"Will Donald Trump be President of the USA on September 30, 2023?",will-donald-trump-be-president-of-the-usa-on,249164,will-donald-trump-be-president-of-the-usa-on-september-30-2023,Yes,0.051542549148201194,67905.062067,3500.0,5.2%,164189.61860299998,,1366.51,0.058729,0.06,0.0,0.06,0.021317,59595.770403,2026-05-28 01:01:09 UTC,2023-04-23 17:03:25+00:00,2023-04-23 17:03:25 UTC,0x46d25d186f92814d07217c6f8d2486fb80065408530218942319bd707e4faf11,0x7f2de588e3d990d66fef63bf2378dacc87a139a8,True,No,0.06,False,58333.3333,100,1940.1446310400413,2.0,0.0,-102.0,-1.0
11385,Will Andy Beshear be the 2024 Democratic VP nominee?,democratic-vp-nominee,503190,will-andy-beshear-be-the-2024-democratic-vp-nominee,Yes,0.06628368040456062,52803.344317,3500.0,6.6%,,,,,,,,,,2026-05-28 01:01:39 UTC,2024-08-04 20:50:47+00:00,2024-08-04 20:50:47 UTC,0xd0be2ba0bee3b0adc102f134b702b976e11cf219d8b7164d490938862ab7514b,0x7c17a1d03834e78b4565bbefd99461faf7c3169a,True,No,0.0,False,,100,1508.666980916762,2.0,0.0,-102.0,-1.0
11889,Harris-Walz Democratic ticket on election day?,harris-walz-final-democratic-ticket,504603,harris-walz-final-democratic-ticket,No,0.08435466940553707,41491.479057,3500.0,8.4%,,,,,,,,,,2026-05-28 01:02:10 UTC,2024-08-18 22:27:52+00:00,2024-08-18 22:27:52 UTC,0x07d1783f49651f6dbead02b830bfe8346da86b3ce5ae571fa5e4291fdac885fd,0x756d38d5eaf77391837d7065f4d5086bd5491c75,True,Yes,0.0,False,,100,1185.470830538706,2.0,0.0,-102.0,-1.0
11906,Kamala Harris replaced as nominee at DNC?,kamala-swap-at-dnc,504653,kamala-swap-at-dnc,Yes,0.010974999296587367,318906.626362,3500.0,1.1%,,,,,,,,,,2026-05-28 01:02:10 UTC,2024-08-18 03:41:07+00:00,2024-08-18 03:41:07 UTC,0x71f406bb59189d482eb84f38a774af920f72dea700b82b2351f5123beddb041f,0x93b33614739613d8faba18b027da20d5074b6436,True,No,0.0,False,,100,9111.617896057143,2.0,0.0,-102.0,-1.0
12120,Favorite to win on Polymarket day before election?,favorite-to-win-on-polymarket-day-before-election,505437,favorite-to-win-on-polymarket-day-before-election,Kamala,0.029999999991857144,116666.666665,3500.0,3.0%,,,,,,,,,,2026-05-28 01:02:21 UTC,2024-10-28 20:22:13+00:00,2024-10-28 20:22:13 UTC,0x6d7a31c133a9bc1186aaeb04bab8fd340a3fa0845b4c46c31b0c6a0c1538ba08,0x8a458670dd167dc112a9ff1241c9a6dd5f424a71,True,Trump,0.0,False,,100,3333.333334238095,2.0,0.0,-102.0,-1.0
12641,TikTok banned in the US before May 2025?,tiktok-banned-in-the-us-before-may-2025,507276,tiktok-banned-in-the-us-before-may-2025,No,0.08453955126165168,41400.740207,3500.0,8.5%,,,,,,,,,,2026-05-28 01:02:43 UTC,2025-01-19 18:10:57+00:00,2025-01-19 18:10:57 UTC,0x59445f2cc7bad0669c2402239c9a8daea71a336f3454eb64156dd02d93e3229f,0x15b64810a8a365a1d93337247fe468e687caf9e1,True,Yes,0.0,False,,100,1182.8782919665366,2.0,0.0,-102.0,-1.0
16108,Russia x Ukraine ceasefire in 2025?,russia-x-ukraine-ceasefire-in-2025,516719,russia-x-ukraine-ceasefire-in-2025,Yes,0.07,50000.0,3500.0,7.0%,,,,,,,,,,2026-05-28 01:04:31 UTC,2025-11-28 10:18:19+00:00,2025-11-28 10:18:19 UTC,0x1c5b2fc23f86cd6b0678aa722f3f5dddd28e44e11f48543275ecbacd17b9ef1f,0x751668444fbddeddc4b54fedc54fb98249568beb,True,No,0.0,False,,100,1428.5714285714284,2.0,0.0,-102.0,-1.0
17792,Fed decreases interest rates by 25 bps after June 2025 meeting?,fed-decision-in-june,521835,fed-decreases-interest-rates-by-25-bps-after-june-2025-meeting,Yes,0.015223194767832198,229912.318234,3500.0,1.5%,,,,,,,,,,2026-05-28 01:05:07 UTC,2025-06-17 15:07:06+00:00,2025-06-17 15:07:06 UTC,0xe87cc1096c892d52e25d6ba31f561cb513024ae6954d0f05f9b6b1309b6f8580,0x275e87c26bdad0d68cd398069b1ac8fcaae64ed0,True,No,0.0,False,,100,6568.923378114286,2.0,0.0,-102.0,-1.0
17792,No change in Fed interest rates after June 2025 meeting?,fed-decision-in-june,521836,no-change-in-fed-interest-rates-after-june-2025-meeting,No,0.030836233839046465,113502.83625,3500.0,3.1%,,,,,,,,,,2026-05-28 01:05:09 UTC,2025-06-13 23:52:55+00:00,2025-06-13 23:52:55 UTC,0x66a0753873ce2c0a8dc8fdbd14cf5f3a0ebef025cd8b243a86ffbe1cf4a92916,0x7e7aaea963310d34918f90b2ad81eb5644bb565d,True,Yes,0.0,False,,100,3242.9381785714286,2.0,0.0,-102.0,-1.0
17792,Fed decreases interest rates by 25 bps after June 2025 meeting?,fed-decision-in-june,521835,fed-decreases-interest-rates-by-25-bps-after-june-2025-meeting,Yes,0.04127177220259071,84803.724488,3500.0,4.1%,,,,,,,,,,2026-05-28 01:05:11 UTC,2025-06-02 13:02:13+00:00,2025-06-02 13:02:13 UTC,0x0373b30d36df02fabb1662b8434d528de400cdba36709d12f0463247ed1fe360,0x97b6dbdc1e7871827126cac5d5d1e406c32e02c7,True,No,0.0,False,,100,2422.9635574922754,2.0,0.0,-102.0,-1.0
11639,Will Biden resign before the election?,biden-resigns-from-presidency-before-election,503972,biden-resigns-from-presidency-before-election,Yes,0.01,349769.93,3497.7,1.0%,,,,,,,,,,2026-05-28 01:01:51 UTC,2024-10-22 14:34:32+00:00,2024-10-22 14:34:32 UTC,0x235bd356a8ad8cc6cc2c8b123ad3161d0f7ed8feeb7c186c554c16c4d25cc434,0x0e74d70b99f3cfa4d8b7895c8ea1f8b0d87571bb,True,No,0.0,False,,100,10000.0,2.0,0.0,-102.0,-1.0
11402,Biden removed via 25th Amendment?,biden-removed-via-25th-amendment-before-election,503219,biden-removed-via-25th-amendment-before-election,Yes,0.029929626182275494,116729.35,3493.67,3.0%,,,,,,,,,,2026-05-28 01:01:39 UTC,2024-10-01 14:03:36+00:00,2024-10-01 14:03:36 UTC,0x9708baac95f50022147dbd31e717f04a0d7e8790ca1175b90877888a27d26608,0x53e55bc7cb3d67ad177c023ce891ad076a9d6177,True,No,0.0,False,,100,3341.1710320398392,2.0,0.0,-102.0,-1.0
15437,Will Biden pardon SBF?,who-will-biden-pardon,500502,will-biden-pardon-sbf-this-term,Yes,0.06132393005233897,56919.052579,3490.5,6.1%,,,,,,,,,,2026-05-28 01:04:14 UTC,2024-12-28 19:09:24+00:00,2024-12-28 19:09:24 UTC,0x80079d521d0e2dae743a3ee228ef5514d564590cad8c319220bfc3f70ed745a4,0x73becac2d5a09942988da9dda309bcb4fc67a0b2,True,No,0.0,False,,100,1630.6847900102234,2.0,0.0,-102.0,-1.0
11798,Will Kamala Harris drop out of presidential race?,will-kamala-drop-out-before-election,504400,will-kamala-drop-out-before-election,Yes,0.06,58043.29,3482.6,6.0%,,,,,,,,,,2026-05-28 01:01:58 UTC,2024-08-06 22:05:22+00:00,2024-08-06 22:05:22 UTC,0x6746636c2b8acfc3b0b8171e67db9d07d3e6d3ee7c3cbaea5491b5e9d7bd4f5a,0x7f2de588e3d990d66fef63bf2378dacc87a139a8,True,No,0.0,False,,100,1666.6666666666667,2.0,0.0,-102.0,-1.0
16108,Russia x Ukraine ceasefire in 2025?,russia-x-ukraine-ceasefire-in-2025,516719,russia-x-ukraine-ceasefire-in-2025,Yes,0.08,43529.11,3482.33,8.0%,,,,,,,,,,2026-05-28 01:04:31 UTC,2025-12-02 13:32:26+00:00,2025-12-02 13:32:26 UTC,0x12b9288d83103a75f2f8f6c382981e52aab2dd03a29b173283af70944f77da7d,0xb0c8d15580046252d4542b9071f0e53629056789,True,No,0.0,False,,100,1250.0,2.0,0.0,-102.0,-1.0
11696,No change in Fed interest rates after 2024 September meeting?,fed-interest-rates-september-2024,504071,no-change-in-fed-interest-rates-after-2024-september-meeting,Yes,0.030314220489518675,114741.69,3478.3,3.0%,,,,,,,,,,2026-05-28 01:01:55 UTC,2024-09-07 02:51:25+00:00,2024-09-07 02:51:25 UTC,0x413fecd972822d24a685b59acde7dceee8554ca73012cb8ab99c0ae6de06e40b,0x2373809dadc2c73d05038df89e9399560f445b7f,True,No,0.0,False,,100,3298.7818385293995,2.0,0.0,-102.0,-1.0
16108,Russia x Ukraine ceasefire in 2025?,russia-x-ukraine-ceasefire-in-2025,516719,russia-x-ukraine-ceasefire-in-2025,Yes,0.06,57769.7,3466.18,6.0%,,,,,,,,,,2026-05-28 01:04:33 UTC,2025-11-19 05:01:53+00:00,2025-11-19 05:01:53 UTC,0x48611d4cd447c948070e451d656d4316bcf50ee05cac12ded8930c4a432400f1,0xd426adbc3c4461c86099c26221c877f20e42334a,True,No,0.0,False,,100,1666.6666666666667,2.0,0.0,-102.0,-1.0
11798,Will Kamala Harris drop out of presidential race?,will-kamala-drop-out-before-election,504400,will-kamala-drop-out-before-election,Yes,0.07,49380.74,3456.65,7.0%,,,,,,,,,,2026-05-28 01:01:58 UTC,2024-08-06 22:21:36+00:00,2024-08-06 22:21:36 UTC,0xf6df647f95f36bff8a58b714f2ece51e43b671486d9f906f3f3b4e037bf7cb79,0x7f2de588e3d990d66fef63bf2378dacc87a139a8,True,No,0.0,False,,100,1428.5714285714284,2.0,0.0,-102.0,-1.0
12681,Will Israel invade Lebanon in September?,will-israel-invade-lebanon-in-september,507417,will-israel-invade-lebanon-in-september,Yes,0.078,43638.33,3403.79,7.8%,,,,,,,,,,2026-05-28 01:02:46 UTC,2024-10-07 07:02:18+00:00,2024-10-07 07:02:18 UTC,0x71f68b12d3aa24bb58bd99c24c28f3a5d324f023f894f5dd3883eabde5944e58,0xc4439174a5d5f821e173ce86def1d86c3145f19f,True,No,0.0,False,,100,1282.051282051282,2.0,0.0,-102.0,-1.0
12489,JD Vance replaced as Republican VP nominee?,jd-vance-replaced-as-republican-vp-nominee,506758,jd-vance-replaced-as-republican-vp-nominee,Yes,0.05111185286986274,66506.882614,3399.29,5.1%,,,,,,,,,,2026-05-28 01:02:39 UTC,2024-09-18 15:08:19+00:00,2024-09-18 15:08:19 UTC,0x5c527aced965aaa58a2f47eb68dc11036f6746c23248fd64187e285ed014eb17,0x65ab74adc1e269e31a278949385d529868bfec1c,True,No,0.0,False,,100,1956.4933451857573,2.0,0.0,-102.0,-1.0
15586,Will  Alice Weidel be the next Chancellor of Germany?,next-chancellor-of-germany,515796,will-alice-weidel-be-the-next-chancellor-of-germany,Yes,0.06134854035239253,55309.873381,3393.18,6.1%,,,,,,,,,,2026-05-28 01:04:17 UTC,2025-01-03 06:54:49+00:00,2025-01-03 06:54:49 UTC,0x831bd43abb1330ec091450e310dac8c81fb620ce8e753e52bdb1ea31cf16a559,0x47dc79d2bbf8b6625e7d26c1607d07e1d83aeec9,True,No,0.0,False,,100,1630.0306319529263,2.0,0.0,-102.0,-1.0
15586,Will Friedrich Merz be the next Chancellor of Germany?,next-chancellor-of-germany,515766,will-friedrich-merz-be-the-next-chancellor-of-germany,No,0.09,37611.31,3385.02,9.0%,,,,,,,,,,2026-05-28 01:04:16 UTC,2025-01-30 19:55:13+00:00,2025-01-30 19:55:13 UTC,0xbd31a2676dd291c17d088e2d42f34ae8ccd4a86a8cd138cc7fa6236496a3303f,0x89678a60497dc7093bca50a3be8e85aba44f1e9b,True,Yes,0.0,False,,100,1111.111111111111,2.0,0.0,-102.0,-1.0
11143,Will Trump launch a coin before the election?,will-trump-launch-a-coin-before-the-election,502571,will-trump-launch-a-coin-before-the-election,No,0.03803341276194959,88580.27075,3369.01,3.8%,,,,,,,,,,2026-05-28 01:01:31 UTC,2024-10-16 20:03:20+00:00,2024-10-16 20:03:20 UTC,0x9fd27714c21d9925391b9920ab06b5c4879960ad9253ebb4f4e9cc73e026fed3,0xfda66473e219adf35db59e99c78b760669649b40,True,Yes,0.0,False,,100,2629.2670769751353,2.0,0.0,-102.0,-1.0
11887,Tim Walz replaced as Democratic VP nominee?,tim-walz-out-as-democratic-vp-nominee,504598,tim-walz-out-as-democratic-vp-nominee,Yes,0.07465259631490788,44775.0,3342.57,7.5%,,,,,,,,,,2026-05-28 01:02:11 UTC,2024-08-12 01:45:17+00:00,2024-08-12 01:45:17 UTC,0x450ca622d21292475653ed8198af67c5c86f3fbd490da526858c2c96f58b02fd,0x10b30364936b03d26b3fd01a63d1f991454b40d4,True,No,0.0,False,,100,1339.5381398145737,2.0,0.0,-102.0,-1.0
15080,Yoon out as president of South Korea before April?,yoon-out-as-president-of-south-korea-before-april,514670,yoon-out-as-president-of-south-korea-before-april,Yes,0.029907077247077248,111111.0,3323.01,3.0%,,,,,,,,,,2026-05-28 01:04:08 UTC,2025-03-27 11:23:01+00:00,2025-03-27 11:23:01 UTC,0xd08566b719ebd4102a66179becdda84f6c78cefa5d814aa0f379dd64bd2d9fbc,0xc6587b11a2209e46dfe3928b31c5514a8e33b784,True,No,0.0,False,,100,3343.690163162727,2.0,0.0,-102.0,-1.0
11889,Harris-Walz Democratic ticket on election day?,harris-walz-final-democratic-ticket,504603,harris-walz-final-democratic-ticket,No,0.083,40000.0,3320.0,8.3%,,,,,,,,,,2026-05-28 01:02:10 UTC,2024-08-17 17:15:14+00:00,2024-08-17 17:15:14 UTC,0xb9c3bc9527ba8a100a39d4913fffc449f0f33664acac884db74863aebac082c0,0x033bf8f7060936e040f37a026b156a1644449165,True,Yes,0.0,False,,100,1204.8192771084337,2.0,0.0,-102.0,-1.0
17792,Fed decreases interest rates by 25 bps after June 2025 meeting?,fed-decision-in-june,521835,fed-decreases-interest-rates-by-25-bps-after-june-2025-meeting,Yes,0.02429396662784472,135876.75,3300.99,2.4%,,,,,,,,,,2026-05-28 01:05:11 UTC,2025-06-04 12:15:38+00:00,2025-06-04 12:15:38 UTC,0x4108d740b663058e403d33767fa188632a1ebf41db9effe9be1652bd9d3b9e3b,0x24b1e0c01d30b6e02a4de1ee82011a69893248ee,True,No,0.0,False,,100,4116.248348072736,2.0,0.0,-102.0,-1.0
17792,Fed decreases interest rates by 25 bps after June 2025 meeting?,fed-decision-in-june,521835,fed-decreases-interest-rates-by-25-bps-after-june-2025-meeting,Yes,0.06270339178421461,52540.850427,3294.49,6.3%,,,,,,,,,,2026-05-28 01:05:11 UTC,2025-05-29 15:53:53+00:00,2025-05-29 15:53:53 UTC,0x83fbcc8c2ddfb1429d24e0a466f5d2cdd1210ac3cce1364eb9790e357435934e,0xf63b97bff2280b0e51e30756939afaffca5c0806,True,No,0.0,False,,100,1594.8100597833163,2.0,0.0,-102.0,-1.0
10516,Conservatives wins the most seats in next UK election? ,uk-elections-who-will-win-most-seats,501259,conservatives-wins-the-most-seats-in-next-uk-election,Yes,0.049,67222.0,3293.88,4.9%,,,,,,,,,,2026-05-28 01:01:21 UTC,2024-05-05 04:03:10+00:00,2024-05-05 04:03:10 UTC,0x41f2eeb28581ccfdf553df3a7648dc46d46fa82590b2674ac52a1c74554e01a1,0x8e5a5d37a354f4e05badd0d9e91b519774e44ef5,True,No,0.0,False,,100,2040.816326530612,2.0,0.0,-102.0,-1.0
14199,Will Trump create Bitcoin reserve in first 100 days?,will-trump-create-a-national-bitcoin-reserve-in-his-first-100-days,512250,will-trump-create-a-national-bitcoin-reserve-in-his-first-100-days,Yes,0.09,36582.71,3292.44,9.0%,,,,,,,,,,2026-05-28 01:03:36 UTC,2025-04-16 12:23:01+00:00,2025-04-16 12:23:01 UTC,0x9a9481a8d802b31cc8526430aaab582f7edbe5ff6aeda43714b4c7da08e5c335,0x4e05ed8c847b38a16df99e37f52a30231a06e2fd,True,No,0.0,False,,100,1111.111111111111,2.0,0.0,-102.0,-1.0
14220,No change in Fed interest rates after January 2025 meeting?,fed-interest-rates-january-2025,512324,no-change-in-fed-interest-rates-after-january-2025-meeting,No,0.02254940779825933,145822.454781,3288.21,2.3%,,,,,,,,,,2026-05-28 01:03:46 UTC,2025-01-27 01:24:59+00:00,2025-01-27 01:24:59 UTC,0x0035abdcd07abcc8ddcbb759081ceb788c8414524c560bd29cf93471ea417c2a,0xd6bce8c46ad29dfedf66dae7136a57cc078306b7,True,Yes,0.0,False,,100,4434.706263448717,2.0,0.0,-102.0,-1.0
14039,Will Biden resign in 2024?,will-biden-resign-in-2024,511885,will-biden-resign-in-2024,Yes,0.0298913,110000.0,3288.04,3.0%,,,,,,,,,,2026-05-28 01:03:33 UTC,2024-12-12 02:21:47+00:00,2024-12-12 02:21:47 UTC,0xbae26f13eb5832c87c77c5b28083ad1297dd6764f424e989a895a29059712d14,0x48362f4c13c94804eb5a9bd79cf6de830d930964,True,No,0.0,False,,100,3345.4550320661865,2.0,0.0,-102.0,-1.0
15586,Will  Alice Weidel be the next Chancellor of Germany?,next-chancellor-of-germany,515796,will-alice-weidel-be-the-next-chancellor-of-germany,Yes,0.06513809741360074,50433.158619,3285.12,6.5%,,,,,,,,,,2026-05-28 01:04:17 UTC,2024-12-23 01:54:54+00:00,2024-12-23 01:54:54 UTC,0xa4a0c43882b0672f95d4ed0f4d9072c20e637969963e476378b19a486a92148d,0x77dcbe5479d09edfe9db741206caa9215ded7897,True,No,0.0,False,,100,1535.1998902430353,2.0,0.0,-102.0,-1.0
11696,No change in Fed interest rates after 2024 September meeting?,fed-interest-rates-september-2024,504071,no-change-in-fed-interest-rates-after-2024-september-meeting,Yes,0.016753459044860298,196071.15111,3284.87,1.7%,,,,,,,,,,2026-05-28 01:01:54 UTC,2024-09-18 09:51:49+00:00,2024-09-18 09:51:49 UTC,0xb7f89d39569f3a6f7a0f4fdfb803342f035e743c896781773495f031ddccf0b6,0x2373809dadc2c73d05038df89e9399560f445b7f,True,No,0.0,False,,100,5968.916611920716,2.0,0.0,-102.0,-1.0
12327,Will there be a US Government shutdown? ,us-government-shutdown-before-2025,506202,us-government-shutdown-before-2025,Yes,0.09975795394797392,32922.33,3284.26,10.0%,,,,,,,,,,2026-05-28 01:02:35 UTC,2024-12-18 05:03:54+00:00,2024-12-18 05:03:54 UTC,0x989b8232968a98966dd8cb699e7aad2b50ba2f2bdede53fc84f1e16eb6c0bc6c,0x1cba7e44bcfd5acc4513f554ab9e86453d086a4c,True,Yes,0.0,True,,100,1002.4263333643783,2.0,1002.4263333643783,900.4263333643783,8.82770915063116
12515,"Will Trump say ""Springfield"" during his Nevada rally?",what-will-trump-say-during-nevada-rally,506834,will-trump-say-springfield-during-his-nevada-rally,No,0.09743551254326353,33622.43,3276.02,9.7%,,,,,,,,,,2026-05-28 01:02:41 UTC,2024-09-13 01:24:11+00:00,2024-09-13 01:24:11 UTC,0x53393824e6f41005af6fc79ef7378b9e4273db29859c49df75eec86f325f3506,0xf13d8deb2d7e279c732d06ce97901e28ec5c72fd,True,Yes,0.0,False,,100,1026.3198436565701,2.0,0.0,-102.0,-1.0
14220,Fed decreases interest rates by 25 bps after January 2025 meeting?,fed-interest-rates-january-2025,512323,fed-decreases-interest-rates-by-25-bps-after-january-2025-meeting,Yes,0.027320718278196536,119290.27,3259.1,2.7%,,,,,,,,,,2026-05-28 01:03:49 UTC,2025-01-10 22:15:54+00:00,2025-01-10 22:15:54 UTC,0xb5904c3954b890f235a7a7c81eb096a30ef04065e8caf168187a5f1958ed11fa,0x611c20bf7fdc4e88ec4f0172c99efcaa30d5c982,True,No,0.0,False,,100,3660.225876264959,2.0,0.0,-102.0,-1.0
12327,Will there be a US Government shutdown? ,us-government-shutdown-before-2025,506202,us-government-shutdown-before-2025,No,0.011157461246872896,290868.14,3245.35,1.1%,,,,,,,,,,2026-05-28 01:02:35 UTC,2024-12-23 16:07:33+00:00,2024-12-23 16:07:33 UTC,0xd542baddedd84b63a2d4bd1993a6595244f02810c7ec348ba59a640ea74c56f9,0x2e76f02f9e3849dfba9b3ed9d8ed962cd1f61ea0,True,Yes,0.0,False,,100,8962.612353058992,2.0,0.0,-102.0,-1.0
11906,Kamala Harris replaced as nominee at DNC?,kamala-swap-at-dnc,504653,kamala-swap-at-dnc,Yes,0.01300000000007626,249148.461537,3238.93,1.3%,,,,,,,,,,2026-05-28 01:02:10 UTC,2024-08-18 17:16:48+00:00,2024-08-18 17:16:48 UTC,0x6e2b9d488859ef154d09b5f7fe4bbff5110a8062ec227056fadf88246e1cd0c2,0x65f3039387ff5c4813ea052dc7251097a947cfff,True,No,0.0,False,,100,7692.307692262569,2.0,0.0,-102.0,-1.0
16180,Maduro out in 2025?,maduro-out-in-2025,516947,maduro-out-in-2025-411,Yes,0.040061220490508094,80626.6,3230.0,4.0%,,,,,,,,,,2026-05-28 01:04:28 UTC,2025-12-26 16:50:33+00:00,2025-12-26 16:50:33 UTC,0xebac68eda5eae4a01dd3798b1260aba512ce6af9eeff1913e7f115fe93c937b1,0x36c2b074b2eb2e3aac2dc7226dd18e7c72956127,True,No,0.0,False,,100,2496.1795665634677,2.0,0.0,-102.0,-1.0
16108,Russia x Ukraine ceasefire in 2025?,russia-x-ukraine-ceasefire-in-2025,516719,russia-x-ukraine-ceasefire-in-2025,Yes,0.08,40337.25,3226.98,8.0%,,,,,,,,,,2026-05-28 01:04:31 UTC,2025-12-02 02:25:38+00:00,2025-12-02 02:25:38 UTC,0x37d7d9cd51cb274a5986586c1461c15f3db5d6686c2f978c37e0c466125c5ae8,0x2778680e7c3e30508cd46c9c662ecabde6ca8547,True,No,0.0,False,,100,1250.0,2.0,0.0,-102.0,-1.0
11669,Kamala president by Friday?,kamala-president-by-friday,504021,kamala-president-by-friday,Yes,0.06819094769163729,47088.361545,3211.0,6.8%,,,,,,,,,,2026-05-28 01:01:53 UTC,2024-07-23 15:13:37+00:00,2024-07-23 15:13:37 UTC,0xef06a6a7c841c60975c56471da12aa8b25bb0e0c170520cd205c5a9cb134d0e8,0x31fe2fdc31ec8bb7d50f88d159ca87318206fcee,True,No,0.0,False,,100,1466.4703070590067,2.0,0.0,-102.0,-1.0
11910,Democrats win popular vote by 7% or more?,popular-vote-margin-of-victory-in-presidential-election,504706,democrats-win-popular-vote-by-over-7,Yes,0.07,45859.3,3210.15,7.0%,,,,,,,,,,2026-05-28 01:02:08 UTC,2024-09-27 19:26:46+00:00,2024-09-27 19:26:46 UTC,0xe1ed0941d10d82318e4d0b6699f3b0bfb051d2ed1d2f511a1f17cd7ac2be6a90,0x9f47f1fcb1701bf9eaf31236ad39875e5d60af93,True,No,0.0,False,,100,1428.5714285714284,2.0,0.0,-102.0,-1.0
15437,Will Biden pardon Jim Biden?,who-will-biden-pardon,514824,will-biden-pardon-jim-biden,Yes,0.06936593913876989,46258.02,3208.73,6.9%,,,,,,,,,,2026-05-28 01:04:13 UTC,2025-01-20 16:36:29+00:00,2025-01-20 16:36:29 UTC,0x04fc0afb25e7a44fc727617bedbbab0d26b10719df914aff2b0aba7819b995df,0x8564848285e54c65f6cc2e3930b49362fbd84b2e,True,Yes,0.0,True,,100,1441.6297283879514,2.0,1441.6297283879514,1339.6297283879514,13.13362478811717
17140,Fed decreases interest rates by 50+ bps after May 2025 meeting?,fed-decision-in-may-2025,519776,fed-decreases-interest-rates-by-50-bps-after-may-2025-meeting,Yes,0.04082519090819414,78565.25,3207.44,4.1%,,,,,,,,,,2026-05-28 01:04:57 UTC,2025-04-05 16:21:57+00:00,2025-04-05 16:21:57 UTC,0x5861249254263590563b66776e634bd4ce6438badc486aba9948dc27825aad9e,0x2c4ca29d332c67d3ad7bf22b3cfe9486e3b1cb39,True,No,0.0,False,,100,2449.4680312671535,2.0,0.0,-102.0,-1.0
14220,No change in Fed interest rates after January 2025 meeting?,fed-interest-rates-january-2025,512324,no-change-in-fed-interest-rates-after-january-2025-meeting,No,0.019217174536197642,166240.53,3194.67,1.9%,,,,,,,,,,2026-05-28 01:03:45 UTC,2025-01-29 07:22:03+00:00,2025-01-29 07:22:03 UTC,0x309c7a9e8dd47938aa84c91e828c7829f7e69bdc07b4db2bf92048e620679635,0xd092aa0f3f32ecfdf8fe6669d812c1090566ed07,True,Yes,0.0,False,,100,5203.678605907393,2.0,0.0,-102.0,-1.0
17140,No change in Fed interest rates after May 2025 meeting?,fed-decision-in-may-2025,519778,no-change-in-fed-interest-rates-after-may-2025-meeting,No,0.09,35480.87,3193.28,9.0%,,,,,,,,,,2026-05-28 01:04:56 UTC,2025-04-29 14:39:00+00:00,2025-04-29 14:39:00 UTC,0x46d2302abbca6c984f980f53278772bb3c2cfda5419da9e5af2143b3fd8f48e0,0xe426006ed49c7ed56e09f6c1bd466ec412af9766,True,Yes,0.0,False,,100,1111.111111111111,2.0,0.0,-102.0,-1.0
11385,Will Mark Kelly be the 2024 Democratic VP nominee?,democratic-vp-nominee,503228,will-mark-kelly-be-the-2024-democratic-vp-nominee,Yes,0.09374118867066986,34059.56,3192.78,9.4%,,,,,,,,,,2026-05-28 01:01:39 UTC,2024-08-04 19:23:03+00:00,2024-08-04 19:23:03 UTC,0x2d07bd9ec303b434fd864976f271a42e6e46c2ee51ddf74455d3e0d9f5d9e17f,0x53e55bc7cb3d67ad177c023ce891ad076a9d6177,True,No,0.0,False,,100,1066.7669294371603,2.0,0.0,-102.0,-1.0
14547,Will Assad remain President of Syria through 2024?,will-assad-remain-president-of-syria-through-2024,513334,will-assad-remain-president-of-syria-through-2024,Yes,0.016145857255936275,197459.7,3188.16,1.6%,,,,,,,,,,2026-05-28 01:03:57 UTC,2024-12-08 07:14:00+00:00,2024-12-08 07:14:00 UTC,0x1941ea16ee99bb173debdae923c418265ebb7380f8bfc891e0cbb506a0f6d8bc,0x43e329d2cd4d8064e981fa4592a507040256c7f2,True,No,0.0,False,,100,6193.539210389925,2.0,0.0,-102.0,-1.0
11878,No change in Fed interest rates after December 2024 meeting?,fed-interest-rates-december-2024,504587,no-change-in-fed-interest-rates-after-december-2024-meeting,Yes,0.03987675074412733,79786.590924,3181.63,4.0%,,,,,,,,,,2026-05-28 01:01:59 UTC,2024-12-17 19:33:19+00:00,2024-12-17 19:33:19 UTC,0xbda936c4779a56ffaae1a4ae37cd5da9bf2a75471bb925b5415a9de84d1ebbec,0x1f23b023231ec83b0483455a6e4c9a2803afb36e,True,No,0.0,False,,100,2507.726886818306,2.0,0.0,-102.0,-1.0
11906,Kamala Harris replaced as nominee at DNC?,kamala-swap-at-dnc,504653,kamala-swap-at-dnc,Yes,0.011290322241705689,281499.494165,3178.22,1.1%,,,,,,,,,,2026-05-28 01:02:10 UTC,2024-08-18 05:01:24+00:00,2024-08-18 05:01:24 UTC,0x5e2f9402400d28ef7d3ebb874097562197cc886d9c382b12b4ad0b6327a92479,0x65f3039387ff5c4813ea052dc7251097a947cfff,True,No,0.0,False,,100,8857.143123037424,2.0,0.0,-102.0,-1.0
17140,No change in Fed interest rates after May 2025 meeting?,fed-decision-in-may-2025,519778,no-change-in-fed-interest-rates-after-may-2025-meeting,No,0.01638709963765478,193399.690554,3169.26,1.6%,,,,,,,,,,2026-05-28 01:04:56 UTC,2025-05-03 15:44:53+00:00,2025-05-03 15:44:53 UTC,0xf6938102b56e413a6a01b9e98e48593e3e24a679cdaf17c3d0fb5d014abbb96c,0x3779a26d29477e350389e67c1e81d705fa360f80,True,Yes,0.0,False,,100,6102.361138405295,2.0,0.0,-102.0,-1.0
16108,Russia x Ukraine ceasefire in 2025?,russia-x-ukraine-ceasefire-in-2025,516719,russia-x-ukraine-ceasefire-in-2025,Yes,0.08,39526.32,3162.11,8.0%,,,,,,,,,,2026-05-28 01:04:31 UTC,2025-12-02 14:20:16+00:00,2025-12-02 14:20:16 UTC,0xfc64e651f0442f4309282d1053804262b6f6408fb1f1a86020bc5e2f8d17d932,0x088ffbbc6f2c0b3839d2832e75f37e1bcecbc9e7,True,No,0.0,False,,100,1250.0,2.0,0.0,-102.0,-1.0
11639,Will Biden resign before the election?,biden-resigns-from-presidency-before-election,503972,biden-resigns-from-presidency-before-election,Yes,0.036689944026384244,86112.0,3159.44,3.7%,,,,,,,,,,2026-05-28 01:01:51 UTC,2024-09-29 23:59:42+00:00,2024-09-29 23:59:42 UTC,0x9b54413a2dee3506b71131bfadbf7d1272f8435406346c68aa6108366a7aea39,0x53e55bc7cb3d67ad177c023ce891ad076a9d6177,True,No,0.0,False,,100,2725.5424518524374,2.0,0.0,-102.0,-1.0
16180,Maduro out in 2025?,maduro-out-in-2025,516947,maduro-out-in-2025-411,Yes,0.06,52500.0,3150.0,6.0%,,,,,,,,,,2026-05-28 01:04:29 UTC,2025-12-16 08:38:01+00:00,2025-12-16 08:38:01 UTC,0xec84b64305ff1c46f3e1e9c049d364034430e5e1b37396f35e78d3f1a187c53a,0xfeff0fdc244b5a6edb0d29f07b14dd6da0b259da,True,No,0.0,False,,100,1666.6666666666667,2.0,0.0,-102.0,-1.0
10833,Will Trump drop out of presidential race?,will-trump-drop-out-of-presidential-race,501938,will-trump-drop-out-of-presidential-race,Yes,0.04353103953735331,72030.671271,3135.57,4.4%,,,,,,,,,,2026-05-28 01:01:27 UTC,2024-09-25 08:58:43+00:00,2024-09-25 08:58:43 UTC,0xb911b0fcce903d003571b623ded84a22c7bb1a1c87fc727bb9d141c31a5422bf,0xe1a3ad35b7a6297dba1541ddd8b0168cbd139e5c,True,No,0.0,False,,100,2297.211393589431,2.0,0.0,-102.0,-1.0
12641,TikTok banned in the US before May 2025?,tiktok-banned-in-the-us-before-may-2025,507276,tiktok-banned-in-the-us-before-may-2025,No,0.018680649748540903,165947.118635,3100.0,1.9%,,,,,,,,,,2026-05-28 01:02:43 UTC,2025-01-19 07:45:11+00:00,2025-01-19 07:45:11 UTC,0x2af256182557c9282d0c372a3e9e6a87f35ffcd6f271a2e307f8ba20529f85bf,0xe53eac4eda510c9c56c43326f7fd8ebd2d5e7bb3,True,Yes,0.0,False,,100,5353.132859193548,2.0,0.0,-102.0,-1.0
17792,No change in Fed interest rates after June 2025 meeting?,fed-decision-in-june,521836,no-change-in-fed-interest-rates-after-june-2025-meeting,No,0.025792775036259888,119270.91,3076.33,2.6%,,,,,,,,,,2026-05-28 01:05:09 UTC,2025-06-12 12:55:07+00:00,2025-06-12 12:55:07 UTC,0x921be09983703239a67f793cabf9a7022fbb99be77062d2b7e2172576068180e,0x24b1e0c01d30b6e02a4de1ee82011a69893248ee,True,Yes,0.0,False,,100,3877.0547123920724,2.0,0.0,-102.0,-1.0
12641,TikTok banned in the US before May 2025?,tiktok-banned-in-the-us-before-may-2025,507276,tiktok-banned-in-the-us-before-may-2025,No,0.04823711149042616,63706.758221,3073.03,4.8%,,,,,,,,,,2026-05-28 01:02:43 UTC,2025-01-19 15:32:25+00:00,2025-01-19 15:32:25 UTC,0xe981b589665b1c350e12c34686f9b06ee541c2f3f3ebf63b7e7a96f383c8507c,0x9210596b3aed08df5153136589a27d66829f25fc,True,Yes,0.0,False,,100,2073.0926232978827,2.0,0.0,-102.0,-1.0
17140,Fed decreases interest rates by 50+ bps after May 2025 meeting?,fed-decision-in-may-2025,519776,fed-decreases-interest-rates-by-50-bps-after-may-2025-meeting,Yes,0.05913829012749894,51922.0,3070.58,5.9%,,,,,,,,,,2026-05-28 01:04:57 UTC,2025-04-07 04:41:47+00:00,2025-04-07 04:41:47 UTC,0xb7c4db973cbc71204d9101427c631587ffea5cbc909be7d35b9c63de9fe9c27d,0x0df768a9890f3d1078afe0f87adfa11acfced154,True,No,0.0,False,,100,1690.9518314514241,2.0,0.0,-102.0,-1.0
13572,Will ≥2% of votes go to 3rd Party candidates?,will-2-of-votes-go-to-3rd-party-candidates-in-us-election,510340,will-2-of-votes-go-to-3rd-party-candidates-in-us-election,Yes,0.050403331326556264,60910.27,3070.08,5.0%,,,,,,,,,,2026-05-28 01:03:08 UTC,2024-11-12 14:50:37+00:00,2024-11-12 14:50:37 UTC,0x92c2b9b9dcd6ea4e4c387ac18b0b0701fc2221b75bba398aa06bc354ac398ad0,0x2728d99b2405a52db60160837e130b3ba3c1a83c,True,Yes,0.0,True,,100,1983.995846467245,2.0,1983.995846467245,1881.995846467245,18.4509396712475
17792,Fed decreases interest rates by 25 bps after June 2025 meeting?,fed-decision-in-june,521835,fed-decreases-interest-rates-by-25-bps-after-june-2025-meeting,Yes,0.019824994258134138,154827.72,3069.46,2.0%,,,,,,,,,,2026-05-28 01:05:09 UTC,2025-06-08 23:07:12+00:00,2025-06-08 23:07:12 UTC,0x57a0fbe7bb16bda387e3e2e52370df9d769d6c5812f1a9abcad09863585551ee,0xa275bde79dca1fdfed6894dafa1f9d206f7dc758,True,No,0.0,False,,100,5044.137652598325,2.0,0.0,-102.0,-1.0
14874,Will Karol Nawrocki be the next President of Poland?,poland-presidential-election,514138,will-karol-nawrocki-be-the-next-president-of-poland,No,0.036,84994.94,3059.82,3.6%,,,,,,,,,,2026-05-28 01:04:01 UTC,2025-06-01 23:14:15+00:00,2025-06-01 23:14:15 UTC,0xbe751fa4ed7792f1694a0321bcbafd0957b106106991a85ec9985fb01a39d647,0x75049bd489194be19c45c31ed311e556411c9c69,True,Yes,0.0,False,,100,2777.777777777778,2.0,0.0,-102.0,-1.0
10656,Will a Republican win the popular vote and a Democrat win the Presidency?,which-party-wins-presidency-popular-vote,501588,will-a-republican-win-the-popular-vote-and-a-democrat-win-the-presidency,Yes,0.02378165395632196,127933.85,3042.48,2.4%,,,,,,,,,,2026-05-28 01:01:21 UTC,2024-11-01 15:58:29+00:00,2024-11-01 15:58:29 UTC,0x71cbf1259db65ccaa9e593bd04153068ff5d9dcb48cbae6dd82748942b81ef43,0xfffe4013adfe325c6e02d36dc66e091f5476f52c,True,No,0.0,False,,100,4204.922003476409,2.0,0.0,-102.0,-1.0
11798,Will Kamala Harris drop out of presidential race?,will-kamala-drop-out-before-election,504400,will-kamala-drop-out-before-election,Yes,0.08622781136707325,35113.7,3027.78,8.6%,,,,,,,,,,2026-05-28 01:01:58 UTC,2024-08-08 13:58:39+00:00,2024-08-08 13:58:39 UTC,0x1c7aa7eece95de6e2eeddee4d6aa413d8bf704859c0aa55f0e3fa20577d6d79a,0x10b30364936b03d26b3fd01a63d1f991454b40d4,True,No,0.0,False,,100,1159.718638506297,2.0,0.0,-102.0,-1.0
17174,Was JFK assassination an inside job?,was-jfk-assassination-an-inside-job-march-31,519906,was-jfk-assassination-an-inside-job-march-31,Yes,0.06999999997894214,43214.285713,3025.0,7.0%,,,,,,,,,,2026-05-28 01:04:59 UTC,2025-01-29 22:08:34+00:00,2025-01-29 22:08:34 UTC,0xbc882c9819822baacc2b4fafa7963f77e396fabc636872aba3f561c158a3f098,0x8f812a37704a737c5c5a179112f04e0ceb229228,True,No,0.0,False,,100,1428.5714290011808,2.0,0.0,-102.0,-1.0
11321,Will Biden announce resignation by July 31?,will-biden-resign-by-july-31,503011,will-biden-resign-by-july-31,Yes,0.09948512060990522,30347.01,3019.08,9.9%,,,,,,,,,,2026-05-28 01:01:36 UTC,2024-07-18 00:20:25+00:00,2024-07-18 00:20:25 UTC,0x2f41e24fd93e574e45af7f010f0dcfdad32d92541352dafe33f4f206e57466cd,0xa710f0eae9129df28a52e886902c443364004173,True,No,0.0,False,,100,1005.175441180935,2.0,0.0,-102.0,-1.0
11385,Will Pete Buttigieg be the 2024 Democratic VP nominee?,democratic-vp-nominee,503175,will-pete-buttigieg-be-the-2024-democratic-vp-nomination,Yes,0.033429944407005314,90309.752306,3019.05,3.3%,,,,,,,,,,2026-05-28 01:01:39 UTC,2024-08-04 20:50:57+00:00,2024-08-04 20:50:57 UTC,0xebd5cdc287fffd39965226ec4fc743bc2687dd2f9b91e39d67c34dccec5a5b49,0x7c17a1d03834e78b4565bbefd99461faf7c3169a,True,No,0.0,False,,100,2991.3301315285703,2.0,0.0,-102.0,-1.0
13143,Israel strike on Iranian nuclear facility in 2024?,israel-strike-on-iranian-nuclear-facility-in-2024,508671,israel-strike-on-iranian-nuclear-facility-in-2024,No,0.0924619729885551,32608.4,3015.04,9.2%,,,,,,,,,,2026-05-28 01:02:53 UTC,2024-11-16 20:16:01+00:00,2024-11-16 20:16:01 UTC,0x78e573b7440cc54d0a8c207a7bfcab1f0cdf5f6cab140e29f5de5f03d8411b48,0x39d807a9c34f226e8c5b7d2a06822bc7ff47f064,True,Yes,0.0,False,,100,1081.525699352943,2.0,0.0,-102.0,-1.0
11798,Will Kamala Harris drop out of presidential race?,will-kamala-drop-out-before-election,504400,will-kamala-drop-out-before-election,Yes,0.06,50198.06,3011.88,6.0%,,,,,,,,,,2026-05-28 01:01:58 UTC,2024-08-11 21:46:55+00:00,2024-08-11 21:46:55 UTC,0xa99e1826e055f79d97014c079385d9ec78f3a9185ac95a2550d6e08f7f68ea5a,0x10b30364936b03d26b3fd01a63d1f991454b40d4,True,No,0.0,False,,100,1666.6666666666667,2.0,0.0,-102.0,-1.0
14220,Fed decreases interest rates by 25 bps after January 2025 meeting?,fed-interest-rates-january-2025,512323,fed-decreases-interest-rates-by-25-bps-after-january-2025-meeting,Yes,0.02772120367798451,108238.085,3000.49,2.8%,,,,,,,,,,2026-05-28 01:03:45 UTC,2025-01-29 18:56:25+00:00,2025-01-29 18:56:25 UTC,0x65dab6be61a8f30df5a393de515c9790d4fcf2730aba3958a9b8248f1ae057ff,0xa94f1a99b0e94c0cc6acbddf291fa34dbd869765,True,No,0.0,False,,100,3607.346966662112,2.0,0.0,-102.0,-1.0
11878,Fed decreases interest rates by 25 bps after December 2024 meeting?,fed-interest-rates-december-2024,504586,fed-decreases-interest-rates-by-25-bps-after-december-2024-meeting,No,0.05800521138022806,51719.490846,3000.0,5.8%,,,,,,,,,,2026-05-28 01:01:59 UTC,2024-12-13 20:32:44+00:00,2024-12-13 20:32:44 UTC,0xaf5a621b2389cf203ddf521d975b0d43fe8df7dbd1d0df8c66ce844a460ea0d7,0x5869e74970b00eaabec8215ec77e40b559ffdf51,True,Yes,0.0,False,,100,1723.9830287746609,2.0,0.0,-102.0,-1.0
11889,Harris-Walz Democratic ticket on election day?,harris-walz-final-democratic-ticket,504603,harris-walz-final-democratic-ticket,No,0.03407580287844933,88039.011427,3000.0,3.4%,,,,,,,,,,2026-05-28 01:02:08 UTC,2024-10-14 14:41:14+00:00,2024-10-14 14:41:14 UTC,0x3dcb081cbb3cea32d162201ca14f9370c9047a4dae90c73832f140308e40f1ad,0xbd58809f0f8fbe2a43ebac3d1577b755193bb17f,True,Yes,0.0,False,,100,2934.6337152115448,2.0,0.0,-102.0,-1.0
11910,GOP wins popular vote by 2-3%?,popular-vote-margin-of-victory-in-presidential-election,504678,gop-wins-popular-vote-by-2-3,Yes,0.0865449138240574,34664.08211,3000.0,8.7%,,,,,,,,,,2026-05-28 01:02:08 UTC,2024-10-10 08:40:34+00:00,2024-10-10 08:40:34 UTC,0x77d635872d68f8d4d4758fec560b27957faf9fa1b1dd423720fe1fcac2f171a9,0x6236a163db74732a2004c0c162d8536dbf2d15f1,True,No,0.0,False,,100,1155.4694040518232,2.0,0.0,-102.0,-1.0
11889,Harris-Walz Democratic ticket on election day?,harris-walz-final-democratic-ticket,504603,harris-walz-final-democratic-ticket,No,0.08260897633592543,36315.66607,3000.0,8.3%,,,,,,,,,,2026-05-28 01:02:10 UTC,2024-08-18 18:35:36+00:00,2024-08-18 18:35:36 UTC,0xff37250bbde717a6aba1cd018e2eeab6ad78458c045d6a9e74a12796ceeab498,0x323795976a3897a2f34fa079bad592a01fc10e5c,True,Yes,0.0,False,,100,1210.5222027368407,2.0,0.0,-102.0,-1.0
11889,Harris-Walz Democratic ticket on election day?,harris-walz-final-democratic-ticket,504603,harris-walz-final-democratic-ticket,No,0.07999200079992001,37503.75,3000.0,8.0%,,,,,,,,,,2026-05-28 01:02:10 UTC,2024-08-17 13:13:39+00:00,2024-08-17 13:13:39 UTC,0x17b7351e5e10f3a95db9b415134fc04b11033b168b8d28580f5ae6b2be8910fe,0x9954316341df6229803e1743afc1ec003f440233,True,Yes,0.0,False,,100,1250.125,2.0,0.0,-102.0,-1.0
11973,Will Kamala Harris win all 6 swing states?,will-kamala-harris-win-every-swing-state,504897,will-kamala-harris-win-every-swing-state,Yes,0.09997286070074844,30008.144,3000.0,10.0%,,,,,,,,,,2026-05-28 01:02:13 UTC,2024-10-31 00:13:40+00:00,2024-10-31 00:13:40 UTC,0xb11eba42a9c5dfd0fa9530eda3fa319abc6256b99b6749ffde960a3c35ed44fc,0x48dae0586b92408c5b9a9ecdda519bfc88696d88,True,No,0.0,False,,100,1000.2714666666666,2.0,0.0,-102.0,-1.0
12641,TikTok banned in the US before May 2025?,tiktok-banned-in-the-us-before-may-2025,507276,tiktok-banned-in-the-us-before-may-2025,No,0.010076994590266506,297707.810908,3000.0,1.0%,,,,,,,,,,2026-05-28 01:02:43 UTC,2025-01-20 19:26:44+00:00,2025-01-20 19:26:44 UTC,0x877b6e5b39307da8c460241e0629d471b3ed9f767056092bb7e78e2426eed5b4,0x7ee02f215f75a24a9dab7e1bbc038079936a146b,True,Yes,0.0,False,,100,9923.593696933332,2.0,0.0,-102.0,-1.0
12641,TikTok banned in the US before May 2025?,tiktok-banned-in-the-us-before-may-2025,507276,tiktok-banned-in-the-us-before-may-2025,No,0.02282433913750055,131438.635832,3000.0,2.3%,,,,,,,,,,2026-05-28 01:02:43 UTC,2025-01-20 15:03:56+00:00,2025-01-20 15:03:56 UTC,0xa9de0c7eac5a0336e1bd257bceba8f2475740925ecc6247f76a34ed20fd3b41a,0x716f28329a2b9c2001a050c759793974c0de9798,True,Yes,0.0,False,,100,4381.287861066667,2.0,0.0,-102.0,-1.0
12641,TikTok banned in the US before May 2025?,tiktok-banned-in-the-us-before-may-2025,507276,tiktok-banned-in-the-us-before-may-2025,No,0.04,75000.0,3000.0,4.0%,,,,,,,,,,2026-05-28 01:02:43 UTC,2025-01-19 23:13:50+00:00,2025-01-19 23:13:50 UTC,0x9462e0b7d0c9343252321579075712a8747f0c5765b3001a8f905512c6f2f87d,0x824c70b95e766341579e89fcac4bbb121a8fd2bb,True,Yes,0.0,False,,100,2500.0,2.0,0.0,-102.0,-1.0
14039,Will Biden resign in 2024?,will-biden-resign-in-2024,511885,will-biden-resign-in-2024,Yes,0.02938889233221941,102079.383125,3000.0,2.9%,,,,,,,,,,2026-05-28 01:03:33 UTC,2024-12-03 08:31:06+00:00,2024-12-03 08:31:06 UTC,0xbe7f3a013163a6d91d57cc72b44375fc7529406100332ab7fb5b1dba1bebe6e6,0x1acbcebb677f41f1ea0b5fd86ed58a23c9f56109,True,No,0.0,False,,100,3402.6461041666666,2.0,0.0,-102.0,-1.0
14220,Fed decreases interest rates by 25 bps after January 2025 meeting?,fed-interest-rates-january-2025,512323,fed-decreases-interest-rates-by-25-bps-after-january-2025-meeting,Yes,0.022825350761014187,131432.810405,3000.0,2.3%,,,,,,,,,,2026-05-28 01:03:45 UTC,2025-01-29 18:16:29+00:00,2025-01-29 18:16:29 UTC,0x8aa5af3947908c08655faf64bb83c6ba91f4c4b8ad3692e0f30c79ded81f040f,0x2671eb5116136069e2cd7246cff087f6f8f6f29c,True,No,0.0,False,,100,4381.093681627031,2.0,0.0,-102.0,-1.0
14220,Fed decreases interest rates by 25 bps after January 2025 meeting?,fed-interest-rates-january-2025,512323,fed-decreases-interest-rates-by-25-bps-after-january-2025-meeting,Yes,0.02053653944866758,146081.086665,3000.0,2.1%,,,,,,,,,,2026-05-28 01:03:45 UTC,2025-01-28 23:26:43+00:00,2025-01-28 23:26:43 UTC,0x8893e6ce17a93bad0ba2188c1d50acd9cba0d87139db7a7fccaf451e693ec638,0xb4c4a7db3cd5781842f7fcdc6c3b01bc0b75ee73,True,No,0.0,False,,100,4869.369557123124,2.0,0.0,-102.0,-1.0
14874,Will Rafał Trzaskowski be the next President of Poland?,poland-presidential-election,514139,will-rafa-trzaskowski-be-the-next-president-of-poland,Yes,0.099000000003366,30303.030302,3000.0,9.9%,,,,,,,,,,2026-05-28 01:04:01 UTC,2025-06-01 23:02:39+00:00,2025-06-01 23:02:39 UTC,0x9e61e833bac1001dc16fc306857b45f5522d4eaf9960ed993e185dd41d1f2765,0x2cd3dbf45fee3d8c8132ba98aa1d8abb7a88a97b,True,No,0.0,False,,100,1010.1010100666666,2.0,0.0,-102.0,-1.0
15437,Will Biden pardon Trump?,who-will-biden-pardon,506488,will-biden-pardon-trump,Yes,0.06969031960416262,43047.585605,3000.0,7.0%,,,,,,,,,,2026-05-28 01:04:14 UTC,2024-12-20 23:04:45+00:00,2024-12-20 23:04:45 UTC,0x05c77aa790430c7cad91273d6a9434be0906c30634756796cbc53d05553deaf4,0x0ebbf2c8901f94d59ee20850b22db8190b60b114,True,No,0.0,False,,100,1434.919520644973,2.0,0.0,-102.0,-1.0
15602,Will the AFD be part of the next German government?,which-parties-will-be-part-of-next-german-government,515840,will-the-afd-be-part-of-the-next-german-government,Yes,0.092706982708479,32360.022,3000.0,9.3%,,,,,,,,,,2026-05-28 01:04:16 UTC,2025-01-29 13:24:20+00:00,2025-01-29 13:24:20 UTC,0xe4d8ac676def78e41bfe33cfc5baf62ad79f29795aa42fb0010eadb329d9f0ad,0x28ef465e8cc384080d935626e884a90439afffe1,True,No,0.0,False,,100,1078.6674,2.0,0.0,-102.0,-1.0
15665,No change in Fed interest rates after March 2025 meeting?,fed-decision-in-march,516010,no-change-in-fed-interest-rates-after-march-2025-meeting,No,0.06265957282620876,47877.760152,3000.0,6.3%,,,,,,,,,,2026-05-28 01:04:20 UTC,2025-03-02 12:11:18+00:00,2025-03-02 12:11:18 UTC,0x9995c94f445cf185574fbb56e52bcaad377aa6be74ab2b46052bf6b0805e2459,0x618c6ad4380f9d216a70020480fd8a1ff01a0f4e,True,Yes,0.0,False,,100,1595.9253389319751,2.0,0.0,-102.0,-1.0
15725,Will Trump acquire Greenland before July?,will-the-us-acquire-greenland-before-july,516184,will-the-us-acquire-greenland-before-july,Yes,0.07888014160255077,38032.386074,3000.0,7.9%,,,,,,,,,,2026-05-28 01:04:24 UTC,2025-01-16 18:49:17+00:00,2025-01-16 18:49:17 UTC,0x57368ff0c80e3932c084958fefc2dc8f75fd2e8eb4a810d5b89b26f068a91761,0xa1da37f329911afdced09cc4f4a8ec8afb2c8f6a,True,No,0.0,False,,100,1267.7462028892487,2.0,0.0,-102.0,-1.0
16180,Maduro out in 2025?,maduro-out-in-2025,516947,maduro-out-in-2025-411,Yes,0.036202435206455406,82867.353588,3000.0,3.6%,,,,,,,,,,2026-05-28 01:04:29 UTC,2025-12-23 15:49:35+00:00,2025-12-23 15:49:35 UTC,0x6879d76b1d039fd99264bf6f4dbdb2c5d2e7330b6d66752de74a0194b864b06f,0x1d0282a0ca11aa5339fd7b944ba7a0c4a1e1816d,True,No,0.0,False,,100,2762.2451205207485,2.0,0.0,-102.0,-1.0
16180,Maduro out in 2025?,maduro-out-in-2025,516947,maduro-out-in-2025-411,Yes,0.08202696029266329,36573.34111,3000.0,8.2%,,,,,,,,,,2026-05-28 01:04:29 UTC,2025-12-13 00:00:36+00:00,2025-12-13 00:00:36 UTC,0xf55acdc75e9f34edc817a447c7562f3e486155f6286e445164a49fcc0dff2978,0xf3d2440cee0c3b07992fdc4ed6bc06801a1fa162,True,No,0.0,False,,100,1219.1113707397037,2.0,0.0,-102.0,-1.0
16432,Conservatives win majority in Canadian election?,will-the-conservative-party-win-a-majority-in-next-canadian-election,517600,will-the-conservative-party-win-a-majority-in-next-canadian-election,Yes,0.0867451167400069,34584.079332,3000.0,8.7%,,,,,,,,,,2026-05-28 01:04:36 UTC,2025-04-28 23:40:08+00:00,2025-04-28 23:40:08 UTC,0xcb3179e2d1bff76d94399e92541c28175785dbef27a933feb763f66a259d348d,0x56263938abe0916421ddff71de580df31ec582b3,True,No,0.0,False,,100,1152.8026447842676,2.0,0.0,-102.0,-1.0
16432,Conservatives win majority in Canadian election?,will-the-conservative-party-win-a-majority-in-next-canadian-election,517600,will-the-conservative-party-win-a-majority-in-next-canadian-election,Yes,0.05030672200335816,59634.177691,3000.0,5.0%,,,,,,,,,,2026-05-28 01:04:36 UTC,2025-04-28 14:10:38+00:00,2025-04-28 14:10:38 UTC,0x2b90d0d48ef697a295a7cf95d959cf94e0646b1805e3de6a7453ba4955b3c1d2,0xa44e24c97fb0c1d7521ceba0b0224d0015b678f4,True,No,0.0,False,,100,1987.8059236959352,2.0,0.0,-102.0,-1.0
17140,No change in Fed interest rates after May 2025 meeting?,fed-decision-in-may-2025,519778,no-change-in-fed-interest-rates-after-may-2025-meeting,No,0.02093450036382454,143304.112726,3000.0,2.1%,,,,,,,,,,2026-05-28 01:04:55 UTC,2025-05-07 16:09:55+00:00,2025-05-07 16:09:55 UTC,0x57c9251827849a882873a3383dd56382b6576e5764c325dbe3495c57594b1c0b,0x93b33614739613d8faba18b027da20d5074b6436,True,Yes,0.0,False,,100,4776.803757533333,2.0,0.0,-102.0,-1.0
17140,Fed decreases interest rates by 25 bps after May 2025 meeting?,fed-decision-in-may-2025,519777,fed-decreases-interest-rates-by-25-bps-after-may-2025-meeting,Yes,0.026608090172417928,112747.66357,3000.0,2.7%,,,,,,,,,,2026-05-28 01:04:55 UTC,2025-05-05 05:26:08+00:00,2025-05-05 05:26:08 UTC,0xe58ea8c13efd3f5694ab645a2880ca0c33f18b691e7d7b9d11aea0cb8093a933,0x0546f2cc9e455269497e4316e7e87caca99a2403,True,No,0.0,False,,100,3758.2554535860854,2.0,0.0,-102.0,-1.0
17174,Was JFK assassination an inside job?,was-jfk-assassination-an-inside-job-march-31,519906,was-jfk-assassination-an-inside-job-march-31,Yes,0.040427095438229164,74207.656189,3000.0,4.0%,,,,,,,,,,2026-05-28 01:04:59 UTC,2025-03-18 16:33:43+00:00,2025-03-18 16:33:43 UTC,0x65da0844cedc164a15feb6372d71236c69b87b5bd53cb8de150d7e60a9822edc,0x3fa32e2a6d9e18cfe6a6e28ec0cbda825402a820,True,No,0.0,False,,100,2473.5885404578626,2.0,0.0,-102.0,-1.0
15437,Will Biden pardon SBF?,who-will-biden-pardon,500502,will-biden-pardon-sbf-this-term,Yes,0.04015895315443507,74677.743403,2998.98,4.0%,,,,,,,,,,2026-05-28 01:04:14 UTC,2025-01-04 15:03:31+00:00,2025-01-04 15:03:31 UTC,0xe99a19a3be4531f2924e4840950c6490e2625ead85085650878151c0a4799caf,0x73becac2d5a09942988da9dda309bcb4fc67a0b2,True,No,0.0,False,,100,2490.104749878327,2.0,0.0,-102.0,-1.0
16548,US government shutdown in 2025?,us-government-shutdown-in-2025,518036,us-government-shutdown-in-2025,No,0.03275704813732905,91537.246776,2998.49,3.3%,,,,,,,,,,2026-05-28 01:04:41 UTC,2025-10-01 00:52:25+00:00,2025-10-01 00:52:25 UTC,0xd3fd0fdeab6af4d991fb875a694faa755bd368c7f60801293a00b5ffe6bf138c,0x45176edb4252a7b2feb0681dd3e7a2d45292a21e,True,Yes,0.0,False,,100,3052.77812520728,2.0,0.0,-102.0,-1.0
15665,Fed decreases interest rates by 25 bps after March 2025 meeting?,fed-decision-in-march,516009,fed-decreases-interest-rates-by-25-bps-after-march-2025-meeting,Yes,0.03015153348295996,99165.768822,2990.0,3.0%,,,,,,,,,,2026-05-28 01:04:23 UTC,2025-02-16 11:10:05+00:00,2025-02-16 11:10:05 UTC,0xea3b4135f410818c44d6ff9d2059b461f7373023084753ccb02d67eb75cbf358,0xa1bf67667d33ac2de0844fa59d00a49b269361d3,True,No,0.0,False,,100,3316.5808981660807,2.0,0.0,-102.0,-1.0
17140,Fed decreases interest rates by 25 bps after May 2025 meeting?,fed-decision-in-may-2025,519777,fed-decreases-interest-rates-by-25-bps-after-may-2025-meeting,Yes,0.08,37326.1,2986.09,8.0%,,,,,,,,,,2026-05-28 01:04:56 UTC,2025-04-21 14:04:19+00:00,2025-04-21 14:04:19 UTC,0xa8647afb03d09bc35780f4072735906a1719c4626bbdad3cb3f86bd44aed54ee,0xa9ee0279edee743ed85fb293c079994a24635a28,True,No,0.0,False,,100,1250.0,2.0,0.0,-102.0,-1.0
11143,Will Trump launch a coin before the election?,will-trump-launch-a-coin-before-the-election,502571,will-trump-launch-a-coin-before-the-election,No,0.01089167455230426,273261.929165,2976.28,1.1%,,,,,,,,,,2026-05-28 01:01:31 UTC,2024-10-17 13:52:38+00:00,2024-10-17 13:52:38 UTC,0xe07433d5b23ac63349155813841a806c11f82ea1a3bd3037818ea796538c4966,0x43ebb6752cff746cd3f1ecc332635e10ca40ecd0,True,Yes,0.0,False,,100,9181.324645698658,2.0,0.0,-102.0,-1.0
10833,Will Trump drop out of presidential race?,will-trump-drop-out-of-presidential-race,501938,will-trump-drop-out-of-presidential-race,Yes,0.06123682550843291,48532.8881,2972.0,6.1%,,,,,,,,,,2026-05-28 01:01:27 UTC,2024-09-09 21:13:49+00:00,2024-09-09 21:13:49 UTC,0x4f11d60f61da9f9589cb8a8848232c103dbd2798eda69dc09471151c1dd07526,0x46483a45de96eacaf31430c3ed97e0b6a30b5361,True,No,0.0,False,,100,1633.004310228802,2.0,0.0,-102.0,-1.0
15036,Khamenei out as Supreme Leader of Iran by June 30?,khamenei-out-as-supreme-leader-of-iran-by-june-30,514497,khamenei-out-as-supreme-leader-of-iran-by-june-30,Yes,0.09449357680151585,31444.042014,2971.26,9.4%,,,,,,,,,,2026-05-28 01:04:01 UTC,2025-06-24 07:18:45+00:00,2025-06-24 07:18:45 UTC,0xd68eac742bbf92c89e7a8bb1392d6dff27aba84b5d8cb238b0d901af1b83b905,0xf81003a8f468573ef8fbb1f52f44228106ccb6e3,True,No,0.0,False,,100,1058.2729893911246,2.0,0.0,-102.0,-1.0
11878,No change in Fed interest rates after December 2024 meeting?,fed-interest-rates-december-2024,504587,no-change-in-fed-interest-rates-after-december-2024-meeting,Yes,0.03983900085159001,74562.110909,2970.48,4.0%,,,,,,,,,,2026-05-28 01:01:59 UTC,2024-12-18 09:38:20+00:00,2024-12-18 09:38:20 UTC,0x49ca96004384170a9c86b3eacd41968c08660095502d1514f9046dce5c816f35,0xada7b1ecb17be71c2b94686c277c72aedacc2a51,True,No,0.0,False,,100,2510.10311158466,2.0,0.0,-102.0,-1.0
16180,Maduro out in 2025?,maduro-out-in-2025,516947,maduro-out-in-2025-411,Yes,0.09,33000.0,2970.0,9.0%,,,,,,,,,,2026-05-28 01:04:29 UTC,2025-12-13 13:19:35+00:00,2025-12-13 13:19:35 UTC,0x119849a5a5340d07fa5d99d44be56cc9d125302d2096f19232ff5d5f2d44df89,0x80e1fa89eeeda713f6829e57e9c40b56b4df8b9e,True,No,0.0,False,,100,1111.111111111111,2.0,0.0,-102.0,-1.0
16180,Maduro out in 2025?,maduro-out-in-2025,516947,maduro-out-in-2025-411,Yes,0.03550279953083429,83651.431387,2969.86,3.6%,,,,,,,,,,2026-05-28 01:04:28 UTC,2025-12-25 18:47:15+00:00,2025-12-25 18:47:15 UTC,0x353d8a81f6d03163c6bfbb2c06210dc649fd6faa4beb28ca39b42c88d94175e7,0x191391e548f3fab925ce28cc0fc74ef97546b494,True,No,0.0,False,,100,2816.6792850560896,2.0,0.0,-102.0,-1.0
12641,TikTok banned in the US before May 2025?,tiktok-banned-in-the-us-before-may-2025,507276,tiktok-banned-in-the-us-before-may-2025,No,0.050424752610414056,58850.660566,2967.53,5.0%,,,,,,,,,,2026-05-28 01:02:43 UTC,2025-01-19 17:53:17+00:00,2025-01-19 17:53:17 UTC,0x2e29251e6199562e4abb9d8086ee77c9efddd6ac670da33da5c7e803393a9291,0xa6b0ef8189520b578359b013a18b50779d70850a,True,Yes,0.0,False,,100,1983.1530116292,2.0,0.0,-102.0,-1.0
15727,Trump Admin confirms Aliens exist in first 100 days?,trump-administration-confirms-aliens-exist-in-first-100-days,516186,trump-administration-confirms-aliens-exist-in-first-100-days,Yes,0.07886523112852138,37621.14125,2967.0,7.9%,,,,,,,,,,2026-05-28 01:04:24 UTC,2024-12-24 00:14:34+00:00,2024-12-24 00:14:34 UTC,0x73596a814b0e42857acc6f959d591fef0c7b8e649389f5bf0eefdfef40f17386,0xe8c3ad45bc96a47091c8d31c17eb312eb5d5fbbe,True,No,0.0,False,,100,1267.9858864172566,2.0,0.0,-102.0,-1.0
14178,Will Trump pardon Roger Ver in his first 100 days?,trump-pardons,514672,will-trump-pardon-roger-ver-in-his-first-100-days,Yes,0.085,34903.0,2966.76,8.5%,,,,,,,,,,2026-05-28 01:03:39 UTC,2025-02-26 10:35:48+00:00,2025-02-26 10:35:48 UTC,0x01a7f25469aa439909fdc3d9b0748e25889ff16d7ec7fb8635fa0f2c4e91641b,0x45d77f9e9a3215fa5aaf74888ba22348c340bc74,True,No,0.0,False,,100,1176.4705882352941,2.0,0.0,-102.0,-1.0
17792,Fed decreases interest rates by 25 bps after June 2025 meeting?,fed-decision-in-june,521835,fed-decreases-interest-rates-by-25-bps-after-june-2025-meeting,Yes,0.022377714103204466,132542.581665,2966.0,2.2%,,,,,,,,,,2026-05-28 01:05:09 UTC,2025-06-09 20:39:15+00:00,2025-06-09 20:39:15 UTC,0xd1560f75f50e6bd35524349f081f04acc83b82f34da62639017842488a6910f9,0xf5c3ba71bb7882b98f4850f20afbc61c71460f3d,True,No,0.0,False,,100,4468.731682727152,2.0,0.0,-102.0,-1.0
11887,Tim Walz replaced as Democratic VP nominee?,tim-walz-out-as-democratic-vp-nominee,504598,tim-walz-out-as-democratic-vp-nominee,Yes,0.01,296595.1,2965.95,1.0%,,,,,,,,,,2026-05-28 01:02:08 UTC,2024-10-12 10:51:12+00:00,2024-10-12 10:51:12 UTC,0xfecf2427ff50696347ef34fc802d9586be98e70a79c2df8b4a84ac1083ce186a,0xe4f5305ba3cc55013196ad7888e427c06e239663,True,No,0.0,False,,100,10000.0,2.0,0.0,-102.0,-1.0
14220,Fed decreases interest rates by 25 bps after January 2025 meeting?,fed-interest-rates-january-2025,512323,fed-decreases-interest-rates-by-25-bps-after-january-2025-meeting,Yes,0.01236896868238546,239679.643075,2964.59,1.2%,,,,,,,,,,2026-05-28 01:03:46 UTC,2025-01-23 20:44:52+00:00,2025-01-23 20:44:52 UTC,0xfe94d1164e068c9b4c8e8e259275b17b6713a5a13dd024b203dd28f7976e9a15,0x20915774068ceebfaf9efe7bafba681c0fd569f0,True,No,0.0,False,,100,8084.74841903425,2.0,0.0,-102.0,-1.0
11536,RFK Jr. endorses Trump in August?,rfk-jr-endorses-trump,503535,rfk-jr-endorses-trump,No,0.09843186654186162,30105.62,2963.35,9.8%,,,,,,,,,,2026-05-28 01:01:49 UTC,2024-08-26 00:49:44+00:00,2024-08-26 00:49:44 UTC,0xb3f79a58290b36bbdecbcd4cd70c3c8c70b1628197f378e8e4fb884a54c1df4e,0xf4d6dd1afa834badf76d25c08c84e0a770f14973,True,Yes,0.0,False,,100,1015.9311563747649,2.0,0.0,-102.0,-1.0
14039,Will Biden resign in 2024?,will-biden-resign-in-2024,511885,will-biden-resign-in-2024,Yes,0.03571929455833965,82607.454472,2950.68,3.6%,,,,,,,,,,2026-05-28 01:03:33 UTC,2024-12-10 06:27:09+00:00,2024-12-10 06:27:09 UTC,0x1a9508211e5fbafa9db81dbc6494c5946ce9070c3c52323f9689b7216bba9e1d,0x48362f4c13c94804eb5a9bd79cf6de830d930964,True,No,0.0,False,,100,2799.6073616927647,2.0,0.0,-102.0,-1.0
14547,Will Assad remain President of Syria through 2024?,will-assad-remain-president-of-syria-through-2024,513334,will-assad-remain-president-of-syria-through-2024,Yes,0.03261972514723399,90331.374213,2946.58,3.3%,,,,,,,,,,2026-05-28 01:03:57 UTC,2024-12-08 04:38:20+00:00,2024-12-08 04:38:20 UTC,0x1a7dab93f525b43589f7ccf14ea0174c3333a1367b8a78a250863cd5c6809b9c,0x84cd0f52546cac4019ace37c48ad2100dd7ddad2,True,No,0.0,False,,100,3065.6297546541273,2.0,0.0,-102.0,-1.0
11143,Will Trump launch a coin before the election?,will-trump-launch-a-coin-before-the-election,502571,will-trump-launch-a-coin-before-the-election,No,0.014559304277845598,202173.122,2943.5,1.5%,,,,,,,,,,2026-05-28 01:01:31 UTC,2024-10-17 10:03:04+00:00,2024-10-17 10:03:04 UTC,0x607d100f519d4cedbd35f4d78bfe748d5b21f60cec692a2feaf2490d0cc637ae,0xe640632f5302f5e80e044529ce4d57884ea6c151,True,Yes,0.0,False,,100,6868.460064549006,2.0,0.0,-102.0,-1.0
10535,Fed decreases interest rates by 25 bps after June 2024 meeting?,fed-interest-rates-june-2024,501305,fed-decreases-interest-rates-by-25-bps-after-june-2024-meeting,Yes,0.03493520744566899,84022.0,2935.33,3.5%,,,,,,,,,,2026-05-28 01:01:21 UTC,2024-06-06 12:37:31+00:00,2024-06-06 12:37:31 UTC,0x652c208c164374af43c0d7f0c66deaaddb494748858614ed8796630befac98b5,0xcdd75e9012b9e0b93537347ced14e85efb1d0b65,True,No,0.0,False,,100,2862.4418548399735,2.0,0.0,-102.0,-1.0
14188,Trump ends Ukraine war before inauguration?,trump-ends-ukraine-war-before-inauguration,512205,trump-ends-ukraine-war-before-inauguration,Yes,0.09726962932717927,30153.708,2933.04,9.7%,,,,,,,,,,2026-05-28 01:03:41 UTC,2024-12-14 07:54:52+00:00,2024-12-14 07:54:52 UTC,0x5365528775459afc42d56ac3afcd9dded4e8d68cf476bd2876899cf27fe86a27,0x8489a6516b550e1098d5f7a4efdbcf5bb436208d,True,No,0.0,False,,100,1028.0701251943376,2.0,0.0,-102.0,-1.0
12641,TikTok banned in the US before May 2025?,tiktok-banned-in-the-us-before-may-2025,507276,tiktok-banned-in-the-us-before-may-2025,No,0.06704631039263778,43656.391856,2927.0,6.7%,,,,,,,,,,2026-05-28 01:02:43 UTC,2025-01-19 19:29:43+00:00,2025-01-19 19:29:43 UTC,0x5d348b58c18a7ec7aa1f9ace7e29a2d08582b91898c651deccf1013d97482f1d,0x6a7fc1395c87702b7317c4c26efe2dc1656539e9,True,Yes,0.0,False,,100,1491.5063843838423,2.0,0.0,-102.0,-1.0
15437,Will Biden pardon SBF?,who-will-biden-pardon,500502,will-biden-pardon-sbf-this-term,Yes,0.05374222630395891,54443.967067,2925.94,5.4%,,,,,,,,,,2026-05-28 01:04:14 UTC,2024-12-29 17:04:22+00:00,2024-12-29 17:04:22 UTC,0x721e2e09d568c10819c23b385144bca63527c6ab5c26c8e946bc78da5c8bcbcd,0x73becac2d5a09942988da9dda309bcb4fc67a0b2,True,No,0.0,False,,100,1860.7342285080124,2.0,0.0,-102.0,-1.0
16108,Russia x Ukraine ceasefire in 2025?,russia-x-ukraine-ceasefire-in-2025,516719,russia-x-ukraine-ceasefire-in-2025,Yes,0.03772356070933075,77537.749486,2925.0,3.8%,,,,,,,,,,2026-05-28 01:04:29 UTC,2025-12-17 05:54:49+00:00,2025-12-17 05:54:49 UTC,0xe87bf24881c237dea9d9ed19cab34fe4f76bd69c441a93d2af98152ab1e793c7,0xfb30f711d29884b5d856fa63d1550ae42f1c63b4,True,No,0.0,False,,100,2650.863230290598,2.0,0.0,-102.0,-1.0
11321,Will Biden announce resignation by July 31?,will-biden-resign-by-july-31,503011,will-biden-resign-by-july-31,Yes,0.09452893855088484,30901.34,2921.07,9.5%,,,,,,,,,,2026-05-28 01:01:35 UTC,2024-07-24 23:26:03+00:00,2024-07-24 23:26:03 UTC,0x9b1399e50c8e19392dc6c784cfaf5613450c9aebf2e9c6237c4a3d7559dc2a56,0xb1a279adb096d316b1b168993e8ed976d3cd372a,True,No,0.0,False,,100,1057.8771065557887,2.0,0.0,-102.0,-1.0
11143,Will Trump launch a coin before the election?,will-trump-launch-a-coin-before-the-election,502571,will-trump-launch-a-coin-before-the-election,No,0.019461371313761137,150040.814284,2920.0,1.9%,,,,,,,,,,2026-05-28 01:01:31 UTC,2024-10-17 02:48:14+00:00,2024-10-17 02:48:14 UTC,0x2ea6ba63e20b3c1f8135fa165f69b95282063ca8b0bca4b7a4f48de14ad97ead,0x0488087c529b1ef5b399b3d031d7b51c9a46bab2,True,Yes,0.0,False,,100,5138.384052581639,2.0,0.0,-102.0,-1.0
11889,Harris-Walz Democratic ticket on election day?,harris-walz-final-democratic-ticket,504603,harris-walz-final-democratic-ticket,No,0.0792494026905002,36694.282875,2908.0,7.9%,,,,,,,,,,2026-05-28 01:02:10 UTC,2024-08-17 13:13:23+00:00,2024-08-17 13:13:23 UTC,0x70715bdfe30bc0b3fb96d712dbffa0963084701fedf1e83eb782dd8451779bbf,0x4e262def1c2ad78c2a595ad12ae81f3adb8eccfb,True,Yes,0.0,False,,100,1261.8391635144428,2.0,0.0,-102.0,-1.0
11973,Will Kamala Harris win all 6 swing states?,will-kamala-harris-win-every-swing-state,504897,will-kamala-harris-win-every-swing-state,Yes,0.09,32141.45,2892.73,9.0%,,,,,,,,,,2026-05-28 01:02:13 UTC,2024-10-30 23:28:41+00:00,2024-10-30 23:28:41 UTC,0x33470b349b1989518ed439fb360b5a1a8077ab7818d4b3a4f1b693aa525b24f9,0xd42f6a1634a3707e27cbae14ca966068e5d1047d,True,No,0.0,False,,100,1111.111111111111,2.0,0.0,-102.0,-1.0
16432,Conservatives win majority in Canadian election?,will-the-conservative-party-win-a-majority-in-next-canadian-election,517600,will-the-conservative-party-win-a-majority-in-next-canadian-election,Yes,0.08963462198110944,32176.183,2884.1,9.0%,,,,,,,,,,2026-05-28 01:04:36 UTC,2025-04-25 08:04:52+00:00,2025-04-25 08:04:52 UTC,0xe4a8460c6547f8d31687e71348b6f0018e59cda0159b4d7fb26c373779c0f4c7,0xb5b66bb2de82696a501ff906f811d2f04f28bbd5,True,No,0.0,False,,100,1115.6403384071289,2.0,0.0,-102.0,-1.0
17174,Was JFK assassination an inside job?,was-jfk-assassination-an-inside-job-march-31,519906,was-jfk-assassination-an-inside-job-march-31,Yes,0.03656429636623269,78877.492161,2884.1,3.7%,,,,,,,,,,2026-05-28 01:04:59 UTC,2025-03-18 06:51:21+00:00,2025-03-18 06:51:21 UTC,0xaaae232dbfbc44d16e248e4d0d981c67b1e83f1f4230608cb987592e1aa75232,0x1990c48ad91c87d7a61848f1130e5fd22f83e954,True,No,0.0,False,,100,2734.908365209251,2.0,0.0,-102.0,-1.0
15665,No change in Fed interest rates after March 2025 meeting?,fed-decision-in-march,516010,no-change-in-fed-interest-rates-after-march-2025-meeting,No,0.08899777698957882,32253.56,2870.5,8.9%,,,,,,,,,,2026-05-28 01:04:20 UTC,2025-03-05 14:26:14+00:00,2025-03-05 14:26:14 UTC,0x27e69bcfe51396c2e6683cd5c44be3c3c41f6dc7991e3653d526dedb50e2f258,0xa9ee0279edee743ed85fb293c079994a24635a28,True,Yes,0.0,False,,100,1123.623571088854,2.0,0.0,-102.0,-1.0
11322,Will Biden finish his term?,will-biden-complete-his-term-as-president,503013,will-biden-complete-his-term-as-president,No,0.09,31815.69,2863.41,9.0%,,,,,,,,,,2026-05-28 01:01:35 UTC,2024-11-11 13:12:02+00:00,2024-11-11 13:12:02 UTC,0x3138f44bee0f4e208361f9632c09f322cee77baed70722732228869f41a2c877,0xc3c3b3ef304ddbea39fa2246e683a71da5d0eec8,True,Yes,0.0,False,,100,1111.111111111111,2.0,0.0,-102.0,-1.0
11973,Will Kamala Harris win all 6 swing states?,will-kamala-harris-win-every-swing-state,504897,will-kamala-harris-win-every-swing-state,Yes,0.09,31758.0,2858.22,9.0%,,,,,,,,,,2026-05-28 01:02:13 UTC,2024-10-30 20:27:09+00:00,2024-10-30 20:27:09 UTC,0xf61254654f76496829d4eeb138cfe8bf42f4f3e47ca5d9eff0a0279add1694ad,0x4c0ff4ed37078480a5abcc1605b8c8e61566f4e1,True,No,0.0,False,,100,1111.111111111111,2.0,0.0,-102.0,-1.0
10656,Will a Republican win the popular vote and a Democrat win the Presidency?,which-party-wins-presidency-popular-vote,501588,will-a-republican-win-the-popular-vote-and-a-democrat-win-the-presidency,Yes,0.024,119000.0,2856.0,2.4%,,,,,,,,,,2026-05-28 01:01:23 UTC,2024-10-25 15:52:53+00:00,2024-10-25 15:52:53 UTC,0xe5693907d6d4e44b3e3f3698efb3524bfe36eec69c4cdc3d165a984bbc0f4648,0xc6587b11a2209e46dfe3928b31c5514a8e33b784,True,No,0.0,False,,100,4166.666666666667,2.0,0.0,-102.0,-1.0
13572,Will ≥2% of votes go to 3rd Party candidates?,will-2-of-votes-go-to-3rd-party-candidates-in-us-election,510340,will-2-of-votes-go-to-3rd-party-candidates-in-us-election,Yes,0.08981355315887452,31763.37,2852.78,9.0%,,,,,,,,,,2026-05-28 01:03:08 UTC,2024-11-12 19:46:30+00:00,2024-11-12 19:46:30 UTC,0x01d862a71e411cb8ce4c3ef312e85574797fbdd1453d6b934597c892ac1ea6d9,0x2728d99b2405a52db60160837e130b3ba3c1a83c,True,Yes,0.0,True,,100,1113.4177023717823,2.0,1113.4177023717823,1011.4177023717823,9.915859827174335
15586,Will  Alice Weidel be the next Chancellor of Germany?,next-chancellor-of-germany,515796,will-alice-weidel-be-the-next-chancellor-of-germany,Yes,0.055630146486605914,51240.298274,2850.51,5.6%,,,,,,,,,,2026-05-28 01:04:16 UTC,2025-01-27 08:50:14+00:00,2025-01-27 08:50:14 UTC,0xa0a127633c6d0fcc815d97aabafd20f60d963f2583a242cef7f35dacbef87fd8,0xb4c4a7db3cd5781842f7fcdc6c3b01bc0b75ee73,True,No,0.0,False,,100,1797.5864942954452,2.0,0.0,-102.0,-1.0
10656,Will a Republican win the popular vote and a Democrat win the Presidency?,which-party-wins-presidency-popular-vote,501588,will-a-republican-win-the-popular-vote-and-a-democrat-win-the-presidency,Yes,0.057,50000.0,2850.0,5.7%,,,,,,,,,,2026-05-28 01:01:21 UTC,2024-11-06 02:57:11+00:00,2024-11-06 02:57:11 UTC,0x7b4c6f7a3e2bb0dca914144d296034b9d2ca51c3dd6ce774a94e06e62a066615,0x5fad92854594fe545456ccffd92749e65d241d0a,True,No,0.0,False,,100,1754.3859649122805,2.0,0.0,-102.0,-1.0
12795,Israel x Hezbollah Ceasefire in 2024?,israel-x-hezbollah-ceasefire-in-2024,507792,israel-x-hezbollah-ceasefire-in-2024,No,0.013,218889.56,2845.56,1.3%,,,,,,,,,,2026-05-28 01:02:49 UTC,2024-11-30 04:05:36+00:00,2024-11-30 04:05:36 UTC,0x6595dd403fee61090de3910de7e84886a04fb664a401f485481d3ef8405c33b2,0x1c72797cd4b9b83f42e287144e334c4de347dfb6,True,Yes,0.0,False,,100,7692.307692307692,2.0,0.0,-102.0,-1.0
11321,Will Biden announce resignation by July 31?,will-biden-resign-by-july-31,503011,will-biden-resign-by-july-31,Yes,0.0996483363103219,28378.79,2827.9,10.0%,,,,,,,,,,2026-05-28 01:01:36 UTC,2024-07-18 17:27:29+00:00,2024-07-18 17:27:29 UTC,0xe8b91c92cfaa91633915cf34ac63e6720062f359b09847d00d9623c0da50cb14,0xb74711992caf6d04fa55eecc46b8efc95311b050,True,No,0.0,False,,100,1003.5290472746375,2.0,0.0,-102.0,-1.0
12641,TikTok banned in the US before May 2025?,tiktok-banned-in-the-us-before-may-2025,507276,tiktok-banned-in-the-us-before-may-2025,No,0.016,176618.08,2825.89,1.6%,,,,,,,,,,2026-05-28 01:02:43 UTC,2025-01-21 16:17:21+00:00,2025-01-21 16:17:21 UTC,0xcfaaf03fbf214e72b1c85b442af54a331f8fdccc494f33808c2f60783c606b0e,0xb3c004f40d101f7ff5b3e121659173efd8778a61,True,Yes,0.0,False,,100,6250.0,2.0,0.0,-102.0,-1.0
11889,Harris-Walz Democratic ticket on election day?,harris-walz-final-democratic-ticket,504603,harris-walz-final-democratic-ticket,No,0.05447360819373965,51768.188165,2820.0,5.4%,,,,,,,,,,2026-05-28 01:02:10 UTC,2024-08-17 08:06:31+00:00,2024-08-17 08:06:31 UTC,0x8ed4df9422444c6b7071c1ab23c486d74596db8d43076729e2ea668ae12634e1,0x0677445aca95c5422717a87ff99805e06f581477,True,Yes,0.0,False,,100,1835.7513540197701,2.0,0.0,-102.0,-1.0
11321,Will Biden announce resignation by July 31?,will-biden-resign-by-july-31,503011,will-biden-resign-by-july-31,Yes,0.058156158387590626,48434.35,2816.76,5.8%,,,,,,,,,,2026-05-28 01:01:36 UTC,2024-07-22 13:09:53+00:00,2024-07-22 13:09:53 UTC,0xe694940a833e1132619e22327b0410ed59dedb2dba46420e26e0e0514479efcc,0x1dda5ff5174d18a7595252570c23661cd6686aa2,True,No,0.0,False,,100,1719.5083508359455,2.0,0.0,-102.0,-1.0
16180,Maduro out in 2025?,maduro-out-in-2025,516947,maduro-out-in-2025-411,Yes,0.03192374010595082,87990.943125,2809.0,3.2%,,,,,,,,,,2026-05-28 01:04:29 UTC,2025-12-21 05:54:44+00:00,2025-12-21 05:54:44 UTC,0xa8226b09fce7ab9da016b61d6856f945024397723218a3119eedb2eba05ebbc6,0x4206d3b0a425955d4eb291186fe09c8013aabb16,True,No,0.0,False,,100,3132.465045389819,2.0,0.0,-102.0,-1.0
16103,Weed rescheduled in 2025?,weed-rescheduled-in-2025,516714,weed-rescheduled-in-2025,Yes,0.07622900965052917,36787.62,2804.28,7.6%,,,,,,,,,,2026-05-28 01:04:25 UTC,2025-12-17 10:22:08+00:00,2025-12-17 10:22:08 UTC,0xff2ae627a6a584c93cb50ad77cdc4a99b22c8343e29ab3a0dfd8698418c51e17,0xd2628f6b3bf98b05b2f246b8bcfa5f47849d8553,True,No,0.0,False,,100,1311.8365364898298,2.0,0.0,-102.0,-1.0
14193,Trump sentenced to prison in NY case before inauguration?,trump-sentenced-to-prison-in-ny-case-before-inauguration,512223,trump-sentenced-to-prison-in-ny-case-before-inauguration,Yes,0.09814247396662798,28529.951262,2800.0,9.8%,,,,,,,,,,2026-05-28 01:03:43 UTC,2024-11-09 02:56:41+00:00,2024-11-09 02:56:41 UTC,0xfdec46e401e57a59fac9563a10e2fe77424e616642068582c59debb2325d7a4e,0x361f0c13275d6a8e995546796e2ac72cade00fc2,True,No,0.0,False,,100,1018.9268311496166,2.0,0.0,-102.0,-1.0
17140,Fed decreases interest rates by 25 bps after May 2025 meeting?,fed-decision-in-may-2025,519777,fed-decreases-interest-rates-by-25-bps-after-may-2025-meeting,Yes,0.021311575370021048,131383.999089,2800.0,2.1%,,,,,,,,,,2026-05-28 01:04:55 UTC,2025-05-06 10:21:48+00:00,2025-05-06 10:21:48 UTC,0xb3acad394847ff1fa3cd96f1b986aa0f5b336ee0a4245d453d6bad3a63397cf4,0x4846039b31834661221f93d77c5e143b8aaba425,True,No,0.0,False,,100,4692.285683425816,2.0,0.0,-102.0,-1.0
11696,No change in Fed interest rates after 2024 September meeting?,fed-interest-rates-september-2024,504071,no-change-in-fed-interest-rates-after-2024-september-meeting,Yes,0.03244393700356991,85982.65,2789.62,3.2%,,,,,,,,,,2026-05-28 01:01:55 UTC,2024-09-09 04:14:40+00:00,2024-09-09 04:14:40 UTC,0x928488cf1f6f42feebf724c4a170b2a4c79e0638603eaa74dbb74e288aa2752f,0x2373809dadc2c73d05038df89e9399560f445b7f,True,No,0.0,False,,100,3082.239987982861,2.0,0.0,-102.0,-1.0
15437,Will Biden pardon SBF?,who-will-biden-pardon,500502,will-biden-pardon-sbf-this-term,Yes,0.06737299676305201,41385.720288,2788.28,6.7%,,,,,,,,,,2026-05-28 01:04:14 UTC,2024-12-28 19:25:02+00:00,2024-12-28 19:25:02 UTC,0xd3e91b6403bf9a4b7dae6e848f001e75ba59d21633552d615233f7d23d357b14,0x73becac2d5a09942988da9dda309bcb4fc67a0b2,True,No,0.0,False,,100,1484.2741870559175,2.0,0.0,-102.0,-1.0
16868,Will George Simion win the Romanian presidential election?,romania-presidential-election-winner,519066,romania-presidential-election-winner-will-george-simion-win-the-romanian-presidential-election,Yes,0.07532527456579807,36933.154443,2782.0,7.5%,,,,,,,,,,2026-05-28 01:04:47 UTC,2025-05-18 18:46:55+00:00,2025-05-18 18:46:55 UTC,0x65057dcf094c42dc3abdb074f5c7c03dcb825bfc32457bfea2580ce8ad168d35,0x2f34eb408c4d4548639f6c595f03182c8828d2c8,True,No,0.0,False,,100,1327.575645444851,2.0,0.0,-102.0,-1.0
16432,Conservatives win majority in Canadian election?,will-the-conservative-party-win-a-majority-in-next-canadian-election,517600,will-the-conservative-party-win-a-majority-in-next-canadian-election,Yes,0.06778979320812822,41009.12346,2780.0,6.8%,,,,,,,,,,2026-05-28 01:04:36 UTC,2025-04-28 15:00:06+00:00,2025-04-28 15:00:06 UTC,0x25b64f1123383f84d20f4ad2c90fe6f699c5306ddc3270b0d4b1a62ac76854e6,0x97b61aae09bb5ae8b75bfb19ca66d86abbac4ed3,True,No,0.0,False,,100,1475.1483264299095,2.0,0.0,-102.0,-1.0
17505,Jerome Powell out as Fed Chair in 2025?,will-trump-remove-jerome-powell,520930,will-trump-remove-jerome-powell,Yes,0.09,30832.7,2774.94,9.0%,,,,,,,,,,2026-05-28 01:05:02 UTC,2025-08-26 00:21:19+00:00,2025-08-26 00:21:19 UTC,0x3c82e5be1aff2f9fb2ff597d56db40179df440d7054ae03a8f702da56208fc6e,0x7177a7f5c216809c577c50c77b12aae81f81ddef,True,No,0.0,False,,100,1111.111111111111,2.0,0.0,-102.0,-1.0
12327,Will there be a US Government shutdown? ,us-government-shutdown-before-2025,506202,us-government-shutdown-before-2025,Yes,0.09862379639845487,28106.27,2771.95,9.9%,,,,,,,,,,2026-05-28 01:02:35 UTC,2024-12-18 00:24:59+00:00,2024-12-18 00:24:59 UTC,0xbf6b5be6f5465edea9a890f56b2be68cf5a7c6e197f23d374325ae998f8527e0,0x1cba7e44bcfd5acc4513f554ab9e86453d086a4c,True,Yes,0.0,True,,100,1013.9540724632528,2.0,1013.9540724632528,911.9540724632528,8.940726200620126
11321,Will Biden announce resignation by July 31?,will-biden-resign-by-july-31,503011,will-biden-resign-by-july-31,Yes,0.061196986246512076,45120.849381,2761.26,6.1%,,,,,,,,,,2026-05-28 01:01:36 UTC,2024-07-17 22:15:44+00:00,2024-07-17 22:15:44 UTC,0x6156b1153c7b1ea919763264d6a9d3addd0294584780d129e1d09263501317a5,0x881be7d2c8af74a7e447f366cfaf681122909893,True,No,0.0,False,,100,1634.0673966718336,2.0,0.0,-102.0,-1.0
10214,Will a Democrat win Arizona US Senate Election?,arizona-us-senate-election-winner,500614,will-a-democrat-win-arizona-us-senate-election,No,0.08310366624525917,33222.0,2760.87,8.3%,,,,,,,,,,2026-05-28 01:01:11 UTC,2024-11-08 02:14:17+00:00,2024-11-08 02:14:17 UTC,0x6a7afc077af68bf40aaa57a12504bbe8d5e8e0cc0ecde202009c70f781c6354e,0xacd943c52e0ba8efcabfeaddfa3ca17c1a5a3d87,True,Yes,0.0,False,,100,1203.3163459344337,2.0,0.0,-102.0,-1.0
17792,Fed decreases interest rates by 25 bps after June 2025 meeting?,fed-decision-in-june,521835,fed-decreases-interest-rates-by-25-bps-after-june-2025-meeting,Yes,0.036543974702079554,75490.79,2758.73,3.7%,,,,,,,,,,2026-05-28 01:05:11 UTC,2025-05-29 12:03:33+00:00,2025-05-29 12:03:33 UTC,0x9487bd8feef232b743f8ee8c28b4486804195d89526ea62ea5921d764e530760,0x37c621b2b6e038b1cb638b7626b79971662701c0,True,No,0.0,False,,100,2736.4292148086847,2.0,0.0,-102.0,-1.0
11968,Will Tim Walz be D-nom for VP on Election Day?,democratic-vp-nominee-on-election-day,504878,will-tim-walz-be-d-nom-for-vp-on-election-day,No,0.03,91735.94,2752.08,3.0%,,,,,,,,,,2026-05-28 01:02:13 UTC,2024-10-14 00:36:05+00:00,2024-10-14 00:36:05 UTC,0x29935779cb97c80d6f6d8e901a6e5eb2d37fc51a63a782f265b913ac6d84f948,0x691f941e1fbdf8bfb1dd6f2a1119643eaf3941a1,True,Yes,0.0,False,,100,3333.3333333333335,2.0,0.0,-102.0,-1.0
14220,Fed decreases interest rates by 25 bps after January 2025 meeting?,fed-interest-rates-january-2025,512323,fed-decreases-interest-rates-by-25-bps-after-january-2025-meeting,Yes,0.018785917764689117,146488.983635,2751.93,1.9%,,,,,,,,,,2026-05-28 01:03:45 UTC,2025-01-29 05:33:57+00:00,2025-01-29 05:33:57 UTC,0xbbe9cfde2afb86ac33b23e61bfcac968216dd5379e3f047b7fca7b8f730e7407,0x73becac2d5a09942988da9dda309bcb4fc67a0b2,True,No,0.0,False,,100,5323.136258371398,2.0,0.0,-102.0,-1.0
13551,Trump ends Ukraine war in first 90 days?,trump-wins-ends-ukraine-war-in-90-days,510319,trump-wins-ends-ukraine-war-in-90-days,Yes,0.08,34311.875,2744.95,8.0%,,,,,,,,,,2026-05-28 01:03:04 UTC,2025-03-28 16:18:26+00:00,2025-03-28 16:18:26 UTC,0x066614ff576565409580ad556676bed5e1aff8946266e8a076d7b1e2d46f019d,0x4cb26ada022490884ea9f6d0e0ab5dcf94273b1b,True,No,0.0,False,,100,1250.0,2.0,0.0,-102.0,-1.0
14874,Will Rafał Trzaskowski be the next President of Poland?,poland-presidential-election,514139,will-rafa-trzaskowski-be-the-next-president-of-poland,Yes,0.0547521126,50000.0,2737.61,5.5%,,,,,,,,,,2026-05-28 01:04:01 UTC,2025-06-01 22:20:33+00:00,2025-06-01 22:20:33 UTC,0x48954f711e23cbb0574ebd71aedbf5d72779383d29625d1b9ede7ebf866ea742,0x75049bd489194be19c45c31ed311e556411c9c69,True,No,0.0,False,,100,1826.413543721416,2.0,0.0,-102.0,-1.0
11639,Will Biden resign before the election?,biden-resigns-from-presidency-before-election,503972,biden-resigns-from-presidency-before-election,Yes,0.0683527725,40000.0,2734.11,6.8%,,,,,,,,,,2026-05-28 01:01:51 UTC,2024-08-09 03:20:17+00:00,2024-08-09 03:20:17 UTC,0xa3dbbc013ef8f2ff1e03581d6f7cee0057eb7215f2807c41c6ab544914a548cf,0x5b09455a9f99e6ccd0557c5ee890fd76e1c8bca8,True,No,0.0,False,,100,1462.998446771124,2.0,0.0,-102.0,-1.0
11785,Iran military response by Monday?,iran-military-response-by-august-12,504374,iran-military-response-by-august-12,Yes,0.09568088694213567,28542.11,2730.93,9.6%,,,,,,,,,,2026-05-28 01:01:58 UTC,2024-08-12 21:07:19+00:00,2024-08-12 21:07:19 UTC,0x2eb729d3f32caa6c3d23df7f7e40a8d805072490b637b65f99eac293bd8fff4f,0x47bc4b50a8d0c4a07b22bfd949f9c6afb8aec043,True,No,0.0,False,,100,1045.1408133421294,2.0,0.0,-102.0,-1.0
16108,Russia x Ukraine ceasefire in 2025?,russia-x-ukraine-ceasefire-in-2025,516719,russia-x-ukraine-ceasefire-in-2025,Yes,0.09,30300.61,2727.05,9.0%,,,,,,,,,,2026-05-28 01:04:33 UTC,2025-11-19 19:41:59+00:00,2025-11-19 19:41:59 UTC,0xbd5615f7c372ccf1ed7d9654f743f627fd1a4a2aa62b2c96b2f97b4bbc70d0b6,0x088ffbbc6f2c0b3839d2832e75f37e1bcecbc9e7,True,No,0.0,False,,100,1111.111111111111,2.0,0.0,-102.0,-1.0
14589,Trump imposes 40% tariff on China in first 100 days?,trump-imposes-40-blanket-tariff-on-china-in-first-100-days,513494,trump-imposes-40-blanket-tariff-on-china-in-first-100-days,Yes,0.07199997880524645,37745.19,2717.65,7.2%,,,,,,,,,,2026-05-28 01:03:59 UTC,2025-03-24 21:40:26+00:00,2025-03-24 21:40:26 UTC,0x37c293dc11af2a8b01c76a552b5fd734e28ad571fdb3e431cd45be6b6a4db067,0xc6587b11a2209e46dfe3928b31c5514a8e33b784,True,Yes,0.0,True,,100,1388.8892977384219,2.0,1388.8892977384219,1286.8892977384219,12.616561742533548
10223,"2024 Balance of Power: D Prez, R Senate, R House",balance-of-power-2024-election,500638,2024-balance-of-power-democratic-presidency-republican-house-and-senate,Yes,0.051,53170.0,2711.67,5.1%,,,,,,,,,,2026-05-28 01:01:13 UTC,2024-11-03 22:35:23+00:00,2024-11-03 22:35:23 UTC,0x282719eee72a4261ae8883c1a9222187952d8bae57488bf24fd0edcc5542bf53,0x30e443872ddf63b2908a49f92cd690c304a55102,True,No,0.0,False,,100,1960.7843137254904,2.0,0.0,-102.0,-1.0
16108,Russia x Ukraine ceasefire in 2025?,russia-x-ukraine-ceasefire-in-2025,516719,russia-x-ukraine-ceasefire-in-2025,Yes,0.06999999997623607,38714.142856,2709.99,7.0%,,,,,,,,,,2026-05-28 01:04:31 UTC,2025-11-28 07:13:43+00:00,2025-11-28 07:13:43 UTC,0xe1f46eea402687b4d0fd2b0e0144fb412da645497c72d8138a20fa62cea5776d,0x2778680e7c3e30508cd46c9c662ecabde6ca8547,True,No,0.0,False,,100,1428.5714290564067,2.0,0.0,-102.0,-1.0
17140,Fed decreases interest rates by 50+ bps after May 2025 meeting?,fed-decision-in-may-2025,519776,fed-decreases-interest-rates-by-50-bps-after-may-2025-meeting,Yes,0.04025819018278393,67161.81,2703.81,4.0%,,,,,,,,,,2026-05-28 01:04:57 UTC,2025-04-04 21:49:21+00:00,2025-04-04 21:49:21 UTC,0x4adc797b22d99d5888c0089f05d1fafbcb17538867ecc94df7289b10f74fcaff,0x2c4ca29d332c67d3ad7bf22b3cfe9486e3b1cb39,True,No,0.0,False,,100,2483.9666052043276,2.0,0.0,-102.0,-1.0
16108,Russia x Ukraine ceasefire in 2025?,russia-x-ukraine-ceasefire-in-2025,516719,russia-x-ukraine-ceasefire-in-2025,Yes,0.08,33750.0,2700.0,8.0%,,,,,,,,,,2026-05-28 01:04:31 UTC,2025-11-28 11:46:41+00:00,2025-11-28 11:46:41 UTC,0x514026ce902a71a00121d669035d2c5d5c5901beedf38b225eff9a6d07bcc4e6,0x3df22116404cd1bc781a9a60719b6efecef534d8,True,No,0.0,False,,100,1250.0,2.0,0.0,-102.0,-1.0
17140,Fed decreases interest rates by 25 bps after May 2025 meeting?,fed-decision-in-may-2025,519777,fed-decreases-interest-rates-by-25-bps-after-may-2025-meeting,Yes,0.019436306304245025,138915.283477,2700.0,1.9%,,,,,,,,,,2026-05-28 01:04:55 UTC,2025-05-07 15:34:51+00:00,2025-05-07 15:34:51 UTC,0x2bc2d1f5c0432ada456b807326104c1e2fdb23c1c20ebb739848ac066e590c91,0xb077b43bda559db81545ca0a3d27b3e5849d096f,True,No,0.0,False,,100,5145.0104991481485,2.0,0.0,-102.0,-1.0
11339,Will the US confirm that aliens exist in 2024?,will-the-us-confirm-that-aliens-exist-in-2024,503045,will-the-us-confirm-that-aliens-exist-in-2024,Yes,0.039828585662255944,67686.52,2695.86,4.0%,,,,,,,,,,2026-05-28 01:01:35 UTC,2024-11-21 07:57:30+00:00,2024-11-21 07:57:30 UTC,0x598cdc9bf7670b105780e60aa50435808b001e7a7489ef9e64d3c0a5a513ac9c,0xeb9585a46a92f9602beeb8b050cadffcec67a7ed,True,No,0.0,False,,100,2510.7595044422137,2.0,0.0,-102.0,-1.0
11906,Kamala Harris replaced as nominee at DNC?,kamala-swap-at-dnc,504653,kamala-swap-at-dnc,Yes,0.02830340641065378,95144.43,2692.91,2.8%,,,,,,,,,,2026-05-28 01:02:11 UTC,2024-08-08 13:56:31+00:00,2024-08-08 13:56:31 UTC,0x93f4b9172c023ffbf8d691f5c751157fbb814c24b5ab509f858304de61e87e6f,0xe061e82edf779fe3fe63ff61b40675c40860c546,True,No,0.0,False,,100,3533.1436276291697,2.0,0.0,-102.0,-1.0
10656,Will a Republican win the popular vote and a Democrat win the Presidency?,which-party-wins-presidency-popular-vote,501588,will-a-republican-win-the-popular-vote-and-a-democrat-win-the-presidency,Yes,0.017459126738127273,153826.48,2685.68,1.7%,,,,,,,,,,2026-05-28 01:01:24 UTC,2024-09-10 19:41:54+00:00,2024-09-10 19:41:54 UTC,0xf9db078b2728732550e367144730291d5197b6e3b43af477f5a99f94e2074ce9,0x9d84ce0306f8551e02efef1680475fc0f1dc1344,True,No,0.0,False,,100,5727.663330470006,2.0,0.0,-102.0,-1.0
14874,Will Rafał Trzaskowski be the next President of Poland?,poland-presidential-election,514139,will-rafa-trzaskowski-be-the-next-president-of-poland,Yes,0.06881624461538462,39000.0,2683.83,6.9%,,,,,,,,,,2026-05-28 01:04:01 UTC,2025-06-01 22:18:17+00:00,2025-06-01 22:18:17 UTC,0x1f6ca9ddb37436f57ac5c44dc2418481fe59cc51cac916c5a8cb3f3e1503d1aa,0xd1acd3925d895de9aec98ff95f3a30c5279d08d5,True,No,0.0,False,,100,1453.1452647394815,2.0,0.0,-102.0,-1.0
10656,Will a Republican win the popular vote and a Democrat win the Presidency?,which-party-wins-presidency-popular-vote,501588,will-a-republican-win-the-popular-vote-and-a-democrat-win-the-presidency,Yes,0.025815103020295414,103678.6,2676.47,2.6%,,,,,,,,,,2026-05-28 01:01:21 UTC,2024-11-05 17:35:47+00:00,2024-11-05 17:35:47 UTC,0x1fbbef8a6ea53aae2fed5f71048699ba4aaa8e596df74925c7c00d229af0ce1a,0x5fad92854594fe545456ccffd92749e65d241d0a,True,No,0.0,False,,100,3873.7013724633066,2.0,0.0,-102.0,-1.0
14199,Will Trump create Bitcoin reserve in first 100 days?,will-trump-create-a-national-bitcoin-reserve-in-his-first-100-days,512250,will-trump-create-a-national-bitcoin-reserve-in-his-first-100-days,Yes,0.09,29684.53,2671.61,9.0%,,,,,,,,,,2026-05-28 01:03:36 UTC,2025-04-27 17:40:23+00:00,2025-04-27 17:40:23 UTC,0x87296e02eace4f149dbc89332f65675a36844a8776c4eeeeed503b39d3d2a431,0x4d3e59470cd241c4382cabbd2bfd10037cce58c7,True,No,0.0,False,,100,1111.111111111111,2.0,0.0,-102.0,-1.0
13001,Another Iran strike on Israel in October?,another-iran-strike-on-israel-in-october,508560,another-iran-strike-on-israel-in-october,Yes,0.09685157338963617,27498.91,2663.31,9.7%,,,,,,,,,,2026-05-28 01:02:52 UTC,2024-10-27 22:19:26+00:00,2024-10-27 22:19:26 UTC,0x75b1f955d2efa49a2cbcd6d2f22e403ec2db28a09af906650144efad2f654cf1,0xe12a32cf11478540e6a832dc52b84909731dd428,True,No,0.0,False,,100,1032.507748714599,2.0,0.0,-102.0,-1.0
11887,Tim Walz replaced as Democratic VP nominee?,tim-walz-out-as-democratic-vp-nominee,504598,tim-walz-out-as-democratic-vp-nominee,Yes,0.06674937343358396,39900.0,2663.3,6.7%,,,,,,,,,,2026-05-28 01:02:11 UTC,2024-08-11 21:57:59+00:00,2024-08-11 21:57:59 UTC,0xcea6994a0682f64148dfeda10451b13b3aaedf1e3551d0f6b83aab7a4ad4cc87,0xc78c980527ba2f790cd4535e4dd0ecf501430c5a,True,No,0.0,False,,100,1498.1414035219464,2.0,0.0,-102.0,-1.0
12071,RFK Jr. endorses Trump before November?,rfk-jr-endorses-trump-before-november,505199,rfk-jr-endorses-trump-before-november,No,0.044929308652837466,59102.0,2655.41,4.5%,,,,,,,,,,2026-05-28 01:02:20 UTC,2024-08-24 16:41:02+00:00,2024-08-24 16:41:02 UTC,0x8e3179d8a1386d34c8773de15403c3a7ddf4a326e93703fed8374100d13d114b,0x96b59f71f635da5da031e3e93448c54fe226f5e7,True,Yes,0.0,False,,100,2225.7186455435167,2.0,0.0,-102.0,-1.0
17792,Fed decreases interest rates by 25 bps after June 2025 meeting?,fed-decision-in-june,521835,fed-decreases-interest-rates-by-25-bps-after-june-2025-meeting,Yes,0.07,37920.56,2654.44,7.0%,,,,,,,,,,2026-05-28 01:05:11 UTC,2025-05-21 17:26:34+00:00,2025-05-21 17:26:34 UTC,0x91e9c77b40c2897a163d7873c0d11a03384221d4acdd88916cdeced0e2f75c0b,0xe426006ed49c7ed56e09f6c1bd466ec412af9766,True,No,0.0,False,,100,1428.5714285714284,2.0,0.0,-102.0,-1.0
11887,Tim Walz replaced as Democratic VP nominee?,tim-walz-out-as-democratic-vp-nominee,504598,tim-walz-out-as-democratic-vp-nominee,Yes,0.06719236738860879,39414.149284,2648.33,6.7%,,,,,,,,,,2026-05-28 01:02:11 UTC,2024-08-10 13:58:21+00:00,2024-08-10 13:58:21 UTC,0x4558a64244db9fe375c9d6205c4ffde9e341d0d70ceee3811c590fedd3117ba7,0x3306f5dee2a5c536c941160fdffec1446e1e7258,True,No,0.0,False,,100,1488.2642759355006,2.0,0.0,-102.0,-1.0
11385,Will Andy Beshear be the 2024 Democratic VP nominee?,democratic-vp-nominee,503190,will-andy-beshear-be-the-2024-democratic-vp-nominee,Yes,0.085,31094.26,2643.01,8.5%,,,,,,,,,,2026-05-28 01:01:40 UTC,2024-07-31 22:07:14+00:00,2024-07-31 22:07:14 UTC,0x1369ffc09899bffd3d015b767e94c0aef907989e0625eafc1c49e5fbf01ffe9a,0x133ba4d001ae339bfb08631eead95c5dabe92f22,True,No,0.0,False,,100,1176.4705882352941,2.0,0.0,-102.0,-1.0
12641,TikTok banned in the US before May 2025?,tiktok-banned-in-the-us-before-may-2025,507276,tiktok-banned-in-the-us-before-may-2025,No,0.010464590510488935,252510.597271,2642.42,1.0%,,,,,,,,,,2026-05-28 01:02:43 UTC,2025-01-21 14:11:52+00:00,2025-01-21 14:11:52 UTC,0xa301ba127821ec7b42ba2cf156be1e76be8ae50b9213be5802784d3b7346dfa5,0xb3c004f40d101f7ff5b3e121659173efd8778a61,True,Yes,0.0,False,,100,9556.035651826734,2.0,0.0,-102.0,-1.0
16108,Russia x Ukraine ceasefire in 2025?,russia-x-ukraine-ceasefire-in-2025,516719,russia-x-ukraine-ceasefire-in-2025,Yes,0.05598036570372869,47123.665,2638.0,5.6%,,,,,,,,,,2026-05-28 01:04:31 UTC,2025-12-05 21:57:41+00:00,2025-12-05 21:57:41 UTC,0x93cb0b06aef6e8674989e6c59eccd7c3028b3600a9fb79f6b4708a40b67c1931,0xbb44e77a7474fc2e27a4a68333f473420c9e5744,True,No,0.0,False,,100,1786.34059893859,2.0,0.0,-102.0,-1.0
16489,Will Trump be impeached in 2025?,will-trump-be-impeached-in-2025,517855,will-trump-be-impeached-in-2025,Yes,0.07,37651.97,2635.64,7.0%,,,,,,,,,,2026-05-28 01:04:36 UTC,2025-07-24 03:10:58+00:00,2025-07-24 03:10:58 UTC,0xd7b92779cb9c61c56bb58c3fb00617c9717dfa44657abec209ed5b0d4e2ed1e4,0x1d379e322ef813587a3e13ad79857c45edc7f4a4,True,No,0.0,False,,100,1428.5714285714284,2.0,0.0,-102.0,-1.0
11910,GOP wins popular vote by 2-3%?,popular-vote-margin-of-victory-in-presidential-election,504678,gop-wins-popular-vote-by-2-3,Yes,0.041996003907858424,62561.12,2627.32,4.2%,,,,,,,,,,2026-05-28 01:02:06 UTC,2024-11-09 20:45:52+00:00,2024-11-09 20:45:52 UTC,0x245bdfa34d842d69e2abd74bbaa551f3254dabe7437baeb17e6fa8363572ca5d,0xe4c99e75306e0e1421b4712a21e8f90c47cd6ef7,True,No,0.0,False,,100,2381.178938343886,2.0,0.0,-102.0,-1.0
17140,Fed decreases interest rates by 25 bps after May 2025 meeting?,fed-decision-in-may-2025,519777,fed-decreases-interest-rates-by-25-bps-after-may-2025-meeting,Yes,0.02402859004664197,109168.2864,2623.16,2.4%,,,,,,,,,,2026-05-28 01:04:55 UTC,2025-05-04 09:24:24+00:00,2025-05-04 09:24:24 UTC,0x47fe27469801f96ed5ed5f61197f26309055af3cbabacad9a8feecf625790916,0x37db05c040b7aabb27a33e45f53ddb6f604935e4,True,No,0.0,False,,100,4161.70902270544,2.0,0.0,-102.0,-1.0
11143,Will Trump launch a coin before the election?,will-trump-launch-a-coin-before-the-election,502571,will-trump-launch-a-coin-before-the-election,No,0.03687918414087203,70825.861793,2612.0,3.7%,,,,,,,,,,2026-05-28 01:01:31 UTC,2024-10-16 19:53:40+00:00,2024-10-16 19:53:40 UTC,0x37b6aaf0512d8522d8ed250f41a21de8f7bae2de8447a11015b58bb05af02201,0x8dd9258223894cb2e7a48ba1f4d8a2385b619a1b,True,Yes,0.0,False,,100,2711.5567312448534,2.0,0.0,-102.0,-1.0
17140,Fed decreases interest rates by 25 bps after May 2025 meeting?,fed-decision-in-may-2025,519777,fed-decreases-interest-rates-by-25-bps-after-may-2025-meeting,Yes,0.024174212407407407,108000.0,2610.81,2.4%,,,,,,,,,,2026-05-28 01:04:55 UTC,2025-05-05 18:35:57+00:00,2025-05-05 18:35:57 UTC,0x52f9d32738162aad55a7395fb5078b98061376ee339e1fb713cedc225be25b69,0xa55ce71987243538f7e44e199e20def2958274ba,True,No,0.0,False,,100,4136.639420333638,2.0,0.0,-102.0,-1.0
11669,Kamala president by Friday?,kamala-president-by-friday,504021,kamala-president-by-friday,Yes,0.058,45000.0,2610.0,5.8%,,,,,,,,,,2026-05-28 01:01:53 UTC,2024-07-23 13:33:25+00:00,2024-07-23 13:33:25 UTC,0x7761e2076468a1f4926d65bb19bce822ee1eaf09fbac19ccc1c6b2c40e6641fd,0x1d04d5b13ba31ca6f3b9526ded9cfe43519ced05,True,No,0.0,False,,100,1724.1379310344826,2.0,0.0,-102.0,-1.0
11910,GOP wins popular vote by 1-2%?,popular-vote-margin-of-victory-in-presidential-election,504679,gop-wins-popular-vote-by-1-2,Yes,0.08,32500.0,2600.0,8.0%,,,,,,,,,,2026-05-28 01:02:08 UTC,2024-10-19 10:59:46+00:00,2024-10-19 10:59:46 UTC,0x0909eec1177645bfd3151a46e4f10adebf4ef38c4909e334c7e6717af461f6de,0x275575bb11522eb29f82fe0a601d7c4dc94b5016,True,Yes,0.0,True,,100,1250.0,2.0,1250.0,1148.0,11.254901960784315
16180,Maduro out in 2025?,maduro-out-in-2025,516947,maduro-out-in-2025-411,Yes,0.05269539872560447,49340.171284,2600.0,5.3%,,,,,,,,,,2026-05-28 01:04:29 UTC,2025-12-23 03:50:25+00:00,2025-12-23 03:50:25 UTC,0xa641a49edf71cd2a057ad33e756e9362959e6406421ee8bd88b75f372f0bd41f,0x4206d3b0a425955d4eb291186fe09c8013aabb16,True,No,0.0,False,,100,1897.6988962683458,2.0,0.0,-102.0,-1.0
16180,Maduro out in 2025?,maduro-out-in-2025,516947,maduro-out-in-2025-411,Yes,0.09991951099083876,26020.944,2600.0,10.0%,,,,,,,,,,2026-05-28 01:04:31 UTC,2025-12-07 16:12:51+00:00,2025-12-07 16:12:51 UTC,0xdedd4a172dcb8cdfc73279a0d6a1e9819e301c5c4bd881f639176f9dffe2cc3a,0x0efd79dc9e932093b85b6bd5f981684168c91567,True,No,0.0,False,,100,1000.8055384615385,2.0,0.0,-102.0,-1.0
11599,Will Kamala Harris be the Democratic Presidential Nominee?,democratic-presidential-nominee,503844,will-kamala-harris-be-the-democratic-presidential-nomination,No,0.08,32494.24,2599.54,8.0%,,,,,,,,,,2026-05-28 01:01:51 UTC,2024-07-24 19:36:21+00:00,2024-07-24 19:36:21 UTC,0x8f7784ce2185d26762e0fe09c6df67fbc58ef5a5fea4630b8aacb23c37558a54,0x1a90080d404eccb81324c2ed6adebe25964f9bd2,True,Yes,0.0,False,,100,1250.0,2.0,0.0,-102.0,-1.0
11889,Harris-Walz Democratic ticket on election day?,harris-walz-final-democratic-ticket,504603,harris-walz-final-democratic-ticket,No,0.07157187214462712,36318.178107,2599.36,7.2%,,,,,,,,,,2026-05-28 01:02:10 UTC,2024-08-18 01:58:33+00:00,2024-08-18 01:58:33 UTC,0x946370983e1d40937bf1d995d27b234b3ff0d9562a3e3eeee245ad35a472abff,0x8971152553d55f3c69b7cb3dd01e56d7cd8b5299,True,Yes,0.0,False,,100,1397.1969295134188,2.0,0.0,-102.0,-1.0
16103,Weed rescheduled in 2025?,weed-rescheduled-in-2025,516714,weed-rescheduled-in-2025,Yes,0.05093113725490196,51000.0,2597.49,5.1%,,,,,,,,,,2026-05-28 01:04:25 UTC,2025-12-17 14:32:26+00:00,2025-12-17 14:32:26 UTC,0x6ccd8ce8e2012056a557395546435c0b41a5f424902544244c4cf179d1974310,0x9d84ce0306f8551e02efef1680475fc0f1dc1344,True,No,0.0,False,,100,1963.435442242659,2.0,0.0,-102.0,-1.0
16711,Will Anthony Albanese be the next Prime Minister of Australia after the 2025 election?,next-prime-minister-of-australia,518400,will-anthony-albanese-be-the-next-prime-minister-of-australia-after-the-2025-election,No,0.04594288432848637,56479.42,2594.83,4.6%,,,,,,,,,,2026-05-28 01:04:44 UTC,2025-05-01 21:49:08+00:00,2025-05-01 21:49:08 UTC,0xf2281a1822535b8605264aacf6ab34a7f6f72ec6bfdf06a898d7856877e5733a,0x767816781ed31e7eda8656a2adc14a1a9a48e5f0,True,Yes,0.0,False,,100,2176.6156274606406,2.0,0.0,-102.0,-1.0
12120,Favorite to win on Polymarket day before election?,favorite-to-win-on-polymarket-day-before-election,505437,favorite-to-win-on-polymarket-day-before-election,Kamala,0.07058360190128408,36722.55,2592.01,7.1%,,,,,,,,,,2026-05-28 01:02:21 UTC,2024-11-01 20:26:13+00:00,2024-11-01 20:26:13 UTC,0xb62efcd9e21c00b167e2acb8394aa5a02801fae65e55a0b7eecb65b12eb8ea91,0xd42f6a1634a3707e27cbae14ca966068e5d1047d,True,Trump,0.0,False,,100,1416.7596623909435,2.0,0.0,-102.0,-1.0
16108,Russia x Ukraine ceasefire in 2025?,russia-x-ukraine-ceasefire-in-2025,516719,russia-x-ukraine-ceasefire-in-2025,Yes,0.06,42993.72,2579.62,6.0%,,,,,,,,,,2026-05-28 01:04:33 UTC,2025-11-07 12:55:23+00:00,2025-11-07 12:55:23 UTC,0x44e85f3aade68087af604d39b4e074c0398b0c44b10860ed0ce658434b5ea067,0x3df22116404cd1bc781a9a60719b6efecef534d8,True,No,0.0,False,,100,1666.6666666666667,2.0,0.0,-102.0,-1.0
17792,No change in Fed interest rates after June 2025 meeting?,fed-decision-in-june,521836,no-change-in-fed-interest-rates-after-june-2025-meeting,No,0.025,102941.2,2573.53,2.5%,,,,,,,,,,2026-05-28 01:05:09 UTC,2025-06-16 14:40:59+00:00,2025-06-16 14:40:59 UTC,0x7e6c746745a001efc197e4790ccb68a6567a94e93a8e79bc1fbe4ebb4bab9765,0x0914c946a8e2843113494be5676c0c82c02b9c93,True,Yes,0.0,False,,100,4000.0,2.0,0.0,-102.0,-1.0
16108,Russia x Ukraine ceasefire in 2025?,russia-x-ukraine-ceasefire-in-2025,516719,russia-x-ukraine-ceasefire-in-2025,Yes,0.0899999999706199,28590.777776,2573.17,9.0%,,,,,,,,,,2026-05-28 01:04:31 UTC,2025-11-28 22:01:31+00:00,2025-11-28 22:01:31 UTC,0xa9cf7576ae5eff919ed93529503cc9ee8d9410c2a8ccf6f0b17dca5d9360a212,0x63500b10cfa371d87f9e9b7d0278f2f04c25785e,True,No,0.0,False,,100,1111.1111114738285,2.0,0.0,-102.0,-1.0
11906,Kamala Harris replaced as nominee at DNC?,kamala-swap-at-dnc,504653,kamala-swap-at-dnc,Yes,0.023582045509560518,108978.42,2569.93,2.4%,,,,,,,,,,2026-05-28 01:02:11 UTC,2024-08-08 13:56:03+00:00,2024-08-08 13:56:03 UTC,0x2a97a46b378444eb26946f3cb4ff52c69ca15bbb596887edf098e0fe6813a49b,0x4abb035f4fe007fb13b2fc98d74cba53d3e6e789,True,No,0.0,False,,100,4240.514248836407,2.0,0.0,-102.0,-1.0
15665,Fed decreases interest rates by 25 bps after March 2025 meeting?,fed-decision-in-march,516009,fed-decreases-interest-rates-by-25-bps-after-march-2025-meeting,Yes,0.05,51267.61,2563.38,5.0%,,,,,,,,,,2026-05-28 01:04:23 UTC,2025-02-12 07:23:59+00:00,2025-02-12 07:23:59 UTC,0x8f789ae6f5bcb0c97bb6f92e7daf1a9c16d45f73b0a200d751fd440620be39b6,0xe47cfead9de524cfe0e9240e9fbbb9809b9d1e55,True,No,0.0,False,,100,2000.0,2.0,0.0,-102.0,-1.0
11322,Will Biden finish his term?,will-biden-complete-his-term-as-president,503013,will-biden-complete-his-term-as-president,No,0.07,36585.58,2560.99,7.0%,,,,,,,,,,2026-05-28 01:01:34 UTC,2024-12-20 06:18:15+00:00,2024-12-20 06:18:15 UTC,0x354e2d88b9681541041851ee86f3cbb65277ef32c8d946b30fc9a19e190150cd,0x8c1f8d06ce48a8c7197081172da2297aae7af2fc,True,Yes,0.0,False,,100,1428.5714285714284,2.0,0.0,-102.0,-1.0
14188,Trump ends Ukraine war before inauguration?,trump-ends-ukraine-war-before-inauguration,512205,trump-ends-ukraine-war-before-inauguration,Yes,0.08,31823.94,2545.92,8.0%,,,,,,,,,,2026-05-28 01:03:41 UTC,2024-12-04 02:35:00+00:00,2024-12-04 02:35:00 UTC,0x210757490408edd463168c2ab12f95ca1bb91701fa92f089e4eb12fe7102d000,0x6922e43084a5ee01991af7e912ebc7b889be7f8f,True,No,0.0,False,,100,1250.0,2.0,0.0,-102.0,-1.0
11321,Will Biden announce resignation by July 31?,will-biden-resign-by-july-31,503011,will-biden-resign-by-july-31,Yes,0.05649618177777778,45000.0,2542.33,5.6%,,,,,,,,,,2026-05-28 01:01:36 UTC,2024-07-19 13:53:59+00:00,2024-07-19 13:53:59 UTC,0xdbf74b6577daf5e8e6b4932000bea091d2a355381faacfbafdb3e9cb3acb1b96,0x1af71ba6233d19f0fba292bf3b1d249bd237cd2d,True,No,0.0,False,,100,1770.031121631197,2.0,0.0,-102.0,-1.0
15665,Fed decreases interest rates by 25 bps after March 2025 meeting?,fed-decision-in-march,516009,fed-decreases-interest-rates-by-25-bps-after-march-2025-meeting,Yes,0.06398189063761098,39648.0,2536.75,6.4%,,,,,,,,,,2026-05-28 01:04:20 UTC,2025-03-04 09:10:37+00:00,2025-03-04 09:10:37 UTC,0xdf6a908aeaebf9ca164ceffe20ee6d0ad103a49562abeb5af6c67a16f4a6a1d2,0xc7b236995b438747166b8c4338861d0c752bece3,True,No,0.0,False,,100,1562.9422482432274,2.0,0.0,-102.0,-1.0
11468,Trump wins every swing state?,trump-wins-every-swing-state,503385,trump-wins-every-swing-state,No,0.08,31687.34,2534.99,8.0%,,,,,,,,,,2026-05-28 01:01:44 UTC,2024-11-06 06:07:13+00:00,2024-11-06 06:07:13 UTC,0x189ec26c72054225e9cb8a378046c0833d2781fbfeb3e9b8dcb4e481a2679cb5,0xd42f6a1634a3707e27cbae14ca966068e5d1047d,True,Yes,0.0,False,,100,1250.0,2.0,0.0,-102.0,-1.0
10223,"2024 Balance of Power: R Prez, D Senate, R House",balance-of-power-2024-election,500636,2024-balance-of-power-republican-presidency-and-house-democratic-senate,Yes,0.0126600177,200000.0,2532.0,1.3%,,,,,,,,,,2026-05-28 01:01:15 UTC,2024-10-12 01:50:39+00:00,2024-10-12 01:50:39 UTC,0xc60d7e0033616b3da35c8778d7bc4f22c01a2697e9556db1ec726da0322abe0a,0x9c329d14c70680a6cf716220325fe362bb9b3945,True,No,0.0,False,,100,7898.8831113561555,2.0,0.0,-102.0,-1.0
12327,Will there be a US Government shutdown? ,us-government-shutdown-before-2025,506202,us-government-shutdown-before-2025,No,0.0249730713678004,101082.0,2524.33,2.5%,,,,,,,,,,2026-05-28 01:02:35 UTC,2024-12-23 01:24:37+00:00,2024-12-23 01:24:37 UTC,0x617c09cf7d7dbc24ce1e3c95f84188212bdba9ce048d01bb276a2f366b7d0fbe,0xb887a02871f6cd54c05f00d8942f0ef3b9858048,True,Yes,0.0,False,,100,4004.313227124209,2.0,0.0,-102.0,-1.0
16108,Russia x Ukraine ceasefire in 2025?,russia-x-ukraine-ceasefire-in-2025,516719,russia-x-ukraine-ceasefire-in-2025,Yes,0.041414030719839665,60911.240832,2522.58,4.1%,,,,,,,,,,2026-05-28 01:04:29 UTC,2025-12-16 08:03:47+00:00,2025-12-16 08:03:47 UTC,0xc52ac942e96631a492b5cb0a34688dea418986408550841371ed6bd9ddbd704b,0x54d085fe8f8c52fb36427ab1a109257983ac168b,True,No,0.0,False,,100,2414.640600343553,2.0,0.0,-102.0,-1.0
11639,Will Biden resign before the election?,biden-resigns-from-presidency-before-election,503972,biden-resigns-from-presidency-before-election,Yes,0.04048214876346521,62221.46,2518.86,4.0%,,,,,,,,,,2026-05-28 01:01:51 UTC,2024-09-19 09:09:49+00:00,2024-09-19 09:09:49 UTC,0xb65257c1940d9c7b2323d9894e9732033105e298f04f2c4d6bfd99f42213b7c5,0x8a7cc8c2c62a4cbaa42bbdecc01486a28e952c16,True,No,0.0,False,,100,2470.22460651222,2.0,0.0,-102.0,-1.0
11321,Will Biden announce resignation by July 31?,will-biden-resign-by-july-31,503011,will-biden-resign-by-july-31,Yes,0.07150139551632437,35163.509479,2514.24,7.2%,,,,,,,,,,2026-05-28 01:01:36 UTC,2024-07-21 20:25:48+00:00,2024-07-21 20:25:48 UTC,0x34fb716227224d3083f08d4dfb93c26a456483bbb0fdba41e059707e2f23de44,0x816502ba2c65e2ac8b7706e5b7ea360471125df6,True,No,0.0,False,,100,1398.5741016365082,2.0,0.0,-102.0,-1.0
11639,Will Biden resign before the election?,biden-resigns-from-presidency-before-election,503972,biden-resigns-from-presidency-before-election,Yes,0.025,100456.09,2511.4,2.5%,,,,,,,,,,2026-05-28 01:01:51 UTC,2024-10-04 14:15:56+00:00,2024-10-04 14:15:56 UTC,0xfea1fabbd98ba1c44aada643859a16e49fec00fb7071c2eb90db4238f279d1bf,0x0f50a317131f6d8b1d8494411baef3da11b24861,True,No,0.0,False,,100,4000.0,2.0,0.0,-102.0,-1.0
11639,Will Biden resign before the election?,biden-resigns-from-presidency-before-election,503972,biden-resigns-from-presidency-before-election,Yes,0.07,35800.0,2506.0,7.0%,,,,,,,,,,2026-05-28 01:01:51 UTC,2024-08-18 04:22:17+00:00,2024-08-18 04:22:17 UTC,0x412543867df61191ce8b49c80fdce1f5ac438f47435ba0dcd2a49eddb37b602e,0x0677445aca95c5422717a87ff99805e06f581477,True,No,0.0,False,,100,1428.5714285714284,2.0,0.0,-102.0,-1.0
11143,Will Trump launch a coin before the election?,will-trump-launch-a-coin-before-the-election,502571,will-trump-launch-a-coin-before-the-election,No,0.015072792661567228,165879.015,2500.26,1.5%,,,,,,,,,,2026-05-28 01:01:31 UTC,2024-10-17 10:35:14+00:00,2024-10-17 10:35:14 UTC,0x329b33b1131b7e66859ad07e003cbc80b4d5c8711c569a6d8d44e390b679a2ba,0x9613cc7f51ab887506d10f119d3a8ee1ad62ddb4,True,Yes,0.0,False,,100,6634.470615056034,2.0,0.0,-102.0,-1.0
10223,"2024 Balance of Power: D Prez, D Senate, R House",balance-of-power-2024-election,500635,2024-balance-of-power-democratic-presidency-and-senate-republican-house,Yes,0.020835316538423725,119988.577826,2500.0,2.1%,,,,,,,,,,2026-05-28 01:01:13 UTC,2024-11-04 13:45:32+00:00,2024-11-04 13:45:32 UTC,0x0186c3f480bf0697b980736dacc1d066a006047fc6d244da21b143977fd95b93,0x0e74d70b99f3cfa4d8b7895c8ea1f8b0d87571bb,True,No,0.0,False,,100,4799.54311304,2.0,0.0,-102.0,-1.0
10223,"2024 Balance of Power: D Prez, D Senate, R House",balance-of-power-2024-election,500635,2024-balance-of-power-democratic-presidency-and-senate-republican-house,Yes,0.020494138112547973,121986.100868,2500.0,2.0%,,,,,,,,,,2026-05-28 01:01:13 UTC,2024-11-03 11:49:26+00:00,2024-11-03 11:49:26 UTC,0xc34351342b7bf5c310e742706f8ce3100df118db25ddee15c489296aa14c9c7d,0xb6a26c0bbabda8a14352dd2d503de763dddb6aad,True,No,0.0,False,,100,4879.444036671777,2.0,0.0,-102.0,-1.0
10656,Will a Republican win the popular vote and a Democrat win the Presidency?,which-party-wins-presidency-popular-vote,501588,will-a-republican-win-the-popular-vote-and-a-democrat-win-the-presidency,Yes,0.02999999998848,83333.333332,2500.0,3.0%,,,,,,,,,,2026-05-28 01:01:21 UTC,2024-11-04 02:37:02+00:00,2024-11-04 02:37:02 UTC,0x93ba10b4e24199a529f70644e2a67064909695388f4b24f240c52a5e2cef7be9,0xe1e7036279433715711a65fc3254a8af558c5fb6,True,No,0.0,False,,100,3333.3333346133336,2.0,0.0,-102.0,-1.0
10995,Biden drops out by July 4? ,biden-drops-out-after-debate,502223,biden-drops-out-after-debate,Yes,0.0840530634658201,29743.115788,2500.0,8.4%,,,,,,,,,,2026-05-28 01:01:30 UTC,2024-06-19 13:46:32+00:00,2024-06-19 13:46:32 UTC,0x91a50e6df8ba44e432cc977352bfba7718361d5e9d49a703086e9ff3792a849a,0x718f32a3d14036c8be621301c5ce9885f7f34814,True,No,0.0,False,,100,1189.72463199589,2.0,0.0,-102.0,-1.0
11322,Will Biden finish his term?,will-biden-complete-his-term-as-president,503013,will-biden-complete-his-term-as-president,No,0.05,50000.0,2500.0,5.0%,,,,,,,,,,2026-05-28 01:01:34 UTC,2024-12-20 04:38:15+00:00,2024-12-20 04:38:15 UTC,0x6e04f1e584aed99e4eb57df77d95fa46e1a1170f313814ed1d174c846dd61c5d,0x4ecc27292d8c853e3e5193f68ab0c6b8c4c96ee0,True,Yes,0.0,False,,100,2000.0,2.0,0.0,-102.0,-1.0
11322,Will Biden finish his term?,will-biden-complete-his-term-as-president,503013,will-biden-complete-his-term-as-president,No,0.05,50000.0,2500.0,5.0%,,,,,,,,,,2026-05-28 01:01:34 UTC,2024-12-20 04:33:09+00:00,2024-12-20 04:33:09 UTC,0x8775ea6efd72bc62110a68824efec63b2b61df8332d51fbe9a71ae2e5f083f8d,0xf86305dd8f9010c0e2bc50fa8cb300229b3b5bc1,True,Yes,0.0,False,,100,2000.0,2.0,0.0,-102.0,-1.0
11321,Will Biden announce resignation by July 31?,will-biden-resign-by-july-31,503011,will-biden-resign-by-july-31,Yes,0.07229346006526101,34581.274665,2500.0,7.2%,,,,,,,,,,2026-05-28 01:01:36 UTC,2024-07-21 20:01:52+00:00,2024-07-21 20:01:52 UTC,0x3f0d186875112c1692882aec391965a13b66c9623ec85bbf0f037d1f2d975ae8,0xbc26bddbd6d1f6aee1b4a2dbc59092fc039124d0,True,No,0.0,False,,100,1383.2509871533005,2.0,0.0,-102.0,-1.0
11321,Will Biden announce resignation by July 31?,will-biden-resign-by-july-31,503011,will-biden-resign-by-july-31,Yes,0.07097161133044608,35225.352111,2500.0,7.1%,,,,,,,,,,2026-05-28 01:01:36 UTC,2024-07-21 18:48:47+00:00,2024-07-21 18:48:47 UTC,0xa68c25313e5fa4643424825483290d70085bc1cfcc2e609c651f33b1c58700be,0xa1da37f329911afdced09cc4f4a8ec8afb2c8f6a,True,No,0.0,False,,100,1409.0140850036055,2.0,0.0,-102.0,-1.0
11696,No change in Fed interest rates after 2024 September meeting?,fed-interest-rates-september-2024,504071,no-change-in-fed-interest-rates-after-2024-september-meeting,Yes,0.019790159085331143,126325.412,2500.0,2.0%,,,,,,,,,,2026-05-28 01:01:54 UTC,2024-09-16 07:55:55+00:00,2024-09-16 07:55:55 UTC,0x7e1786fb79aa5631bdfdc90e6e5b88e8d8f4a3c6dfa8cdfdb7fde2a6c31d28b5,0x2373809dadc2c73d05038df89e9399560f445b7f,True,No,0.0,False,,100,5053.01648,2.0,0.0,-102.0,-1.0
12572,Trump affair with Laura Loomer?,trump-affair-with-laura-loomer,506991,trump-affair-with-laura-loomer,Yes,0.04838617419032773,51667.6518,2500.0,4.8%,,,,,,,,,,2026-05-28 01:02:41 UTC,2024-09-13 21:35:08+00:00,2024-09-13 21:35:08 UTC,0x5734d30f439e02fb45c5d667a2d788942c74198ab0abe4d32036e814e9994774,0xb1d1fc4a5dacc36e102e936e15303a6ee1791e37,True,No,0.0,False,,100,2066.706072,2.0,0.0,-102.0,-1.0
13143,Israel strike on Iranian nuclear facility in 2024?,israel-strike-on-iranian-nuclear-facility-in-2024,508671,israel-strike-on-iranian-nuclear-facility-in-2024,No,0.09162869789790158,27284.028436,2500.0,9.2%,,,,,,,,,,2026-05-28 01:02:53 UTC,2024-11-17 00:10:52+00:00,2024-11-17 00:10:52 UTC,0x5297a304114838074c53abe02383a79cfac3119449855f80fa0db832b099e87d,0xc360d21ee29dfa4635ad8af3013131adbda70c46,True,Yes,0.0,False,,100,1091.3611378765445,2.0,0.0,-102.0,-1.0
15437,Will Biden pardon SBF?,who-will-biden-pardon,500502,will-biden-pardon-sbf-this-term,Yes,0.04854546699261114,51498.114116,2500.0,4.9%,,,,,,,,,,2026-05-28 01:04:14 UTC,2024-12-28 11:32:41+00:00,2024-12-28 11:32:41 UTC,0xb46774a14c7581936cd82996a291541a81c3cb33c4653322f5b458d65879b6b2,0x73becac2d5a09942988da9dda309bcb4fc67a0b2,True,No,0.0,False,,100,2059.92456546397,2.0,0.0,-102.0,-1.0
16180,Maduro out in 2025?,maduro-out-in-2025,516947,maduro-out-in-2025-411,Yes,0.04743635103072741,52702.198729,2500.0,4.7%,,,,,,,,,,2026-05-28 01:04:28 UTC,2025-12-25 21:31:25+00:00,2025-12-25 21:31:25 UTC,0x616edcb0cfb334fd05eb9c96d789364ef950f02613790a7f767917bad6a9cbb7,0xfddfd657996c214d4dd2fd0fff4589c0daeaf33d,True,No,0.0,False,,100,2108.087950003235,2.0,0.0,-102.0,-1.0
16108,Russia x Ukraine ceasefire in 2025?,russia-x-ukraine-ceasefire-in-2025,516719,russia-x-ukraine-ceasefire-in-2025,Yes,0.0378741398218026,66008.099742,2500.0,3.8%,,,,,,,,,,2026-05-28 01:04:29 UTC,2025-12-19 10:56:22+00:00,2025-12-19 10:56:22 UTC,0x60de71082480ceba428f7a1699cf9afa5ebe2c28e00cab41214b9631882e625e,0xa156d959bca5ef7d59056f44aa90af8d3256ae63,True,No,0.0,False,,100,2640.3239907361294,2.0,0.0,-102.0,-1.0
16108,Russia x Ukraine ceasefire in 2025?,russia-x-ukraine-ceasefire-in-2025,516719,russia-x-ukraine-ceasefire-in-2025,Yes,0.08999999996976,27777.777776,2500.0,9.0%,,,,,,,,,,2026-05-28 01:04:33 UTC,2025-11-20 16:17:03+00:00,2025-11-20 16:17:03 UTC,0x48220cb5b25998fe3389d988bbc6a149cd1165e9bcafbffde1fd4b004bd52b91,0x3df22116404cd1bc781a9a60719b6efecef534d8,True,No,0.0,False,,100,1111.1111114844443,2.0,0.0,-102.0,-1.0
14023,Will Donald Trump be inaugurated?,who-will-be-inaugurated-as-president,511754,will-donald-trump-be-inaugurated,No,0.01218896772139013,205028.026665,2499.08,1.2%,,,,,,,,,,2026-05-28 01:03:19 UTC,2025-01-19 23:25:00+00:00,2025-01-19 23:25:00 UTC,0x3d7ad03c6e1a3910bf20694cd9c2078835971426c434d03c2d955dfa4880ecd0,0x0a72448c20f42ff898ec31179f9e549255cc45fd,True,Yes,0.0,False,,100,8204.140193472855,2.0,0.0,-102.0,-1.0
12641,TikTok banned in the US before May 2025?,tiktok-banned-in-the-us-before-may-2025,507276,tiktok-banned-in-the-us-before-may-2025,No,0.039155009675395654,63825.0385,2499.07,3.9%,,,,,,,,,,2026-05-28 01:02:43 UTC,2025-01-19 22:56:42+00:00,2025-01-19 22:56:42 UTC,0x3f6e4a3482ac65bff88173437752d1b6c7bbfd2fa0c21ec4b0be3c8d419d7d34,0xa2cab758acec3306033e89d733cff9578faa6072,True,Yes,0.0,False,,100,2553.9516099989196,2.0,0.0,-102.0,-1.0
12327,Will there be a US Government shutdown? ,us-government-shutdown-before-2025,506202,us-government-shutdown-before-2025,No,0.019624285322439455,127342.217,2499.0,2.0%,,,,,,,,,,2026-05-28 01:02:35 UTC,2024-12-21 07:12:55+00:00,2024-12-21 07:12:55 UTC,0x6086b7fa6ab99005e041a36a763c4e7091a7fe98fa1ac570618367e2ca4ad284,0x7e44f4eb771f1e72ae91c7f6bd0560581dede83f,True,Yes,0.0,False,,100,5095.726970788315,2.0,0.0,-102.0,-1.0
12641,TikTok banned in the US before May 2025?,tiktok-banned-in-the-us-before-may-2025,507276,tiktok-banned-in-the-us-before-may-2025,No,0.011626200831785114,214797.596922,2497.28,1.2%,,,,,,,,,,2026-05-28 01:02:43 UTC,2025-01-21 19:13:08+00:00,2025-01-21 19:13:08 UTC,0x4664f26ce1119e410f03d418e6e547c9c151d2f75512807d9f1a53a9e8d2dc8b,0xbe3960a1edec550e864a5fbbe77c74a09a6997d3,True,Yes,0.0,False,,100,8601.26204999039,2.0,0.0,-102.0,-1.0
14220,Fed decreases interest rates by 25 bps after January 2025 meeting?,fed-interest-rates-january-2025,512323,fed-decreases-interest-rates-by-25-bps-after-january-2025-meeting,Yes,0.022073850448062735,113120.27346,2497.0,2.2%,,,,,,,,,,2026-05-28 01:03:45 UTC,2025-01-28 07:04:22+00:00,2025-01-28 07:04:22 UTC,0xd2e3ebc4757c44a811c8a5cba4ce56df214345639f3fe4befbb3199c7882300a,0x48f2f4fd78af6f7656b392e047b03929aa541240,True,No,0.0,False,,100,4530.2472368963745,2.0,0.0,-102.0,-1.0
17174,Was JFK assassination an inside job?,was-jfk-assassination-an-inside-job-march-31,519906,was-jfk-assassination-an-inside-job-march-31,Yes,0.04456004365362697,56033.832,2496.87,4.5%,,,,,,,,,,2026-05-28 01:04:59 UTC,2025-02-21 20:42:57+00:00,2025-02-21 20:42:57 UTC,0x0f071f605ceeee0d25cf58235d7d1055903b3203c925c19cb18e01f0de8f88d2,0xe877e0931f31eb6dd5e6bd1ca7e702f84088bb43,True,No,0.0,False,,100,2244.1629720409956,2.0,0.0,-102.0,-1.0
11565,Biden resigns from presidency by August 31?,will-biden-announce-resignation-by-august-31,503656,will-biden-announce-resignation-by-august-31,Yes,0.04749498589891286,52464.04,2491.78,4.7%,,,,,,,,,,2026-05-28 01:01:49 UTC,2024-08-04 15:28:57+00:00,2024-08-04 15:28:57 UTC,0x20a4fc463763c789b387a0089f71066f44e4fc1a242bf077f82d7d90cb358239,0xc2a445b6c89c124cb3b4859110dec4aba7a439dc,True,No,0.0,False,,100,2105.48541298312,2.0,0.0,-102.0,-1.0
14039,Will Biden resign in 2024?,will-biden-resign-in-2024,511885,will-biden-resign-in-2024,Yes,0.027097015327573158,91845.59,2488.74,2.7%,,,,,,,,,,2026-05-28 01:03:33 UTC,2024-12-16 09:18:49+00:00,2024-12-16 09:18:49 UTC,0x4b679b32136f8094dd3a665b4b54f76a265e0e64ac7c6198610e2c817c1ce550,0x48362f4c13c94804eb5a9bd79cf6de830d930964,True,No,0.0,False,,100,3690.443349243812,2.0,0.0,-102.0,-1.0
11385,Will Hillary Clinton be the 2024 Democratic VP nominee?,democratic-vp-nominee,503188,will-hillary-clinton-be-the-2024-democratic-vp-nominee,Yes,0.04693781753543727,52999.99,2487.7,4.7%,,,,,,,,,,2026-05-28 01:01:42 UTC,2024-07-24 12:01:24+00:00,2024-07-24 12:01:24 UTC,0xbecfc70659c5c14737930b4018df5b64146d5ecff4ff1ec6ce015d04200e75fa,0xc2a445b6c89c124cb3b4859110dec4aba7a439dc,True,No,0.0,False,,100,2130.4782635984657,2.0,0.0,-102.0,-1.0
17140,Fed decreases interest rates by 50+ bps after May 2025 meeting?,fed-decision-in-may-2025,519776,fed-decreases-interest-rates-by-50-bps-after-may-2025-meeting,Yes,0.059751667836740976,41592.8,2485.24,6.0%,,,,,,,,,,2026-05-28 01:04:57 UTC,2025-04-11 10:23:23+00:00,2025-04-11 10:23:23 UTC,0xfb61dd75fd1600981e4ebf1101940beb90becf940ae73397222b471234f8f22a,0xffcae73f832cbf4a6fc1005dce161785e652577f,True,No,0.0,False,,100,1673.5934513699137,2.0,0.0,-102.0,-1.0
15064,South Korean President impeached in 2024?,south-korean-president-impeached-in-2024,514580,south-korean-president-impeached-in-2024,No,0.06,41396.42,2483.79,6.0%,,,,,,,,,,2026-05-28 01:04:09 UTC,2024-12-14 05:27:03+00:00,2024-12-14 05:27:03 UTC,0x33ca008b79c2c707a1fe4b31d1070f7f135b5792bd6c81e1968ec1f347884b1e,0xecad1e1b89d7c03007e057aa6588a5b13cdf0906,True,Yes,0.0,False,,100,1666.6666666666667,2.0,0.0,-102.0,-1.0
12327,Will there be a US Government shutdown? ,us-government-shutdown-before-2025,506202,us-government-shutdown-before-2025,No,0.018751846238585924,132077.6615,2476.7,1.9%,,,,,,,,,,2026-05-28 01:02:35 UTC,2024-12-21 06:59:26+00:00,2024-12-21 06:59:26 UTC,0xc731e05c4303895d319305d25b0a687403925662990b76b53ee0bced4be5f044,0x7e44f4eb771f1e72ae91c7f6bd0560581dede83f,True,Yes,0.0,False,,100,5332.808232729035,2.0,0.0,-102.0,-1.0
12641,TikTok banned in the US before May 2025?,tiktok-banned-in-the-us-before-may-2025,507276,tiktok-banned-in-the-us-before-may-2025,No,0.057990088062854404,42670.223165,2474.45,5.8%,,,,,,,,,,2026-05-28 01:02:43 UTC,2025-01-19 20:21:34+00:00,2025-01-19 20:21:34 UTC,0x82e585c3c14c22a0ca22b72ef9a22738cb09403fe101b1ef068b3bfce61e389e,0xaee8e802e29a2dd32d6234a3d28e3bd7e2ca6eeb,True,Yes,0.0,False,,100,1724.432628755656,2.0,0.0,-102.0,-1.0
12641,TikTok banned in the US before May 2025?,tiktok-banned-in-the-us-before-may-2025,507276,tiktok-banned-in-the-us-before-may-2025,No,0.011121089507822915,222460.218332,2474.0,1.1%,,,,,,,,,,2026-05-28 01:02:43 UTC,2025-01-20 18:23:06+00:00,2025-01-20 18:23:06 UTC,0x5d60c19156c65be2590c24d24584ade1aa8198480444b63a2d41be24ddeaa203,0xe53eac4eda510c9c56c43326f7fd8ebd2d5e7bb3,True,Yes,0.0,False,,100,8991.924750687147,2.0,0.0,-102.0,-1.0
12681,Will Israel invade Lebanon in September?,will-israel-invade-lebanon-in-september,507417,will-israel-invade-lebanon-in-september,Yes,0.038,65048.24,2471.83,3.8%,,,,,,,,,,2026-05-28 01:02:46 UTC,2024-10-07 05:32:32+00:00,2024-10-07 05:32:32 UTC,0x5a2ac8a27e6c123e8cf34b80e6823c2348125ab7786441df7d467ca3c0e8914a,0xc4439174a5d5f821e173ce86def1d86c3145f19f,True,No,0.0,False,,100,2631.5789473684213,2.0,0.0,-102.0,-1.0
12641,TikTok banned in the US before May 2025?,tiktok-banned-in-the-us-before-may-2025,507276,tiktok-banned-in-the-us-before-may-2025,No,0.0169780123502942,145536.245293,2470.92,1.7%,,,,,,,,,,2026-05-28 01:02:43 UTC,2025-01-20 16:41:59+00:00,2025-01-20 16:41:59 UTC,0xebd5f603dd199cadf7119e0411ce559ca3fb89195f79f8063f95736665690933,0xfd3da6e061496839faef9da8a6b41c6efcff06ed,True,Yes,0.0,False,,100,5889.9709775665915,2.0,0.0,-102.0,-1.0
14199,Will Trump create Bitcoin reserve in first 100 days?,will-trump-create-a-national-bitcoin-reserve-in-his-first-100-days,512250,will-trump-create-a-national-bitcoin-reserve-in-his-first-100-days,Yes,0.0897347976022657,27417.55,2460.31,9.0%,,,,,,,,,,2026-05-28 01:03:36 UTC,2025-04-27 23:00:14+00:00,2025-04-27 23:00:14 UTC,0xa33dd09e4aa91ff37927da73206e8eb1f35dfed7bc567ff50671824cab40df6a,0x20ea745006ceb6b39978119987c8f3c6656ca8dc,True,No,0.0,False,,100,1114.394891079301,2.0,0.0,-102.0,-1.0
14220,Fed increases interest rates by 25+ bps after January 2025 meeting?,fed-interest-rates-january-2025,512325,fed-increases-interest-rates-by-25-bps-after-january-2025-meeting,Yes,0.0160060631035017,153572.429654,2458.09,1.6%,,,,,,,,,,2026-05-28 01:03:45 UTC,2025-01-29 18:36:53+00:00,2025-01-29 18:36:53 UTC,0x03d6d121858f319e8284daa130966b8b2df05c9b7c067958af20bf49583d0a50,0x96ab7a35a5d03ce74b2fc5fa3c1a92fd74ef66ad,True,No,0.0,False,,100,6247.6324973455,2.0,0.0,-102.0,-1.0
11889,Harris-Walz Democratic ticket on election day?,harris-walz-final-democratic-ticket,504603,harris-walz-final-democratic-ticket,No,0.027942898967526435,87929.316205,2457.0,2.8%,,,,,,,,,,2026-05-28 01:02:08 UTC,2024-10-13 03:51:37+00:00,2024-10-13 03:51:37 UTC,0x9d9851775dfae5fc468b03bb5cc7c36cad3782f4e23ec08f780c86eeb6a301bd,0x8489a6516b550e1098d5f7a4efdbcf5bb436208d,True,Yes,0.0,False,,100,3578.7267497267917,2.0,0.0,-102.0,-1.0
14039,Will Biden resign in 2024?,will-biden-resign-in-2024,511885,will-biden-resign-in-2024,Yes,0.024498092115768463,100200.0,2454.71,2.4%,,,,,,,,,,2026-05-28 01:03:33 UTC,2024-12-13 00:23:20+00:00,2024-12-13 00:23:20 UTC,0x7ee70eedff123bebc77754d05004bdd2941c8c3d83e2131221387a49e1e96ff3,0x48362f4c13c94804eb5a9bd79cf6de830d930964,True,No,0.0,False,,100,4081.9505260833726,2.0,0.0,-102.0,-1.0
11696,No change in Fed interest rates after 2024 September meeting?,fed-interest-rates-september-2024,504071,no-change-in-fed-interest-rates-after-2024-september-meeting,Yes,0.0645845,38000.0,2454.21,6.5%,,,,,,,,,,2026-05-28 01:01:55 UTC,2024-08-15 14:25:31+00:00,2024-08-15 14:25:31 UTC,0x13ff1415d5f7719704f56ccc2d211175c605781f53b8082e88721f97f819e64b,0xfdc099e079e6818275723e64d150dc8bb1cafd31,True,No,0.0,False,,100,1548.3591264157808,2.0,0.0,-102.0,-1.0
14178,Will Trump pardon SBF in his first 100 days?,trump-pardons,512161,will-trump-pardon-sbf-in-his-first-100-days,Yes,0.04746547318357414,51603.825575,2449.4,4.7%,,,,,,,,,,2026-05-28 01:03:36 UTC,2025-03-29 00:51:36+00:00,2025-03-29 00:51:36 UTC,0x00bdb090e768ba7f3cb8cff7f4c169c31ee6274bc44b7f668ed4a7661a270795,0x492723854b8832dffa5bfd290dbf8be9bd788ec4,True,No,0.0,False,,100,2106.7945454424735,2.0,0.0,-102.0,-1.0
11910,GOP wins popular vote by 2-3%?,popular-vote-margin-of-victory-in-presidential-election,504678,gop-wins-popular-vote-by-2-3,Yes,0.07894760129032258,31000.0,2447.38,7.9%,,,,,,,,,,2026-05-28 01:02:06 UTC,2024-10-28 23:21:35+00:00,2024-10-28 23:21:35 UTC,0xca9032d8468e9249646756c0ae8956d631f173327b65a899d6e10a199ba9b778,0xc10972c04ce8ad1ac5168821463e4a80a98f1ad2,True,No,0.0,False,,100,1266.6629304196229,2.0,0.0,-102.0,-1.0
11889,Harris-Walz Democratic ticket on election day?,harris-walz-final-democratic-ticket,504603,harris-walz-final-democratic-ticket,No,0.03436023468830306,71012.320525,2440.0,3.4%,,,,,,,,,,2026-05-28 01:02:08 UTC,2024-10-15 00:11:36+00:00,2024-10-15 00:11:36 UTC,0x4f61dc4fd7396ff2cb7834d5f0a34e691498b027a96724096883e11ef269f768,0x8489a6516b550e1098d5f7a4efdbcf5bb436208d,True,Yes,0.0,False,,100,2910.3410063157135,2.0,0.0,-102.0,-1.0
11696,No change in Fed interest rates after 2024 September meeting?,fed-interest-rates-september-2024,504071,no-change-in-fed-interest-rates-after-2024-september-meeting,Yes,0.04601322758278159,53005.8448,2438.97,4.6%,,,,,,,,,,2026-05-28 01:01:55 UTC,2024-08-30 08:35:22+00:00,2024-08-30 08:35:22 UTC,0x807d469964152520280c1c63a6b0b9823493fd667e3e18266e72aba2c35206f0,0x2373809dadc2c73d05038df89e9399560f445b7f,True,No,0.0,False,,100,2173.288101124655,2.0,0.0,-102.0,-1.0
15727,Trump Admin confirms Aliens exist in first 100 days?,trump-administration-confirms-aliens-exist-in-first-100-days,516186,trump-administration-confirms-aliens-exist-in-first-100-days,Yes,0.07523710961370417,32364.746752,2435.03,7.5%,,,,,,,,,,2026-05-28 01:04:24 UTC,2025-01-18 14:54:23+00:00,2025-01-18 14:54:23 UTC,0x5ade37c89faafc1417c39b47817021a591f83a6b493be431399f8bd6d714ae5a,0x5aa63c24b642125d7721d953835a19f44727b321,True,No,0.0,False,,100,1329.1313357655272,2.0,0.0,-102.0,-1.0
11143,Will Trump launch a coin before the election?,will-trump-launch-a-coin-before-the-election,502571,will-trump-launch-a-coin-before-the-election,No,0.024038994448078995,100735.0788,2421.57,2.4%,,,,,,,,,,2026-05-28 01:01:31 UTC,2024-10-16 22:55:29+00:00,2024-10-16 22:55:29 UTC,0x1e749644adb17d84b33e65870f4ff7996b8c4a6a58337a5823301da699ad8d89,0x0488087c529b1ef5b399b3d031d7b51c9a46bab2,True,Yes,0.0,False,,100,4159.907778837696,2.0,0.0,-102.0,-1.0
12641,TikTok banned in the US before May 2025?,tiktok-banned-in-the-us-before-may-2025,507276,tiktok-banned-in-the-us-before-may-2025,No,0.06068406441048429,39895.152418,2421.0,6.1%,,,,,,,,,,2026-05-28 01:02:43 UTC,2025-01-19 18:07:13+00:00,2025-01-19 18:07:13 UTC,0xfcc3a5ae6b23a4aa523b90c55cb984f48e6385b646ff25616eca675b889830f7,0x7ba64e1a3d91d15626a6df9cea5c979c46cb3bfd,True,Yes,0.0,False,,100,1647.8790761866499,2.0,0.0,-102.0,-1.0
12120,Favorite to win on Polymarket day before election?,favorite-to-win-on-polymarket-day-before-election,505437,favorite-to-win-on-polymarket-day-before-election,Kamala,0.09848566884166886,24563.96,2419.2,9.8%,,,,,,,,,,2026-05-28 01:02:21 UTC,2024-11-02 23:01:42+00:00,2024-11-02 23:01:42 UTC,0xec65291a0a6688d42e8195ecef6bdfea30b2eb9d96691960cbb3a9c55bb16bf0,0x0e8d61f16a2373931ffbfc2993f046e33286dfcc,True,Trump,0.0,False,,100,1015.3761575277076,2.0,0.0,-102.0,-1.0
11143,Will Trump launch a coin before the election?,will-trump-launch-a-coin-before-the-election,502571,will-trump-launch-a-coin-before-the-election,No,0.06712842569278096,35983.415,2415.51,6.7%,,,,,,,,,,2026-05-28 01:01:31 UTC,2024-10-15 16:30:16+00:00,2024-10-15 16:30:16 UTC,0x704cf98f6c87aa9ffccaccaae517c17c2049d60ac0e6023954d5905f01ad3bad,0x4c9f0f5627e4252727cfab9f77ef5d68d94e3452,True,Yes,0.0,False,,100,1489.681889124864,2.0,0.0,-102.0,-1.0
15665,No change in Fed interest rates after March 2025 meeting?,fed-decision-in-march,516010,no-change-in-fed-interest-rates-after-march-2025-meeting,No,0.01551696738169081,155395.69941,2411.27,1.6%,,,,,,,,,,2026-05-28 01:04:18 UTC,2025-03-14 18:43:31+00:00,2025-03-14 18:43:31 UTC,0x85415eb428e3abea6d4920b32b91f1c6f760d1842ee8900f065b92ef619af98f,0xfa120d7d45c77e15ecde157cc9c7099af899e785,True,Yes,0.0,False,,100,6444.558240033078,2.0,0.0,-102.0,-1.0
14199,Will Trump create Bitcoin reserve in first 100 days?,will-trump-create-a-national-bitcoin-reserve-in-his-first-100-days,512250,will-trump-create-a-national-bitcoin-reserve-in-his-first-100-days,Yes,0.09,26757.62,2408.19,9.0%,,,,,,,,,,2026-05-28 01:03:36 UTC,2025-04-27 16:12:01+00:00,2025-04-27 16:12:01 UTC,0x277619d9a732b3e822f704cb98dc58ca3168ba96ec50781ef55f1b1f8176d172,0x4d3e59470cd241c4382cabbd2bfd10037cce58c7,True,No,0.0,False,,100,1111.111111111111,2.0,0.0,-102.0,-1.0
16103,Weed rescheduled in 2025?,weed-rescheduled-in-2025,516714,weed-rescheduled-in-2025,Yes,0.07417856274032258,32432.97,2405.83,7.4%,,,,,,,,,,2026-05-28 01:04:25 UTC,2025-12-17 10:34:00+00:00,2025-12-17 10:34:00 UTC,0x1c97cce7a89d6329efa1716c483a0d86431e59551e8ba22c015732d11bb96246,0xd2628f6b3bf98b05b2f246b8bcfa5f47849d8553,True,No,0.0,False,,100,1348.0983764820398,2.0,0.0,-102.0,-1.0
15437,Will Biden pardon SBF?,who-will-biden-pardon,500502,will-biden-pardon-sbf-this-term,Yes,0.06767311120071429,35500.658332,2402.44,6.8%,,,,,,,,,,2026-05-28 01:04:14 UTC,2024-12-04 16:08:34+00:00,2024-12-04 16:08:34 UTC,0xb872e2960a33e41b34b52ee6b1b652660119d61e11b2f1899568d3e8196991d5,0x2eb79e2905c2fee88d75c9b4acb99dfd50d3e896,True,No,0.0,False,,100,1477.6917778082664,2.0,0.0,-102.0,-1.0
11385,Will Tim Walz be the 2024 Democratic VP nominee?,democratic-vp-nominee,503191,will-tim-walz-be-the-2024-democratic-vp-nominee,Yes,0.07623828932792168,31494.99,2401.12,7.6%,,,,,,,,,,2026-05-28 01:01:40 UTC,2024-07-31 03:25:34+00:00,2024-07-31 03:25:34 UTC,0x100d0d6b5a7045b8b66c9ccd66fcb0f770cbd4a2dc99b2bbec2f62bd7bd5a30c,0x77b9d126ac513c610b8461fb28b9d57c5d0d9432,True,Yes,0.0,True,,100,1311.6768605585144,2.0,1311.6768605585144,1209.6768605585144,11.85957706429916
10995,Biden drops out by July 4? ,biden-drops-out-after-debate,502223,biden-drops-out-after-debate,Yes,0.047079705132587864,50977.3796,2400.0,4.7%,,,,,,,,,,2026-05-28 01:01:30 UTC,2024-07-02 21:48:19+00:00,2024-07-02 21:48:19 UTC,0x9a304e96ec32d9957a65fb70980cf1faa1dd84c775e2378c1a5607a9be25a84d,0x9554e1f6883b1bd0341a4253488545bd2b243c0d,True,No,0.0,False,,100,2124.0574833333335,2.0,0.0,-102.0,-1.0
11639,Will Biden resign before the election?,biden-resigns-from-presidency-before-election,503972,biden-resigns-from-presidency-before-election,Yes,0.03545012744624881,67700.743887,2400.0,3.5%,,,,,,,,,,2026-05-28 01:01:51 UTC,2024-09-29 06:00:40+00:00,2024-09-29 06:00:40 UTC,0x6f7c4f953b0ddeb1b147aabb6b2a14561ecf788286f8893319dc020e559a4355,0xad8f08e0b5f4208cc34235cbe654d87320b02c60,True,No,0.0,False,,100,2820.8643298003603,2.0,0.0,-102.0,-1.0
11887,Tim Walz replaced as Democratic VP nominee?,tim-walz-out-as-democratic-vp-nominee,504598,tim-walz-out-as-democratic-vp-nominee,Yes,0.0809691048975362,29640.935293,2400.0,8.1%,,,,,,,,,,2026-05-28 01:02:11 UTC,2024-08-12 04:19:05+00:00,2024-08-12 04:19:05 UTC,0x708f63f1cc237c5db5145eb9547f9438f7b5fa34e8068994883addcc21609cf4,0x1a3fb05e94caef23e28905767cd603eb574a6dea,True,No,0.0,False,,100,1235.0389710562663,2.0,0.0,-102.0,-1.0
12641,TikTok banned in the US before May 2025?,tiktok-banned-in-the-us-before-may-2025,507276,tiktok-banned-in-the-us-before-may-2025,No,0.025924165588227795,92577.714443,2400.0,2.6%,,,,,,,,,,2026-05-28 01:02:43 UTC,2025-01-20 13:54:25+00:00,2025-01-20 13:54:25 UTC,0x243f403c6ba92437170cce550c79e19714f2d6c9383c769ae938dbbfec10ca7d,0x1c711a93e658274b5a092bc466c35d1317605176,True,Yes,0.0,False,,100,3857.4047700655856,2.0,0.0,-102.0,-1.0
14220,Fed decreases interest rates by 25 bps after January 2025 meeting?,fed-interest-rates-january-2025,512323,fed-decreases-interest-rates-by-25-bps-after-january-2025-meeting,Yes,0.089999999968125,26666.666665,2400.0,9.0%,,,,,,,,,,2026-05-28 01:03:49 UTC,2025-01-04 15:31:37+00:00,2025-01-04 15:31:37 UTC,0x3778ae8b13913eac07df9a86052e71c2ebe28b175a1fdac194c36fa26a9bd232,0x8a65c88100c4b8dcde3dfd98770226529bfbacf4,True,No,0.0,False,,100,1111.1111115046297,2.0,0.0,-102.0,-1.0
16180,Maduro out in 2025?,maduro-out-in-2025,516947,maduro-out-in-2025-411,Yes,0.08,30000.0,2400.0,8.0%,,,,,,,,,,2026-05-28 01:04:29 UTC,2025-12-12 23:20:40+00:00,2025-12-12 23:20:40 UTC,0x30b941139bd553fdaa1eca3cbf34e8888acf8480e522498d8274d206ee73608e,0x53e55bc7cb3d67ad177c023ce891ad076a9d6177,True,No,0.0,False,,100,1250.0,2.0,0.0,-102.0,-1.0
13572,Will ≥2% of votes go to 3rd Party candidates?,will-2-of-votes-go-to-3rd-party-candidates-in-us-election,510340,will-2-of-votes-go-to-3rd-party-candidates-in-us-election,Yes,0.0891552670056684,26912.35,2399.38,8.9%,,,,,,,,,,2026-05-28 01:03:08 UTC,2024-11-13 15:25:40+00:00,2024-11-13 15:25:40 UTC,0x702cefc5dc164fcda3cfd9187ec572f04c662c240e36ce1f64ca880824c7315d,0x2728d99b2405a52db60160837e130b3ba3c1a83c,True,Yes,0.0,True,,100,1121.6387248735634,2.0,1121.6387248735634,1019.6387248735634,9.99645808699572
11910,GOP wins popular vote by 1-2%?,popular-vote-margin-of-victory-in-presidential-election,504679,gop-wins-popular-vote-by-1-2,Yes,0.09,26659.11,2399.32,9.0%,,,,,,,,,,2026-05-28 01:02:08 UTC,2024-10-09 13:53:03+00:00,2024-10-09 13:53:03 UTC,0x38f69ba45f16d2e837575b63108e11988e3ee75572b8e0ee54fe58b508854fc1,0x6236a163db74732a2004c0c162d8536dbf2d15f1,True,Yes,0.0,True,,100,1111.111111111111,2.0,1111.111111111111,1009.1111111111111,9.893246187363834
11565,Biden resigns from presidency by August 31?,will-biden-announce-resignation-by-august-31,503656,will-biden-announce-resignation-by-august-31,Yes,0.07366446427501579,32547.95,2397.63,7.4%,,,,,,,,,,2026-05-28 01:01:49 UTC,2024-07-28 12:23:15+00:00,2024-07-28 12:23:15 UTC,0x25a0801bbc59332a57c45d9ad6fdd35355cb3112b13cde7d36128cf1c331b1e6,0x02624d085f914e20e2729a6481c51f954a26e0c4,True,No,0.0,False,,100,1357.506648343552,2.0,0.0,-102.0,-1.0
17792,Fed decreases interest rates by 25 bps after June 2025 meeting?,fed-decision-in-june,521835,fed-decreases-interest-rates-by-25-bps-after-june-2025-meeting,Yes,0.07,34227.61,2395.93,7.0%,,,,,,,,,,2026-05-28 01:05:11 UTC,2025-05-23 12:04:20+00:00,2025-05-23 12:04:20 UTC,0xf12a4785a73da33e5db064b9b99e1812737f2ef42429b659e12f3a33464c53e3,0xe426006ed49c7ed56e09f6c1bd466ec412af9766,True,No,0.0,False,,100,1428.5714285714284,2.0,0.0,-102.0,-1.0
11385,Will Tim Walz be the 2024 Democratic VP nominee?,democratic-vp-nominee,503191,will-tim-walz-be-the-2024-democratic-vp-nominee,Yes,0.0787261351720799,30403.32,2393.54,7.9%,,,,,,,,,,2026-05-28 01:01:40 UTC,2024-08-01 01:30:12+00:00,2024-08-01 01:30:12 UTC,0xcdaa28bceee64d3c5f8ba5956602501fc5b93073482dffa3cc0f4e2083d831c9,0x50bcabfd0fb9665916b6d821c8b427deda7278c2,True,Yes,0.0,True,,100,1270.2262060930543,2.0,1270.2262060930543,1168.2262060930543,11.453198098951512
14199,Will Trump create Bitcoin reserve in first 100 days?,will-trump-create-a-national-bitcoin-reserve-in-his-first-100-days,512250,will-trump-create-a-national-bitcoin-reserve-in-his-first-100-days,Yes,0.03301435471888684,72383.05941,2389.68,3.3%,,,,,,,,,,2026-05-28 01:03:36 UTC,2025-04-29 21:57:44+00:00,2025-04-29 21:57:44 UTC,0xddf9cf5b1bbfb47726b2279503e1b846639bfd5251d6fd6bcd926b2c672a33a4,0x20ea745006ceb6b39978119987c8f3c6656ca8dc,True,No,0.0,False,,100,3028.9854474360523,2.0,0.0,-102.0,-1.0
11910,Democrats win popular vote by 7% or more?,popular-vote-margin-of-victory-in-presidential-election,504706,democrats-win-popular-vote-by-over-7,Yes,0.078,30499.48,2378.96,7.8%,,,,,,,,,,2026-05-28 01:02:06 UTC,2024-11-05 01:21:21+00:00,2024-11-05 01:21:21 UTC,0x9018cf4de64cc02c2f686a936cb739c4fe3249ed0ad5bf878d3c17e232bbf349,0x8076518e218a01628c5837c84111b4f7b4366114,True,No,0.0,False,,100,1282.051282051282,2.0,0.0,-102.0,-1.0
14220,Fed decreases interest rates by 25 bps after January 2025 meeting?,fed-interest-rates-january-2025,512323,fed-decreases-interest-rates-by-25-bps-after-january-2025-meeting,Yes,0.02504024971207278,94964.308517,2377.93,2.5%,,,,,,,,,,2026-05-28 01:03:45 UTC,2025-01-29 18:46:51+00:00,2025-01-29 18:46:51 UTC,0xcb2a23c7e6fe544637274a4dde2249ce0adfd461bd06c19f02b4683ea84c6004,0x4f259158bc17ec8423e18ef59a499e62ca41f454,True,No,0.0,False,,100,3993.5703976540817,2.0,0.0,-102.0,-1.0
11639,Will Biden resign before the election?,biden-resigns-from-presidency-before-election,503972,biden-resigns-from-presidency-before-election,Yes,0.06999999997376842,33928.571427,2375.0,7.0%,,,,,,,,,,2026-05-28 01:01:51 UTC,2024-08-21 06:47:16+00:00,2024-08-21 06:47:16 UTC,0x5183e4f23c14c270c6f75b244337cb1af848e33afcb3abb7bb4578cbe3ad64ff,0x0677445aca95c5422717a87ff99805e06f581477,True,No,0.0,False,,100,1428.571429106767,2.0,0.0,-102.0,-1.0
14874,Will Rafał Trzaskowski be the next President of Poland?,poland-presidential-election,514139,will-rafa-trzaskowski-be-the-next-president-of-poland,Yes,0.057812686745747514,41068.321378,2374.27,5.8%,,,,,,,,,,2026-05-28 01:04:01 UTC,2025-06-01 22:42:11+00:00,2025-06-01 22:42:11 UTC,0xfca12e4862c9fa97a2973b7528415011f9156029eef9c294dade238fc949b465,0xdc78f487a815e2f2a067c72a080b159f323855a4,True,No,0.0,False,,100,1729.7241423804892,2.0,0.0,-102.0,-1.0
12641,TikTok banned in the US before May 2025?,tiktok-banned-in-the-us-before-may-2025,507276,tiktok-banned-in-the-us-before-may-2025,No,0.023789916893008432,99785.9728,2373.9,2.4%,,,,,,,,,,2026-05-28 01:02:43 UTC,2025-01-19 09:44:57+00:00,2025-01-19 09:44:57 UTC,0xd7c32996d14944f77d3850ab13a2f556dee1eea4c14dc67a18819035dafd72e1,0xaee8e802e29a2dd32d6234a3d28e3bd7e2ca6eeb,True,Yes,0.0,False,,100,4203.46151059438,2.0,0.0,-102.0,-1.0
11143,Will Trump launch a coin before the election?,will-trump-launch-a-coin-before-the-election,502571,will-trump-launch-a-coin-before-the-election,No,0.028247969420687736,83980.96,2372.29,2.8%,,,,,,,,,,2026-05-28 01:01:31 UTC,2024-10-16 18:54:52+00:00,2024-10-16 18:54:52 UTC,0x5f0d5d153be4b166c031ef56806dd4436d424e8d0d59f9cd12a5c483856ae6c3,0x676146d7f28f2cef63419a60bb1fb4afec5da94f,True,Yes,0.0,False,,100,3540.077465772241,2.0,0.0,-102.0,-1.0
16711,Will Anthony Albanese be the next Prime Minister of Australia after the 2025 election?,next-prime-minister-of-australia,518400,will-anthony-albanese-be-the-next-prime-minister-of-australia-after-the-2025-election,No,0.049200496694903784,48093.91,2366.24,4.9%,,,,,,,,,,2026-05-28 01:04:44 UTC,2025-05-03 09:41:34+00:00,2025-05-03 09:41:34 UTC,0x2dbb4d6d14a6669af3933f8d2cd625b2c71054790b09ddc28f5fff8b4603ea4a,0x2b112167d52b79b0510cbabeda55a6cb363a15d6,True,Yes,0.0,False,,100,2032.4998062541522,2.0,0.0,-102.0,-1.0
14547,Will Assad remain President of Syria through 2024?,will-assad-remain-president-of-syria-through-2024,513334,will-assad-remain-president-of-syria-through-2024,No,0.07684288043281143,30750.148689,2362.93,7.7%,,,,,,,,,,2026-05-28 01:03:58 UTC,2024-12-02 15:54:47+00:00,2024-12-02 15:54:47 UTC,0x2b5dd6d61323ea89882c37c64f9d3b836ad2027e3bc9dad2ad912361679d2be6,0xe3b9da9674f9d29fecefbe3c1e5b02c2f23b2556,True,No,0.0,True,,100,1301.356735155657,2.0,1301.356735155657,1199.356735155657,11.758399364271146
17174,Was JFK assassination an inside job?,was-jfk-assassination-an-inside-job-march-31,519906,was-jfk-assassination-an-inside-job-march-31,Yes,0.037026817426603194,63808.346577,2362.62,3.7%,,,,,,,,,,2026-05-28 01:04:59 UTC,2025-03-18 01:13:38+00:00,2025-03-18 01:13:38 UTC,0x82e006872b907a6a980646547a2f5ec6383480fdb0edf05971830436f9be23ca,0xf572a3d4a0a521ceb3c4800a5f589926a63609f2,True,No,0.0,False,,100,2700.7452152274786,2.0,0.0,-102.0,-1.0
11887,Tim Walz replaced as Democratic VP nominee?,tim-walz-out-as-democratic-vp-nominee,504598,tim-walz-out-as-democratic-vp-nominee,Yes,0.08409398251378737,28065.54,2360.14,8.4%,,,,,,,,,,2026-05-28 01:02:11 UTC,2024-08-08 07:37:13+00:00,2024-08-08 07:37:13 UTC,0x98c960f2103119de48a046491e5840afb3d33bff90667a744be76db81979131d,0x282aa94cc5751f08dfb9be98fecbae84b7e19bce,True,No,0.0,False,,100,1189.1457273248393,2.0,0.0,-102.0,-1.0
13143,Israel strike on Iranian nuclear facility in 2024?,israel-strike-on-iranian-nuclear-facility-in-2024,508671,israel-strike-on-iranian-nuclear-facility-in-2024,No,0.014540455278854109,162295.26,2359.85,1.5%,,,,,,,,,,2026-05-28 01:02:53 UTC,2024-11-18 14:50:33+00:00,2024-11-18 14:50:33 UTC,0x7d633417ba2a87c69aaaae7b4de494d788eaee6be9acd9ff41881b77d546da24,0x8f784ae71b1af8c1f29c050f6afa4b8c102bf36d,True,Yes,0.0,False,,100,6877.363747022969,2.0,0.0,-102.0,-1.0
11827,Fed decreases interest rates by 50 bps after November 2024 meeting?,fed-interest-rates-november-2024,504491,fed-decreases-interest-rates-by-50-bps-after-november-2024-meeting,Yes,0.0959590941571754,24527.743,2353.66,9.6%,,,,,,,,,,2026-05-28 01:02:04 UTC,2024-10-09 13:37:37+00:00,2024-10-09 13:37:37 UTC,0x9d74dba39f9c94f4050c7897ee1a28a003814aeba9c7f045d7c8220d2c05c28d,0x5bf0816f7a3ff41fb9c60bbfb7434672941f3cc0,True,No,0.0,False,,100,1042.1107126772772,2.0,0.0,-102.0,-1.0
12327,Will there be a US Government shutdown? ,us-government-shutdown-before-2025,506202,us-government-shutdown-before-2025,No,0.03375993377526574,69503.394634,2346.43,3.4%,,,,,,,,,,2026-05-28 01:02:35 UTC,2024-12-23 01:26:47+00:00,2024-12-23 01:26:47 UTC,0xb44fd2a40a5b19cab7e5178a3a1e393ec0d17c932a297f174ad6e1872b5f5eac,0x2e76f02f9e3849dfba9b3ed9d8ed962cd1f61ea0,True,Yes,0.0,False,,100,2962.0911185929263,2.0,0.0,-102.0,-1.0
11322,Will Biden finish his term?,will-biden-complete-his-term-as-president,503013,will-biden-complete-his-term-as-president,No,0.07,33422.11,2339.55,7.0%,,,,,,,,,,2026-05-28 01:01:34 UTC,2024-12-07 12:49:00+00:00,2024-12-07 12:49:00 UTC,0xa3db028118a33885e693c4d0191275727f0c3114c0c414b2187195baa5c4b834,0x21f90e5ff30c12f52fbb2fb220aa268f22faed12,True,Yes,0.0,False,,100,1428.5714285714284,2.0,0.0,-102.0,-1.0
11143,Will Trump launch a coin before the election?,will-trump-launch-a-coin-before-the-election,502571,will-trump-launch-a-coin-before-the-election,No,0.01403450684921819,166446.888665,2336.0,1.4%,,,,,,,,,,2026-05-28 01:01:31 UTC,2024-10-17 00:04:52+00:00,2024-10-17 00:04:52 UTC,0xe6ef9dadd2d49ddfb6ab288c50216dd33f01d829a6a77be6bc12d6773f0ba3b4,0x0488087c529b1ef5b399b3d031d7b51c9a46bab2,True,Yes,0.0,False,,100,7125.2948945313765,2.0,0.0,-102.0,-1.0
11385,Will Mark Kelly be the 2024 Democratic VP nominee?,democratic-vp-nominee,503228,will-mark-kelly-be-the-2024-democratic-vp-nominee,Yes,0.09765827268868765,23890.54,2333.11,9.8%,,,,,,,,,,2026-05-28 01:01:39 UTC,2024-08-04 10:09:35+00:00,2024-08-04 10:09:35 UTC,0x0d3300df994a7e75f102da389bbc95e5328617baec20c36e812a81f9a8cc4451,0xbd08d7e51f68a72b7ac8f50398e775b016d258c0,True,No,0.0,False,,100,1023.9787910111542,2.0,0.0,-102.0,-1.0
13678,Record turnout in 2024 Presidential election?,record-turnout-in-2024-presidential-election,510534,record-turnout-in-2024-presidential-election,Yes,0.049634237140774896,46927.4,2329.21,5.0%,,,,,,,,,,2026-05-28 01:03:11 UTC,2024-11-08 22:03:47+00:00,2024-11-08 22:03:47 UTC,0x1ff33a22b745cbbe6d865d7d7f6738969da7a5cc0a353133b3c7afd35353a40b,0xc3c3b3ef304ddbea39fa2246e683a71da5d0eec8,True,No,0.0,False,,100,2014.738329036375,2.0,0.0,-102.0,-1.0
17792,Fed decreases interest rates by 25 bps after June 2025 meeting?,fed-decision-in-june,521835,fed-decreases-interest-rates-by-25-bps-after-june-2025-meeting,Yes,0.02184409079880478,106541.05,2327.29,2.2%,,,,,,,,,,2026-05-28 01:05:09 UTC,2025-06-11 20:47:58+00:00,2025-06-11 20:47:58 UTC,0xd4e467326e863889253b1f9fdb8b818473fbcd9a88926d89c06ca843b5ee49b7,0xd1acd3925d895de9aec98ff95f3a30c5279d08d5,True,No,0.0,False,,100,4577.897103663001,2.0,0.0,-102.0,-1.0
13464,"Will there be 150,000,000-155,000,000 votes cast in the U.S. Presidential Election?",turnout-in-2024-presidential-election,510524,will-there-be-150000000-155000000-votes-cast-in-the-us-presidential-election,Yes,0.08950420923076922,26000.0,2327.11,9.0%,,,,,,,,,,2026-05-28 01:03:02 UTC,2024-11-20 11:12:34+00:00,2024-11-20 11:12:34 UTC,0x2e59f1557f999a6fa037972082ee77473443ec7340b8810b51f046671b7d5717,0x99629f89cb866b0246dbfcbedd091aaaa56daab6,True,No,0.0,False,,100,1117.265890168019,2.0,0.0,-102.0,-1.0
14039,Will Biden resign in 2024?,will-biden-resign-in-2024,511885,will-biden-resign-in-2024,Yes,0.024998615219029168,92910.0,2322.62,2.5%,,,,,,,,,,2026-05-28 01:03:33 UTC,2024-12-13 10:01:28+00:00,2024-12-13 10:01:28 UTC,0x191665ef930b97bd188e3e1cba002b232102674aed14de84a0a2e731094894e1,0x48362f4c13c94804eb5a9bd79cf6de830d930964,True,No,0.0,False,,100,4000.2215772287705,2.0,0.0,-102.0,-1.0
13678,Record turnout in 2024 Presidential election?,record-turnout-in-2024-presidential-election,510534,record-turnout-in-2024-presidential-election,Yes,0.07137795286979015,32495.93,2319.49,7.1%,,,,,,,,,,2026-05-28 01:03:11 UTC,2024-11-07 16:26:46+00:00,2024-11-07 16:26:46 UTC,0x4ae7a56ae5113023de43c1aba3aa9bee67301c411c421daa396592dae6ee08ba,0x7523cafcee7bcf2db9a79d80e0d79b88a9a54c4c,True,No,0.0,False,,100,1400.9928273289522,2.0,0.0,-102.0,-1.0
12641,TikTok banned in the US before May 2025?,tiktok-banned-in-the-us-before-may-2025,507276,tiktok-banned-in-the-us-before-may-2025,No,0.045964442533530686,50447.07,2318.77,4.6%,,,,,,,,,,2026-05-28 01:02:43 UTC,2025-01-19 19:03:15+00:00,2025-01-19 19:03:15 UTC,0x880b32bbb07e2d55d75c1527b51ba617d37898e8263037a7244ed46658a948f8,0x6f87226f46d8511fb169fdba58589e8184d9f277,True,Yes,0.0,False,,100,2175.5947529887003,2.0,0.0,-102.0,-1.0
11889,Harris-Walz Democratic ticket on election day?,harris-walz-final-democratic-ticket,504603,harris-walz-final-democratic-ticket,No,0.07860768247415839,29476.381011,2317.07,7.9%,,,,,,,,,,2026-05-28 01:02:10 UTC,2024-08-18 17:46:26+00:00,2024-08-18 17:46:26 UTC,0x38886b91b77d9eca859fe4b9cd51b8ecc094d4eaf0aeb6620dbade96e9c323a8,0x3306f5dee2a5c536c941160fdffec1446e1e7258,True,Yes,0.0,False,,100,1272.1402902683735,2.0,0.0,-102.0,-1.0
11639,Will Biden resign before the election?,biden-resigns-from-presidency-before-election,503972,biden-resigns-from-presidency-before-election,Yes,0.07,33068.74,2314.81,7.0%,,,,,,,,,,2026-05-28 01:01:51 UTC,2024-08-23 18:51:37+00:00,2024-08-23 18:51:37 UTC,0xe3d14cc7520959874faa7fcb7d201d21097339a36145cd218913e3454197aee4,0x16bff3432b2485a7f6052927fc73f052b00ed197,True,No,0.0,False,,100,1428.5714285714284,2.0,0.0,-102.0,-1.0
11878,No change in Fed interest rates after December 2024 meeting?,fed-interest-rates-december-2024,504587,no-change-in-fed-interest-rates-after-december-2024-meeting,Yes,0.04615994102207045,49950.670407,2305.72,4.6%,,,,,,,,,,2026-05-28 01:01:59 UTC,2024-12-16 08:29:13+00:00,2024-12-16 08:29:13 UTC,0x2334e058c96d263cd24263d75475c01139a5ea331ca174e0030873528ff66cd6,0x8d120f0b75cbabfecc2d31fa42d8ec3594f8007f,True,No,0.0,False,,100,2166.3805842426664,2.0,0.0,-102.0,-1.0
13464,"Will there be 150,000,000-155,000,000 votes cast in the U.S. Presidential Election?",turnout-in-2024-presidential-election,510524,will-there-be-150000000-155000000-votes-cast-in-the-us-presidential-election,Yes,0.09032459284846117,25525.827754,2305.61,9.0%,,,,,,,,,,2026-05-28 01:03:02 UTC,2024-11-24 22:47:28+00:00,2024-11-24 22:47:28 UTC,0x1ea57f2a79ae7a3d86e2ccb7899855e0328a0954157f2741acbb746d626820fa,0xfe2b62035606de63bf64d0bce9a99dae2074ed08,True,No,0.0,False,,100,1107.1181928023898,2.0,0.0,-102.0,-1.0
14023,Will Donald Trump be inaugurated?,who-will-be-inaugurated-as-president,511754,will-donald-trump-be-inaugurated,No,0.09888543604499143,23298.7976,2303.91,9.9%,,,,,,,,,,2026-05-28 01:03:19 UTC,2025-01-19 00:42:03+00:00,2025-01-19 00:42:03 UTC,0x19c2bd16f5ce1a9e21b35b88b5e4a41ead7be7d6803158dc75334c1a00634eca,0x0a72448c20f42ff898ec31179f9e549255cc45fd,True,Yes,0.0,False,,100,1011.2712650071286,2.0,0.0,-102.0,-1.0
17088,Russia x Ukraine ceasefire before July?,russia-x-ukraine-ceasefire-before-july,519628,russia-x-ukraine-ceasefire-before-july,Yes,0.09881784639994555,23275.148,2300.0,9.9%,,,,,,,,,,2026-05-28 01:04:53 UTC,2025-06-02 09:14:54+00:00,2025-06-02 09:14:54 UTC,0x3503053dbab62461b11a63f4f41b9d5f86f0c25c056896bad6665d500fd30f3c,0xdfb974f7451cea14126e06850c2d67421897be64,True,No,0.0,False,,100,1011.9629565217392,2.0,0.0,-102.0,-1.0
17792,Fed decreases interest rates by 25 bps after June 2025 meeting?,fed-decision-in-june,521835,fed-decreases-interest-rates-by-25-bps-after-june-2025-meeting,Yes,0.04526615915088747,50810.5844,2300.0,4.5%,,,,,,,,,,2026-05-28 01:05:11 UTC,2025-05-30 13:34:19+00:00,2025-05-30 13:34:19 UTC,0xcec2d8f822a4c3ef8dbec3f5bb43be14ff02b5790a3dd8505820f6c6419cf0d2,0x4019a888c824748d94ff97ad79e42450a6841453,True,No,0.0,False,,100,2209.155843478261,2.0,0.0,-102.0,-1.0
17140,Fed decreases interest rates by 50+ bps after May 2025 meeting?,fed-decision-in-may-2025,519776,fed-decreases-interest-rates-by-50-bps-after-may-2025-meeting,Yes,0.03,76572.83,2297.18,3.0%,,,,,,,,,,2026-05-28 01:04:57 UTC,2025-04-10 15:38:21+00:00,2025-04-10 15:38:21 UTC,0x0fac1c43bc70b7654a259fc5a2c8e91c311b24f89620a5f3454ffe9d740452ec,0xa9ee0279edee743ed85fb293c079994a24635a28,True,No,0.0,False,,100,3333.3333333333335,2.0,0.0,-102.0,-1.0
14220,No change in Fed interest rates after January 2025 meeting?,fed-interest-rates-january-2025,512324,no-change-in-fed-interest-rates-after-january-2025-meeting,No,0.0279008854299877,82107.0,2290.86,2.8%,,,,,,,,,,2026-05-28 01:03:46 UTC,2025-01-27 10:19:26+00:00,2025-01-27 10:19:26 UTC,0x7198e5ed0b345a991db034d79ce5a4f2cbb5abe4b74cc4dac3159f6f16ba0c26,0xf359c2c374c7ce573171c00a0e05d208f11e3473,True,Yes,0.0,False,,100,3584.115645753687,2.0,0.0,-102.0,-1.0
10312,Abortion on the 2024 ballot in Arizona?,abortion-on-the-2024-ballot-in-arizona,500855,abortion-on-the-2024-ballot-in-arizona,No,0.07046153846153846,32500.0,2290.0,7.0%,,,,,,,,,,2026-05-28 01:01:19 UTC,2024-04-24 19:36:10+00:00,2024-04-24 19:36:10 UTC,0x2660d2018630123f8207d2e379e4b012e462ad714f3460325fb029c6ef1805cc,0x3cf3e8d5427aed066a7a5926980600f6c3cf87b3,True,Yes,0.0,False,,100,1419.2139737991265,2.0,0.0,-102.0,-1.0
12515,"Will Trump say ""Springfield"" during his Nevada rally?",what-will-trump-say-during-nevada-rally,506834,will-trump-say-springfield-during-his-nevada-rally,No,0.0998233075288231,22925.708,2288.52,10.0%,,,,,,,,,,2026-05-28 01:02:41 UTC,2024-09-13 13:58:44+00:00,2024-09-13 13:58:44 UTC,0x76af99d001b8a664fbc5675cdb9ee5d536af8e9a7fe41f4d88527fef09da21aa,0xd18f887f9da34cd6a40df582d7c6b18c25a9681e,True,Yes,0.0,False,,100,1001.7700522608499,2.0,0.0,-102.0,-1.0
16103,Weed rescheduled in 2025?,weed-rescheduled-in-2025,516714,weed-rescheduled-in-2025,Yes,0.05679488657163528,40291.95,2288.38,5.7%,,,,,,,,,,2026-05-28 01:04:25 UTC,2025-12-17 14:16:42+00:00,2025-12-17 14:16:42 UTC,0x6dde89e145c3c8f99fb3bb5f3f8239f0655979ea5a359be0f0f5b6a961e6f5ba,0xbacd00c9080a82ded56f504ee8810af732b0ab35,True,No,0.0,False,,100,1760.7218895290898,2.0,0.0,-102.0,-1.0
15437,Will Biden pardon Ross Ulbricht?,who-will-biden-pardon,502120,will-biden-pardon-ross-ulbricht,Yes,0.09364443554109922,24435.26,2288.23,9.4%,,,,,,,,,,2026-05-28 01:04:14 UTC,2024-12-18 12:31:03+00:00,2024-12-18 12:31:03 UTC,0x9c659b10c35590fecde8b6350fe128c71fbf110b5a0ee1bc4319b4925da063e9,0xe5f10df4357f91ec328c6ceb3ef84107263971b8,True,No,0.0,False,,100,1067.8691095971358,2.0,0.0,-102.0,-1.0
10656,Will a Republican win the popular vote and a Democrat win the Presidency?,which-party-wins-presidency-popular-vote,501588,will-a-republican-win-the-popular-vote-and-a-democrat-win-the-presidency,Yes,0.028,81583.54,2284.34,2.8%,,,,,,,,,,2026-05-28 01:01:21 UTC,2024-11-04 02:05:28+00:00,2024-11-04 02:05:28 UTC,0x684a71ee68abc4e38ab1cd83f68c0b02c5fa51b8fed4816d1676140afd4be2a7,0xaf2830f2dd4dfa32e3dffac60531bb4ba5147f92,True,No,0.0,False,,100,3571.4285714285716,2.0,0.0,-102.0,-1.0
11696,No change in Fed interest rates after 2024 September meeting?,fed-interest-rates-september-2024,504071,no-change-in-fed-interest-rates-after-2024-september-meeting,Yes,0.06966761147166008,32724.962875,2279.87,7.0%,,,,,,,,,,2026-05-28 01:01:55 UTC,2024-08-23 03:41:20+00:00,2024-08-23 03:41:20 UTC,0x6426ed7aafa2ae0459bdfd461b6319c1b31b37e2c338b443650251acd8a95b0e,0x2373809dadc2c73d05038df89e9399560f445b7f,True,No,0.0,False,,100,1435.3872321384058,2.0,0.0,-102.0,-1.0
16103,Weed rescheduled in 2025?,weed-rescheduled-in-2025,516714,weed-rescheduled-in-2025,Yes,0.09717628749159338,23359.57,2270.0,9.7%,,,,,,,,,,2026-05-28 01:04:25 UTC,2025-12-17 10:22:50+00:00,2025-12-17 10:22:50 UTC,0xbcdb8c7c02ed804827c5bad3a7e50802569063bf59d4f33b02b11f4f4f7f8416,0xd2628f6b3bf98b05b2f246b8bcfa5f47849d8553,True,No,0.0,False,,100,1029.0576289884598,2.0,0.0,-102.0,-1.0
10656,Will a Republican win the popular vote and a Democrat win the Presidency?,which-party-wins-presidency-popular-vote,501588,will-a-republican-win-the-popular-vote-and-a-democrat-win-the-presidency,Yes,0.024,94559.45,2269.43,2.4%,,,,,,,,,,2026-05-28 01:01:21 UTC,2024-11-01 16:03:26+00:00,2024-11-01 16:03:26 UTC,0x7e125b7b078b3b047c4c60cb082bc666fa535b8128158b81dfa155c8945d6753,0xfffe4013adfe325c6e02d36dc66e091f5476f52c,True,No,0.0,False,,100,4166.666666666667,2.0,0.0,-102.0,-1.0
14220,No change in Fed interest rates after January 2025 meeting?,fed-interest-rates-january-2025,512324,no-change-in-fed-interest-rates-after-january-2025-meeting,No,0.013,173966.29,2261.56,1.3%,,,,,,,,,,2026-05-28 01:03:48 UTC,2025-01-22 21:53:42+00:00,2025-01-22 21:53:42 UTC,0xfac98bd23e70311dabdf6de1a13dfffffe59416a3175c64057dd5a5f76fffc43,0x8e9eedf20dfa70956d49f608a205e402d9df38e4,True,Yes,0.0,False,,100,7692.307692307692,2.0,0.0,-102.0,-1.0
17140,Fed decreases interest rates by 25 bps after May 2025 meeting?,fed-decision-in-may-2025,519777,fed-decreases-interest-rates-by-25-bps-after-may-2025-meeting,Yes,0.024803427807048445,90948.3164,2255.83,2.5%,,,,,,,,,,2026-05-28 01:04:55 UTC,2025-05-04 10:32:23+00:00,2025-05-04 10:32:23 UTC,0x8dda16e1543cd7892350595c5f9ff7dcc8ef30baa8f56088d8002c99f065639e,0x1791c146e47052f21c5738b3b87df1f2ad233ebc,True,No,0.0,False,,100,4031.700810788047,2.0,0.0,-102.0,-1.0
11322,Will Biden finish his term?,will-biden-complete-his-term-as-president,503013,will-biden-complete-his-term-as-president,No,0.07,32071.49,2245.0,7.0%,,,,,,,,,,2026-05-28 01:01:34 UTC,2024-12-04 23:42:13+00:00,2024-12-04 23:42:13 UTC,0x6e05f45448a2dc98fe75982ac999885f9dee5d64ba2b88a2b88b132b99fa57f5,0x21f90e5ff30c12f52fbb2fb220aa268f22faed12,True,Yes,0.0,False,,100,1428.5714285714284,2.0,0.0,-102.0,-1.0
17140,Fed decreases interest rates by 25 bps after May 2025 meeting?,fed-decision-in-may-2025,519777,fed-decreases-interest-rates-by-25-bps-after-may-2025-meeting,Yes,0.026104926815486824,85846.247141,2241.01,2.6%,,,,,,,,,,2026-05-28 01:04:55 UTC,2025-05-05 06:48:42+00:00,2025-05-05 06:48:42 UTC,0xebc631714ff6c5c769e97448ac1b292da392b15f6d06f8f7f42508464c9f72f8,0x17c646fabb0c9cc1847995eab47b844f251f9139,True,No,0.0,False,,100,3830.6945162809156,2.0,0.0,-102.0,-1.0
14547,Will Assad remain President of Syria through 2024?,will-assad-remain-president-of-syria-through-2024,513334,will-assad-remain-president-of-syria-through-2024,Yes,0.03695242100402401,60636.0,2240.65,3.7%,,,,,,,,,,2026-05-28 01:03:57 UTC,2024-12-08 10:04:07+00:00,2024-12-08 10:04:07 UTC,0x83d5d6e8320764d1d72ef52353627309aa8493dbc7d8562c254159dc9cc52bff,0x43e329d2cd4d8064e981fa4592a507040256c7f2,True,No,0.0,False,,100,2706.1826338553105,2.0,0.0,-102.0,-1.0
11910,Democrats win popular vote by 4-5%?,popular-vote-margin-of-victory-in-presidential-election,504703,democrats-win-popular-vote-by-4-5,Yes,0.08,28000.0,2240.0,8.0%,,,,,,,,,,2026-05-28 01:02:08 UTC,2024-10-25 00:30:24+00:00,2024-10-25 00:30:24 UTC,0xd0df6950b2ef06ab97d1e97b6655912e502ef1fa13a2a3b6eb795576fbc4aea6,0x8076518e218a01628c5837c84111b4f7b4366114,True,No,0.0,False,,100,1250.0,2.0,0.0,-102.0,-1.0
14220,No change in Fed interest rates after January 2025 meeting?,fed-interest-rates-january-2025,512324,no-change-in-fed-interest-rates-after-january-2025-meeting,No,0.013,172020.71,2236.27,1.3%,,,,,,,,,,2026-05-28 01:03:46 UTC,2025-01-22 21:54:48+00:00,2025-01-22 21:54:48 UTC,0x683955310e7e59aa4aaa6ea395e6d4234038b44bce568e1c1637f6a4f2366cf6,0x8e9eedf20dfa70956d49f608a205e402d9df38e4,True,Yes,0.0,False,,100,7692.307692307692,2.0,0.0,-102.0,-1.0
11322,Will Biden finish his term?,will-biden-complete-his-term-as-president,503013,will-biden-complete-his-term-as-president,No,0.027,82657.43,2231.75,2.7%,,,,,,,,,,2026-05-28 01:01:34 UTC,2024-12-30 03:35:01+00:00,2024-12-30 03:35:01 UTC,0xcb83e90ca6a0843938317ceff6a14afa0783ab916d209572152305fe0dc984f2,0xf8e0b7ebc07577ae083a046e39490a8f35fab2ed,True,Yes,0.0,False,,100,3703.703703703704,2.0,0.0,-102.0,-1.0
11639,Will Biden resign before the election?,biden-resigns-from-presidency-before-election,503972,biden-resigns-from-presidency-before-election,Yes,0.08,27896.75,2231.74,8.0%,,,,,,,,,,2026-05-28 01:01:51 UTC,2024-08-28 11:55:28+00:00,2024-08-28 11:55:28 UTC,0x5aa0b2db8fff2cab9119dd8d5866dd8e9f55d34188d58140ac394d7bbd61ee70,0x926580d1b5264b727e2a023807602938e9c8bff9,True,No,0.0,False,,100,1250.0,2.0,0.0,-102.0,-1.0
16180,"Maduro out by November 30, 2025?",maduro-out-in-2025,663849,maduro-out-by-november-30-2025,Yes,0.0682982978470592,32653.94,2230.21,6.8%,,,,,,,,,,2026-05-28 01:04:33 UTC,2025-11-22 18:32:39+00:00,2025-11-22 18:32:39 UTC,0xb41b4b7d7a6bdc808524aa1532ef6fd43e0089060535a7ccbfbcbe25ea6f75c5,0x74471a007ddcc488f6d57b5e86dfb35a8d48a16d,True,No,0.0,False,,100,1464.1653328451996,2.0,0.0,-102.0,-1.0
16103,Weed rescheduled in 2025?,weed-rescheduled-in-2025,516714,weed-rescheduled-in-2025,Yes,0.05270221624360645,42256.287453,2227.0,5.3%,,,,,,,,,,2026-05-28 01:04:25 UTC,2025-12-13 04:24:07+00:00,2025-12-13 04:24:07 UTC,0x3979dbc6404a2a1f5e8e5762c68eabf012b69f1ba8abfa93ec989fe8cd0984f8,0xc221ae672e696d3910edaa2a7fe791310e138aeb,True,No,0.0,False,,100,1897.4534114043347,2.0,0.0,-102.0,-1.0
13906,"Kamala wins 270-268 - MI, PA, WI ",kamala-wins-with-blue-wall-mi-pa-wi-270-evs,511402,kamala-wins-with-blue-wall-mi-pa-wi-270-evs,Yes,0.07177226133135729,30930.54,2219.95,7.2%,,,,,,,,,,2026-05-28 01:03:15 UTC,2024-10-30 22:56:05+00:00,2024-10-30 22:56:05 UTC,0x9173aebbf6c47f054b9ec8fd19d708e7f3bcb6d3c48f368cf231012cc2b23fde,0x5431a20c76d561eced1b492c18a2a7229bf447e1,True,No,0.0,False,,100,1393.2959355749044,2.0,0.0,-102.0,-1.0
12327,Will there be a US Government shutdown? ,us-government-shutdown-before-2025,506202,us-government-shutdown-before-2025,No,0.03466665075096546,63871.183141,2214.2,3.5%,,,,,,,,,,2026-05-28 01:02:35 UTC,2024-12-21 11:28:41+00:00,2024-12-21 11:28:41 UTC,0x391e9ee56104c1a8535021d8f0403f3171850e679468311504949790af1fc8bd,0x6f3e3e93f770813110288c348d157041530f13dc,True,Yes,0.0,False,,100,2884.616708962432,2.0,0.0,-102.0,-1.0
16432,Conservatives win majority in Canadian election?,will-the-conservative-party-win-a-majority-in-next-canadian-election,517600,will-the-conservative-party-win-a-majority-in-next-canadian-election,Yes,0.06906133694873456,31996.194928,2209.7,6.9%,,,,,,,,,,2026-05-28 01:04:36 UTC,2025-04-26 01:01:17+00:00,2025-04-26 01:01:17 UTC,0x014b08c6aad5bacfd6d8215a29e95ce26df57dbc735149b23101087af50969a4,0xa44e24c97fb0c1d7521ceba0b0224d0015b678f4,True,No,0.0,False,,100,1447.9881858387964,2.0,0.0,-102.0,-1.0
10656,Will a Republican win the popular vote and a Democrat win the Presidency?,which-party-wins-presidency-popular-vote,501588,will-a-republican-win-the-popular-vote-and-a-democrat-win-the-presidency,Yes,0.030780578094247512,71655.79,2205.61,3.1%,,,,,,,,,,2026-05-28 01:01:21 UTC,2024-11-06 01:08:45+00:00,2024-11-06 01:08:45 UTC,0x463c50044cdbca8bbacd37175477b7e0776117661f7d41ff1d8bd54e69ec1c47,0x8e5a5d37a354f4e05badd0d9e91b519774e44ef5,True,No,0.0,False,,100,3248.801880647222,2.0,0.0,-102.0,-1.0
11910,Democrats win popular vote by 7% or more?,popular-vote-margin-of-victory-in-presidential-election,504706,democrats-win-popular-vote-by-over-7,Yes,0.04899714188372368,44966.68,2203.24,4.9%,,,,,,,,,,2026-05-28 01:02:06 UTC,2024-11-01 23:44:51+00:00,2024-11-01 23:44:51 UTC,0x5d4c8fa461fb84516163e08a156660172c56a8052dd084804c10868db8c61345,0xb0a98580b05a323df0c3bce5b1e89a346e53dd8d,True,No,0.0,False,,100,2040.9353720531792,2.0,0.0,-102.0,-1.0
13551,Trump ends Ukraine war in first 90 days?,trump-wins-ends-ukraine-war-in-90-days,510319,trump-wins-ends-ukraine-war-in-90-days,Yes,0.05995018851763225,36712.311561,2200.91,6.0%,,,,,,,,,,2026-05-28 01:03:04 UTC,2025-04-19 17:12:12+00:00,2025-04-19 17:12:12 UTC,0x40972f4aa8941415d153ba589851b7e1c631c5256f388a78a5e315ff548e458f,0x779a4c19b4778651ef2e352cafb3b0b44cd06bc0,True,No,0.0,False,,100,1668.0514686052823,2.0,0.0,-102.0,-1.0
10223,"2024 Balance of Power: R Prez, D Senate, R House",balance-of-power-2024-election,500636,2024-balance-of-power-republican-presidency-and-house-democratic-senate,Yes,0.011915786983702525,184629.013846,2200.0,1.2%,,,,,,,,,,2026-05-28 01:01:13 UTC,2024-11-04 13:46:14+00:00,2024-11-04 13:46:14 UTC,0xe6712268e60fd3a0e96c1e7361f17d9b2002b2e939e5249fe08e85773003deea,0x0e74d70b99f3cfa4d8b7895c8ea1f8b0d87571bb,True,No,0.0,False,,100,8392.227902090908,2.0,0.0,-102.0,-1.0
10231,Will a Democrat win Florida US Senate Election?,florida-us-senate-election-winner,500656,will-a-democrat-win-florida-us-senate-election,Yes,0.08935610034706315,24620.591,2200.0,8.9%,,,,,,,,,,2026-05-28 01:01:13 UTC,2024-10-31 04:04:54+00:00,2024-10-31 04:04:54 UTC,0x35abc213ab62def9875d1a6ed8979a9cde383d5203e8c00f0b1c9b4108861f29,0x8a458670dd167dc112a9ff1241c9a6dd5f424a71,True,No,0.0,False,,100,1119.1177727272727,2.0,0.0,-102.0,-1.0
16108,Russia x Ukraine ceasefire in 2025?,russia-x-ukraine-ceasefire-in-2025,516719,russia-x-ukraine-ceasefire-in-2025,Yes,0.05,44000.0,2200.0,5.0%,,,,,,,,,,2026-05-28 01:04:31 UTC,2025-12-07 16:18:41+00:00,2025-12-07 16:18:41 UTC,0x2ba6c3c33d5d773f4ca5ff6864e140e2e77aeed2591fc837257c43748a399a81,0x0a854897a06d4999e5b2dde5693609f1428ffe9d,True,No,0.0,False,,100,2000.0,2.0,0.0,-102.0,-1.0
12700,Israeli forces enters Lebanon in September?,israeli-forces-enters-lebanon-in-september,507472,israeli-forces-enters-lebanon-in-september,No,0.061246444082458516,35900.72,2198.79,6.1%,,,,,,,,,,2026-05-28 01:02:47 UTC,2024-09-30 19:46:51+00:00,2024-09-30 19:46:51 UTC,0xc3eb92e342f1189a94b5630a33b708994b9b0196bffa0a601796bcca95dd7080,0x9e9a1fa7a66d409094b28d000e736c5ce07a8d22,True,Yes,0.0,False,,100,1632.7478517016602,2.0,0.0,-102.0,-1.0
14220,No change in Fed interest rates after January 2025 meeting?,fed-interest-rates-january-2025,512324,no-change-in-fed-interest-rates-after-january-2025-meeting,No,0.013,168906.4,2195.78,1.3%,,,,,,,,,,2026-05-28 01:03:48 UTC,2025-01-22 21:52:32+00:00,2025-01-22 21:52:32 UTC,0x9a632fdf865183db1f6ad1618d5ba32f6cce6c9142d64cbfa0590647984c2d24,0x8e9eedf20dfa70956d49f608a205e402d9df38e4,True,Yes,0.0,False,,100,7692.307692307692,2.0,0.0,-102.0,-1.0
11639,Will Biden resign before the election?,biden-resigns-from-presidency-before-election,503972,biden-resigns-from-presidency-before-election,Yes,0.07952326185971602,27580.34,2193.28,8.0%,,,,,,,,,,2026-05-28 01:01:51 UTC,2024-08-24 04:06:45+00:00,2024-08-24 04:06:45 UTC,0xc99d78f6c8542d840c57bb4ce0d9258c4ada6718616aff47e20546e792fa4e67,0x96b59f71f635da5da031e3e93448c54fe226f5e7,True,No,0.0,False,,100,1257.4936900401071,2.0,0.0,-102.0,-1.0
11385,Will Pete Buttigieg be the 2024 Democratic VP nominee?,democratic-vp-nominee,503175,will-pete-buttigieg-be-the-2024-democratic-vp-nomination,Yes,0.06545176919106634,33496.267971,2192.39,6.5%,,,,,,,,,,2026-05-28 01:01:40 UTC,2024-07-30 06:13:07+00:00,2024-07-30 06:13:07 UTC,0xbeb2d87417e6a521db3289f2fe8a6ab575c080a5f26c44bdfecad855a1338687,0x0e0641cbd7849962226f5357f8a47f9b71da15d5,True,No,0.0,False,,100,1527.842581429399,2.0,0.0,-102.0,-1.0
12641,TikTok banned in the US before May 2025?,tiktok-banned-in-the-us-before-may-2025,507276,tiktok-banned-in-the-us-before-may-2025,No,0.04992007715038582,43877.94,2190.39,5.0%,,,,,,,,,,2026-05-28 01:02:43 UTC,2025-01-19 19:10:09+00:00,2025-01-19 19:10:09 UTC,0x5df0d1b6bcb6e10dba7bf7de9e3aab6c59bbf8c885ed0347372f1c73d076d9eb,0xc2ebf5fd45fcd50fc55e4f7b10f2a3d1317dcd8d,True,Yes,0.0,False,,100,2003.2020322954793,2.0,0.0,-102.0,-1.0
11696,No change in Fed interest rates after 2024 September meeting?,fed-interest-rates-september-2024,504071,no-change-in-fed-interest-rates-after-2024-september-meeting,Yes,0.047007388380902626,46588.421,2190.0,4.7%,,,,,,,,,,2026-05-28 01:01:55 UTC,2024-08-24 19:35:37+00:00,2024-08-24 19:35:37 UTC,0x7146be3394f5ca27cf098fd11c908bc2d118e701ac2761dc90411296b4c7ab8c,0xb149caa670d228b060b1cf25383452a95b35f445,True,No,0.0,False,,100,2127.3251598173515,2.0,0.0,-102.0,-1.0
17140,Fed decreases interest rates by 25 bps after May 2025 meeting?,fed-decision-in-may-2025,519777,fed-decreases-interest-rates-by-25-bps-after-may-2025-meeting,Yes,0.021192403703364015,103122.327726,2185.41,2.1%,,,,,,,,,,2026-05-28 01:04:55 UTC,2025-05-05 23:06:17+00:00,2025-05-05 23:06:17 UTC,0x6747e0e06bca657aff01593b0776ee9d13da40bf64c59730e335e3e886b4d573,0xe9d2da95c70bd13b83ecd1cbce1ce540cd0dc168,True,No,0.0,False,,100,4718.671907147857,2.0,0.0,-102.0,-1.0
12795,Israel x Hezbollah Ceasefire in 2024?,israel-x-hezbollah-ceasefire-in-2024,507792,israel-x-hezbollah-ceasefire-in-2024,No,0.026589500751368084,82130.53793,2183.81,2.7%,,,,,,,,,,2026-05-28 01:02:49 UTC,2024-11-30 17:06:06+00:00,2024-11-30 17:06:06 UTC,0x4a7b16af97146da558908088870a26daa40d025d73ce9c76681e3a31bfb38542,0x29a95de5057f5c1c930aca18089047e248835668,True,Yes,0.0,False,,100,3760.882949066082,2.0,0.0,-102.0,-1.0
12641,TikTok banned in the US before May 2025?,tiktok-banned-in-the-us-before-may-2025,507276,tiktok-banned-in-the-us-before-may-2025,No,0.017256846788090804,126326.670554,2180.0,1.7%,,,,,,,,,,2026-05-28 01:02:43 UTC,2025-01-21 15:59:03+00:00,2025-01-21 15:59:03 UTC,0x4818a083d631a2aa4919475cf31ea6f9ce8f68fbcf586ab8941709e722cc2d8f,0xc504cd4806ee8859b2749c029ab8388f33786bd3,True,Yes,0.0,False,,100,5794.801404217798,2.0,0.0,-102.0,-1.0
15036,Khamenei out as Supreme Leader of Iran by June 30?,khamenei-out-as-supreme-leader-of-iran-by-june-30,514497,khamenei-out-as-supreme-leader-of-iran-by-june-30,Yes,0.0816881309686069,26686.128978,2179.94,8.2%,,,,,,,,,,2026-05-28 01:04:01 UTC,2025-06-23 23:05:03+00:00,2025-06-23 23:05:03 UTC,0x20fade18463c3dca0aa41332ce94fb1752663d981fa8c2d4ed4ca5173816bb43,0xf3eb9118a24bbe6aa5ccfb31ff3953c337443d21,True,No,0.0,False,,100,1224.1680500491611,2.0,0.0,-102.0,-1.0
11321,Will Biden announce resignation by July 31?,will-biden-resign-by-july-31,503011,will-biden-resign-by-july-31,Yes,0.08975385742031222,24281.296221,2179.34,9.0%,,,,,,,,,,2026-05-28 01:01:36 UTC,2024-07-22 19:03:57+00:00,2024-07-22 19:03:57 UTC,0xf7d07b065c6e563abdfcc0858e729e16879b68085fa8fdd7f6095edbe71d6605,0x311c2d24b5a75ce0071e72ee219e6f20185e4cee,True,No,0.0,False,,100,1114.1582420430764,2.0,0.0,-102.0,-1.0
14038,Will Biden resign in November?,will-biden-resign-in-november,511884,will-biden-resign-in-november,Yes,0.02751706,79000.0,2173.85,2.8%,,,,,,,,,,2026-05-28 01:03:33 UTC,2024-11-17 13:47:23+00:00,2024-11-17 13:47:23 UTC,0x14e8fd70ded1645bf0894027e80e527299d0aaaad1c7807baae417b5a2d6ae8b,0x48362f4c13c94804eb5a9bd79cf6de830d930964,True,No,0.0,False,,100,3634.1091671857384,2.0,0.0,-102.0,-1.0
11385,Will William McRaven be the 2024 Democratic VP nominee?,democratic-vp-nominee,504032,will-william-mcraven-be-the-2024-democratic-vp-nominee,Yes,0.07747959994168238,28008.920666,2170.12,7.7%,,,,,,,,,,2026-05-28 01:01:42 UTC,2024-07-24 22:48:29+00:00,2024-07-24 22:48:29 UTC,0x441bf0af72051c5b686e238455d0617487f1a7d739ddb738cc3714e0a6a45b65,0xf2b3f8e3203020c440ab9f0a6d13939964c07469,True,No,0.0,False,,100,1290.6623172456796,2.0,0.0,-102.0,-1.0
17140,Fed decreases interest rates by 25 bps after May 2025 meeting?,fed-decision-in-may-2025,519777,fed-decreases-interest-rates-by-25-bps-after-may-2025-meeting,Yes,0.02287697006195236,94835.548332,2169.55,2.3%,,,,,,,,,,2026-05-28 01:04:55 UTC,2025-05-07 00:02:24+00:00,2025-05-07 00:02:24 UTC,0x32b44f8e27906d5d3f3ea326a57b794a0e9d2d8a0c3a6eaa5a35a1a30acabbfd,0xac51d1f2bec798b08b3602a2889009dfa76dda02,True,No,0.0,False,,100,4371.20823820608,2.0,0.0,-102.0,-1.0
17140,No change in Fed interest rates after May 2025 meeting?,fed-decision-in-may-2025,519778,no-change-in-fed-interest-rates-after-may-2025-meeting,No,0.023000000000254556,94282.173912,2168.49,2.3%,,,,,,,,,,2026-05-28 01:04:55 UTC,2025-05-06 19:37:02+00:00,2025-05-06 19:37:02 UTC,0x769e2b6f6c46a139522cce5a2300dbcae29bdc54709ecb1334105625d937ba17,0x9d50718a5387a304884e2df28ee5739f3c527058,True,Yes,0.0,False,,100,4347.8260869084015,2.0,0.0,-102.0,-1.0
15665,No change in Fed interest rates after March 2025 meeting?,fed-decision-in-march,516010,no-change-in-fed-interest-rates-after-march-2025-meeting,No,0.048929589042889715,44291.97,2167.19,4.9%,,,,,,,,,,2026-05-28 01:04:22 UTC,2025-02-25 15:30:27+00:00,2025-02-25 15:30:27 UTC,0x22727ca7025012eaf8fd3572e2555f1b1f4c6556634abb452a3f2341b61e4e06,0xa3d3da79775f534629a920bfd1c6e4f5fb6fd424,True,Yes,0.0,False,,100,2043.7531145488267,2.0,0.0,-102.0,-1.0
17140,Fed decreases interest rates by 25 bps after May 2025 meeting?,fed-decision-in-may-2025,519777,fed-decreases-interest-rates-by-25-bps-after-may-2025-meeting,Yes,0.022135036598320668,97853.915415,2166.0,2.2%,,,,,,,,,,2026-05-28 01:04:55 UTC,2025-05-07 15:45:21+00:00,2025-05-07 15:45:21 UTC,0x5ba3f89bba817a505dbbea5ac6a238a04815d446726df93ba05b4e3944275346,0xf6c01da4df53d7b57dd728f35069d160911712c2,True,No,0.0,False,,100,4517.724628817047,2.0,0.0,-102.0,-1.0
11968,Will Tim Walz be D-nom for VP on Election Day?,democratic-vp-nominee-on-election-day,504878,will-tim-walz-be-d-nom-for-vp-on-election-day,No,0.02,108226.0,2164.52,2.0%,,,,,,,,,,2026-05-28 01:02:14 UTC,2024-10-10 08:10:12+00:00,2024-10-10 08:10:12 UTC,0xc3182b289406ffba579f588198dc82fee63e14fb35b5437ea3cd689e0c35113f,0x2fed97cb1850c5e7099acacd3da3aab40e331696,True,Yes,0.0,False,,100,5000.0,2.0,0.0,-102.0,-1.0
11798,Will Kamala Harris drop out of presidential race?,will-kamala-drop-out-before-election,504400,will-kamala-drop-out-before-election,Yes,0.07,30906.88,2163.48,7.0%,,,,,,,,,,2026-05-28 01:01:58 UTC,2024-08-12 01:52:29+00:00,2024-08-12 01:52:29 UTC,0x63bcbfe7cb7504d5abfbe28c1be9728a912e998ea0c5f3d7f04461547967d339,0x10b30364936b03d26b3fd01a63d1f991454b40d4,True,No,0.0,False,,100,1428.5714285714284,2.0,0.0,-102.0,-1.0
16180,Maduro out in 2025?,maduro-out-in-2025,516947,maduro-out-in-2025-411,Yes,0.014611726410732502,148023.576284,2162.88,1.5%,,,,,,,,,,2026-05-28 01:04:28 UTC,2025-12-31 03:37:23+00:00,2025-12-31 03:37:23 UTC,0xfd451538960edb31024d6815f553c50790fd38d91b3b125da3b6a971e00b8161,0x168b100d7a6620a2f49a455344c2c006eaf1714b,True,No,0.0,False,,100,6843.818258638398,2.0,0.0,-102.0,-1.0
10656,Will a Republican win the popular vote and a Democrat win the Presidency?,which-party-wins-presidency-popular-vote,501588,will-a-republican-win-the-popular-vote-and-a-democrat-win-the-presidency,Yes,0.024109706188043725,89609.968,2160.47,2.4%,,,,,,,,,,2026-05-28 01:01:21 UTC,2024-11-01 14:52:26+00:00,2024-11-01 14:52:26 UTC,0x8d31028e498ae54c32f0bf9fb97c60981c828b402b92ee31c4791dc818e00552,0xe1a3ad35b7a6297dba1541ddd8b0168cbd139e5c,True,No,0.0,False,,100,4147.7071192842295,2.0,0.0,-102.0,-1.0
15665,No change in Fed interest rates after March 2025 meeting?,fed-decision-in-march,516010,no-change-in-fed-interest-rates-after-march-2025-meeting,No,0.0699035017210421,30853.4,2156.76,7.0%,,,,,,,,,,2026-05-28 01:04:20 UTC,2025-03-03 21:03:18+00:00,2025-03-03 21:03:18 UTC,0x60ded66556d06220175be5cc4af08dfd24398bfadcecb4ee3a40574cc36636bd,0x6a9b04663e24b275bf6258a53976eb1a516e4d6c,True,Yes,0.0,False,,100,1430.5434997957816,2.0,0.0,-102.0,-1.0
11797,Will Kamala Harris drop out in August?,will-kamala-drop-out-in-august,504399,will-kamala-drop-out-in-august,Yes,0.037,58205.0,2153.59,3.7%,,,,,,,,,,2026-05-28 01:01:58 UTC,2024-08-06 17:42:59+00:00,2024-08-06 17:42:59 UTC,0xab09ffd45e601ed7d91cb2a4856b3e7df5420b616a346fbc1855cb81a302b774,0xc2a445b6c89c124cb3b4859110dec4aba7a439dc,True,No,0.0,False,,100,2702.702702702703,2.0,0.0,-102.0,-1.0
11385,Will Hillary Clinton be the 2024 Democratic VP nominee?,democratic-vp-nominee,503188,will-hillary-clinton-be-the-2024-democratic-vp-nominee,Yes,0.06896228801235925,31186.37,2150.68,6.9%,,,,,,,,,,2026-05-28 01:01:42 UTC,2024-07-24 11:30:50+00:00,2024-07-24 11:30:50 UTC,0xe47b01da627d13b4bf21a46d8698844f9b13cbf66339ae05bf1c4ae4ba099a28,0xc2a445b6c89c124cb3b4859110dec4aba7a439dc,True,No,0.0,False,,100,1450.0678977193775,2.0,0.0,-102.0,-1.0
15586,Will  Alice Weidel be the next Chancellor of Germany?,next-chancellor-of-germany,515796,will-alice-weidel-be-the-next-chancellor-of-germany,Yes,0.03941516696430585,54534.71,2149.49,3.9%,,,,,,,,,,2026-05-28 01:04:16 UTC,2025-01-27 08:50:18+00:00,2025-01-27 08:50:18 UTC,0x51e49e351d6865f4603580e49eefdcdaa5b3987366be05fef55ae272a5d91069,0xb4c4a7db3cd5781842f7fcdc6c3b01bc0b75ee73,True,No,0.0,False,,100,2537.094415724775,2.0,0.0,-102.0,-1.0
16108,Russia x Ukraine ceasefire in 2025?,russia-x-ukraine-ceasefire-in-2025,516719,russia-x-ukraine-ceasefire-in-2025,Yes,0.03879500472459833,55244.999046,2143.23,3.9%,,,,,,,,,,2026-05-28 01:04:29 UTC,2025-12-18 10:50:08+00:00,2025-12-18 10:50:08 UTC,0x6aeb80fa393d8da1468b60c5029ac4c1f7d3a49df4f8f34f5d60a977954bf551,0x2ff1797eebc8aa658ca38c0ae55246c1cea072eb,True,No,0.0,False,,100,2577.651445331416,2.0,0.0,-102.0,-1.0
14039,Will Biden resign in 2024?,will-biden-resign-in-2024,511885,will-biden-resign-in-2024,Yes,0.025160976823529413,85000.0,2138.68,2.5%,,,,,,,,,,2026-05-28 01:03:33 UTC,2024-12-15 01:58:29+00:00,2024-12-15 01:58:29 UTC,0x3e6632abb9fa52b05e2ba746410d9c3dc23460fe37059cb6612059db3da61ca5,0x48362f4c13c94804eb5a9bd79cf6de830d930964,True,No,0.0,False,,100,3974.4084938103238,2.0,0.0,-102.0,-1.0
17140,No change in Fed interest rates after May 2025 meeting?,fed-decision-in-may-2025,519778,no-change-in-fed-interest-rates-after-may-2025-meeting,No,0.09,23619.06,2125.72,9.0%,,,,,,,,,,2026-05-28 01:04:56 UTC,2025-04-23 22:01:19+00:00,2025-04-23 22:01:19 UTC,0xf787d035febf6da0c45ffb8a7be4ad7a33d6f1b40167761ec106a069c611f5cd,0xa9ee0279edee743ed85fb293c079994a24635a28,True,Yes,0.0,False,,100,1111.111111111111,2.0,0.0,-102.0,-1.0
11599,Will Kamala Harris be the Democratic Presidential Nominee?,democratic-presidential-nominee,503844,will-kamala-harris-be-the-democratic-presidential-nomination,No,0.09,23565.45,2120.89,9.0%,,,,,,,,,,2026-05-28 01:01:51 UTC,2024-07-24 21:57:29+00:00,2024-07-24 21:57:29 UTC,0x14f5700195acdcbb0225f8ac4b748b3056b45565d6915915a14c26455269f1e0,0x65a37bca007f1db8b9d1512196ae0680b891d791,True,Yes,0.0,False,,100,1111.111111111111,2.0,0.0,-102.0,-1.0
16489,Will Trump be impeached in 2025?,will-trump-be-impeached-in-2025,517855,will-trump-be-impeached-in-2025,Yes,0.04994407878443954,42398.22,2117.54,5.0%,,,,,,,,,,2026-05-28 01:04:36 UTC,2025-09-09 04:07:24+00:00,2025-09-09 04:07:24 UTC,0xa8e55aa09ec79240b71675c390ce039b33c63be9b6f170900894e1b56adb2711,0xd40d350302b884010de067ef84e37095ef60a926,True,No,0.0,False,,100,2002.2393531694447,2.0,0.0,-102.0,-1.0
12327,Will there be a US Government shutdown? ,us-government-shutdown-before-2025,506202,us-government-shutdown-before-2025,No,0.020195439391801816,104763.22,2115.74,2.0%,,,,,,,,,,2026-05-28 01:02:35 UTC,2024-12-23 01:21:47+00:00,2024-12-23 01:21:47 UTC,0xcd4b3c7914a96a4924b4c7aba64699da27fde8b58708357e265055fdfffb011d,0xaf234c99d99a6f79f245b6ffcea866b600293f2e,True,Yes,0.0,False,,100,4951.61298845492,2.0,0.0,-102.0,-1.0
14220,Fed decreases interest rates by 25 bps after January 2025 meeting?,fed-interest-rates-january-2025,512323,fed-decreases-interest-rates-by-25-bps-after-january-2025-meeting,Yes,0.08999999996210382,23485.222221,2113.67,9.0%,,,,,,,,,,2026-05-28 01:03:49 UTC,2025-01-06 13:28:46+00:00,2025-01-06 13:28:46 UTC,0x436e481c140cf6d8c2bbfff6deb324647272eb7d6e3f11646e681e2febcdc307,0x8a65c88100c4b8dcde3dfd98770226529bfbacf4,True,No,0.0,False,,100,1111.1111115789652,2.0,0.0,-102.0,-1.0
17174,Was JFK assassination an inside job?,was-jfk-assassination-an-inside-job-march-31,519906,was-jfk-assassination-an-inside-job-march-31,Yes,0.014499996298220637,145538.657776,2110.31,1.4%,,,,,,,,,,2026-05-28 01:04:59 UTC,2025-03-19 21:09:47+00:00,2025-03-19 21:09:47 UTC,0xafd7b8103a817bd80198944ac8777ecd033bf364747a723030e6d8b5ce8e77b7,0xe1fb6e769b0075333654db2697e36d9d1be7abae,True,No,0.0,False,,100,6896.553484794439,2.0,0.0,-102.0,-1.0
16103,Weed rescheduled in 2025?,weed-rescheduled-in-2025,516714,weed-rescheduled-in-2025,Yes,0.07893679967434647,26678.66,2105.93,7.9%,,,,,,,,,,2026-05-28 01:04:25 UTC,2025-12-12 17:00:24+00:00,2025-12-12 17:00:24 UTC,0x3a810ae518eab3568b3dc1d39c7a4c2d648668ba479c4657caeeaddcc14b09a6,0xbacd00c9080a82ded56f504ee8810af732b0ab35,True,No,0.0,False,,100,1266.8362590395063,2.0,0.0,-102.0,-1.0
17140,Fed decreases interest rates by 25 bps after May 2025 meeting?,fed-decision-in-may-2025,519777,fed-decreases-interest-rates-by-25-bps-after-may-2025-meeting,Yes,0.09,23388.0,2104.92,9.0%,,,,,,,,,,2026-05-28 01:04:56 UTC,2025-04-18 17:24:34+00:00,2025-04-18 17:24:34 UTC,0x654af7717d81196f3f8e3e52083f25356f5e476772e4548c35c031b4d0d290f0,0xa49becb692927d455924583b5e3e5788246f4c40,True,No,0.0,False,,100,1111.111111111111,2.0,0.0,-102.0,-1.0
11322,Will Biden finish his term?,will-biden-complete-his-term-as-president,503013,will-biden-complete-his-term-as-president,No,0.08,26304.7,2104.38,8.0%,,,,,,,,,,2026-05-28 01:01:34 UTC,2024-12-20 23:20:53+00:00,2024-12-20 23:20:53 UTC,0x1d8da16aa108964cf2ad9f392141f689691ae686cc28bd36d38ab155a995c941,0xe72c85419a0ad89058d5cbb27081f5a6a2231ff1,True,Yes,0.0,False,,100,1250.0,2.0,0.0,-102.0,-1.0
12641,TikTok banned in the US before May 2025?,tiktok-banned-in-the-us-before-may-2025,507276,tiktok-banned-in-the-us-before-may-2025,No,0.03629239331656944,57936.658535,2102.66,3.6%,,,,,,,,,,2026-05-28 01:02:43 UTC,2025-01-19 10:15:23+00:00,2025-01-19 10:15:23 UTC,0xaf3ec38597193904f0779152473c91b655cb5f52969a1dd531e132869b70bc87,0x4219c9bbe3ee1eceb990a5a70f88aa802d774ef2,True,Yes,0.0,False,,100,2755.3983317585335,2.0,0.0,-102.0,-1.0
17405,Israel and Saudi Arabia normalize relations in 2025?,israel-and-saudi-arabia-normalize-relations-in-2025,520579,israel-and-saudi-arabia-normalize-relations-in-2025,Yes,0.09,23351.55,2101.64,9.0%,,,,,,,,,,2026-05-28 01:05:00 UTC,2025-10-28 19:14:09+00:00,2025-10-28 19:14:09 UTC,0x1ad38d773b635c5609c0953fd7f4e836ed6b1bd3beb3987d33806a16f19314c9,0x8ff6b963f9b1df3a3a5504e306302e1753e572ae,True,No,0.0,False,,100,1111.111111111111,2.0,0.0,-102.0,-1.0
10223,"2024 Balance of Power: D Prez, R Senate, R House",balance-of-power-2024-election,500638,2024-balance-of-power-democratic-presidency-republican-house-and-senate,Yes,0.041992257783185154,50038.64,2101.24,4.2%,,,,,,,,,,2026-05-28 01:01:13 UTC,2024-10-22 16:34:01+00:00,2024-10-22 16:34:01 UTC,0x9756700b7610d2c15e379bc9cb42dd69f5be734a0e1ece72960b5ec135c8b92c,0xe6a71e25c227ca55c6fa11956afcb9ea0bb4438d,True,No,0.0,False,,100,2381.391363053661,2.0,0.0,-102.0,-1.0
11322,Will Biden finish his term?,will-biden-complete-his-term-as-president,503013,will-biden-complete-his-term-as-president,No,0.07,30000.0,2100.0,7.0%,,,,,,,,,,2026-05-28 01:01:34 UTC,2024-12-02 23:41:50+00:00,2024-12-02 23:41:50 UTC,0xdfc571ca0ed756ef487f0092b798bb69a92c7a36140f8778688e170843aa03b5,0x21f90e5ff30c12f52fbb2fb220aa268f22faed12,True,Yes,0.0,False,,100,1428.5714285714284,2.0,0.0,-102.0,-1.0
11637,Will Trump and Harris debate before election?,trump-x-kamala-debate-before-election,503970,trump-x-kamala-debate-before-election,No,0.06294681353053506,33361.4981,2100.0,6.3%,,,,,,,,,,2026-05-28 01:01:51 UTC,2024-08-09 15:10:07+00:00,2024-08-09 15:10:07 UTC,0xb9eb4d47fa9ee099d89f3a6039cca578fe2b036469b452d3f720c15e9b1ca922,0x9f7867f899b97d00630e084459da5024178668a4,True,Yes,0.0,False,,100,1588.6427666666668,2.0,0.0,-102.0,-1.0
11910,GOP wins popular vote by 2-3%?,popular-vote-margin-of-victory-in-presidential-election,504678,gop-wins-popular-vote-by-2-3,Yes,0.07164041030901507,29313.06493,2100.0,7.2%,,,,,,,,,,2026-05-28 01:02:08 UTC,2024-10-21 07:08:37+00:00,2024-10-21 07:08:37 UTC,0xcae7764505b080e8fad18e2cae984e2b0862912f906a4f405098cce7a5cfe695,0xd4df65233acbe3cfbfcbe7a5bb6d6f1c70937f8e,True,No,0.0,False,,100,1395.8602354266002,2.0,0.0,-102.0,-1.0
11910,GOP wins popular vote by 1-2%?,popular-vote-margin-of-victory-in-presidential-election,504679,gop-wins-popular-vote-by-1-2,Yes,0.08999999996228572,23333.333332,2100.0,9.0%,,,,,,,,,,2026-05-28 01:02:08 UTC,2024-10-21 07:08:19+00:00,2024-10-21 07:08:19 UTC,0x257436aae9289aebe24edb7cc44336d66a864157e2ee547f170ef686abb3aaf2,0xd4df65233acbe3cfbfcbe7a5bb6d6f1c70937f8e,True,Yes,0.0,True,,100,1111.1111115767194,2.0,1111.1111115767194,1009.1111115767194,9.893246191928622
12327,Will there be a US Government shutdown? ,us-government-shutdown-before-2025,506202,us-government-shutdown-before-2025,No,0.020223513796364327,103839.521665,2100.0,2.0%,,,,,,,,,,2026-05-28 01:02:35 UTC,2024-12-21 04:45:32+00:00,2024-12-21 04:45:32 UTC,0x4eda4cc2af729a13cf8220106fc987188fa8ec8acc69edd7546393680b84876a,0xeecab1d35be7478c1a67ee58d4ed83e2a9cd9826,True,Yes,0.0,False,,100,4944.739129259399,2.0,0.0,-102.0,-1.0
17792,Fed decreases interest rates by 25 bps after June 2025 meeting?,fed-decision-in-june,521835,fed-decreases-interest-rates-by-25-bps-after-june-2025-meeting,Yes,0.02082802873216262,100825.672271,2100.0,2.1%,,,,,,,,,,2026-05-28 01:05:09 UTC,2025-06-16 09:40:25+00:00,2025-06-16 09:40:25 UTC,0x3f2e2b04207a3094ac5a7d48cd3e52e19068945e64df2809b8fc3306bd84d743,0x7a3cb7044e68214588d169fe1d43e247817cdd96,True,No,0.0,False,,100,4801.222491381534,2.0,0.0,-102.0,-1.0
16108,Russia x Ukraine ceasefire in 2025?,russia-x-ukraine-ceasefire-in-2025,516719,russia-x-ukraine-ceasefire-in-2025,Yes,0.07,29983.1,2098.82,7.0%,,,,,,,,,,2026-05-28 01:04:33 UTC,2025-11-07 17:52:23+00:00,2025-11-07 17:52:23 UTC,0xbf466598e2560e69ca21c0f2c1617ecee382af88be8e41d95ef2712c69012348,0x576ded3808e7bff5adad7e6729748ee6636972ed,True,No,0.0,False,,100,1428.5714285714284,2.0,0.0,-102.0,-1.0
5853,[Single Market] Will Robert F. Kennedy Jr. win the U.S. 2024 Democratic presidential nomination?,who-will-win-the-us-2024-democratic-presidential-nomination,250482,will-robert-f-kennedy-jr-win-the-us-2024-democratic-presidential-nomination,Yes,0.08393757323465895,24907.439165,2090.67,8.4%,,,2433.88084,,,,1.505593,,1388.602365,2026-05-28 01:01:09 UTC,2023-07-13 12:49:51+00:00,2023-07-13 12:49:51 UTC,0xad8e045388c4c49713e9ca3f3898e7a8dd24f44a0be59f3c4900f20700e1a702,0x37e4728b3c4607fb2b3b205386bb1d1fb1a8c991,True,No,0.0,False,,100,1191.3615815462801,2.0,0.0,-102.0,-1.0
11696,No change in Fed interest rates after 2024 September meeting?,fed-interest-rates-september-2024,504071,no-change-in-fed-interest-rates-after-2024-september-meeting,Yes,0.017561851204679665,118787.591051,2086.13,1.8%,,,,,,,,,,2026-05-28 01:01:54 UTC,2024-09-17 13:27:28+00:00,2024-09-17 13:27:28 UTC,0x0a7a3e7fcc1c5f77b67cfe85afdf7cac300dfc37eac425abdbc666e0d90f1fde,0x737868ef520c3b4f4c38d76f97ca87df8a3112dc,True,No,0.0,False,,100,5694.160532082929,2.0,0.0,-102.0,-1.0
17140,Fed decreases interest rates by 25 bps after May 2025 meeting?,fed-decision-in-may-2025,519777,fed-decreases-interest-rates-by-25-bps-after-may-2025-meeting,Yes,0.09361836849371385,22280.76,2085.89,9.4%,,,,,,,,,,2026-05-28 01:04:56 UTC,2025-04-26 00:18:22+00:00,2025-04-26 00:18:22 UTC,0xe00f3feb2c0b7e1d8c80ca7f10f1f7fc00fc39a9e8b3ed114341c9a166c6cace,0x3b5d93e768e79c0974ac0f7d210237988120cc80,True,No,0.0,False,,100,1068.1664464887,2.0,0.0,-102.0,-1.0
17505,Jerome Powell out as Fed Chair in 2025?,will-trump-remove-jerome-powell,520930,will-trump-remove-jerome-powell,Yes,0.03999506539598373,52081.18,2082.99,4.0%,,,,,,,,,,2026-05-28 01:05:02 UTC,2025-10-29 18:59:07+00:00,2025-10-29 18:59:07 UTC,0xfbdf1367373d1a33b6149f0348d8aa04d38adbdf09b2ba636cda9b5989ce0fbd,0x889e7f0464c72eb8cda1525ebc12b6aaba9d09e0,True,No,0.0,False,,100,2500.308450803081,2.0,0.0,-102.0,-1.0
14188,Trump ends Ukraine war before inauguration?,trump-ends-ukraine-war-before-inauguration,512205,trump-ends-ukraine-war-before-inauguration,Yes,0.07018562159837777,29650.375,2081.03,7.0%,,,,,,,,,,2026-05-28 01:03:41 UTC,2024-11-26 04:32:35+00:00,2024-11-26 04:32:35 UTC,0xbe0187eb5ff173ea4e72d2692fb978368d63f3495c4626dc88814bbb08edd983,0x471670e4adc4c0b6bed99747c56ae140bdf95b50,True,No,0.0,False,,100,1424.7932514187685,2.0,0.0,-102.0,-1.0
10223,"2024 Balance of Power: D Prez, R Senate, R House",balance-of-power-2024-election,500638,2024-balance-of-power-democratic-presidency-republican-house-and-senate,Yes,0.0519745015,40000.0,2078.98,5.2%,,,,,,,,,,2026-05-28 01:01:13 UTC,2024-10-25 13:20:51+00:00,2024-10-25 13:20:51 UTC,0x9bb4ecdd7d45c96486d28a630a292de3d2be1d3aa9112a393226722706d412f0,0x9623fd16b4f3d20d2c6ae9585570fc3e7f538cdf,True,No,0.0,False,,100,1924.0203775691816,2.0,0.0,-102.0,-1.0
16589,Will Labour win the most seats in the next Australian parliamentary election?,australia-parliamentary-election-winner,518209,will-labour-win-the-most-seats-in-the-next-australian-parliamentary-election,No,0.04945901251188346,41938.53,2074.24,4.9%,,,,,,,,,,2026-05-28 01:04:44 UTC,2025-05-01 21:49:58+00:00,2025-05-01 21:49:58 UTC,0x79c7914c545a5b8e8a00fcd4a90e7a47008e285b3349e475d80bc9ad338e983b,0x767816781ed31e7eda8656a2adc14a1a9a48e5f0,True,Yes,0.0,False,,100,2021.876194474629,2.0,0.0,-102.0,-1.0
11696,No change in Fed interest rates after 2024 September meeting?,fed-interest-rates-september-2024,504071,no-change-in-fed-interest-rates-after-2024-september-meeting,Yes,0.04944697070312205,41795.887,2066.68,4.9%,,,,,,,,,,2026-05-28 01:01:55 UTC,2024-09-05 07:50:18+00:00,2024-09-05 07:50:18 UTC,0xa190c78bff61dc7a59ebab4c8d75cc63bfdbbf770a6563ae2ebd0bbb715c5e23,0x2373809dadc2c73d05038df89e9399560f445b7f,True,No,0.0,False,,100,2022.3685814930227,2.0,0.0,-102.0,-1.0
13464,"Will there be 150,000,000-155,000,000 votes cast in the U.S. Presidential Election?",turnout-in-2024-presidential-election,510524,will-there-be-150000000-155000000-votes-cast-in-the-us-presidential-election,Yes,0.09052087464319339,22828.546533,2066.46,9.1%,,,,,,,,,,2026-05-28 01:03:02 UTC,2024-11-18 12:28:12+00:00,2024-11-18 12:28:12 UTC,0x2c8fc260e473afac5526e1e363c86c918cfb83342fc0e574152005c96b64fe5d,0x84594918c0fc3ae7fb971100b1dce00384a10333,True,No,0.0,False,,100,1104.717562597252,2.0,0.0,-102.0,-1.0
17413,Will China invade Taiwan in 2025?,will-china-invade-taiwan-in-2025,520630,will-china-invade-taiwan-in-2025,Yes,0.09,22889.6,2060.06,9.0%,,,,,,,,,,2026-05-28 01:05:00 UTC,2025-07-02 14:33:33+00:00,2025-07-02 14:33:33 UTC,0xa34cc5ddc06f3bee4f409ee3612475d24c7f081b27bab259a72cd702ecf519cd,0x19c1abc026438dac1fe1a6c112591f9b96fd708f,True,No,0.0,False,,100,1111.111111111111,2.0,0.0,-102.0,-1.0
14039,Will Biden resign in 2024?,will-biden-resign-in-2024,511885,will-biden-resign-in-2024,Yes,0.03491529332809505,58976.11,2059.17,3.5%,,,,,,,,,,2026-05-28 01:03:33 UTC,2024-12-08 06:31:19+00:00,2024-12-08 06:31:19 UTC,0x031623886d239708b79156c23600a2bf2351c76f718825ee0045d463ee63f9e8,0x48362f4c13c94804eb5a9bd79cf6de830d930964,True,No,0.0,False,,100,2864.0744633107142,2.0,0.0,-102.0,-1.0
16103,Weed rescheduled in 2025?,weed-rescheduled-in-2025,516714,weed-rescheduled-in-2025,Yes,0.07083452465011109,28976.34,2052.53,7.1%,,,,,,,,,,2026-05-28 01:04:25 UTC,2025-12-17 14:58:58+00:00,2025-12-17 14:58:58 UTC,0x680eb85126071410b81e4b54e8feeb13ce064fbd1b5414fa312b0271b45d8ac9,0x7523cafcee7bcf2db9a79d80e0d79b88a9a54c4c,True,No,0.0,False,,100,1411.7409623901976,2.0,0.0,-102.0,-1.0
11696,Fed decreases interest rates by 50+ bps after September 2024 meeting?,fed-interest-rates-september-2024,504069,fed-decreases-interest-rates-by-50-bps-after-september-2024-meeting,Yes,0.08,25639.01,2051.12,8.0%,,,,,,,,,,2026-05-28 01:01:55 UTC,2024-09-12 17:00:36+00:00,2024-09-12 17:00:36 UTC,0x18a0412544ff5969e62168be0365510fc2ef7d919888831b03fa3a56f98f48fd,0xd1acd3925d895de9aec98ff95f3a30c5279d08d5,True,Yes,0.0,True,,100,1250.0,2.0,1250.0,1148.0,11.254901960784315
10223,"2024 Balance of Power: D Prez, R Senate, R House",balance-of-power-2024-election,500638,2024-balance-of-power-democratic-presidency-republican-house-and-senate,Yes,0.04095056,50000.0,2047.53,4.1%,,,,,,,,,,2026-05-28 01:01:13 UTC,2024-10-22 22:42:46+00:00,2024-10-22 22:42:46 UTC,0x710c973be430719388711577dd2141e98a5ba8ac80b180a53bd0c28b0c905f6b,0x5431a20c76d561eced1b492c18a2a7229bf447e1,True,No,0.0,False,,100,2441.9690475539287,2.0,0.0,-102.0,-1.0
10223,"2024 Balance of Power: R Prez, D Senate, D House",balance-of-power-2024-election,500639,2024-balance-of-power-republican-presidency-democratic-house-and-senate,Yes,0.011873227938534207,172152.005384,2044.0,1.2%,,,,,,,,,,2026-05-28 01:01:15 UTC,2024-10-22 08:26:56+00:00,2024-10-22 08:26:56 UTC,0x67be0fefeb86d0c0131f274f8d602c7f2b53f60285ee148ebf83bfbe987934f1,0xb6a26c0bbabda8a14352dd2d503de763dddb6aad,True,No,0.0,False,,100,8422.309461056751,2.0,0.0,-102.0,-1.0
16108,Russia x Ukraine ceasefire in 2025?,russia-x-ukraine-ceasefire-in-2025,516719,russia-x-ukraine-ceasefire-in-2025,Yes,0.09,22700.0,2043.0,9.0%,,,,,,,,,,2026-05-28 01:04:31 UTC,2025-12-01 19:20:56+00:00,2025-12-01 19:20:56 UTC,0x97739b2994147409232921191f2495e1e75922be9a7ead0f791dd175ea1e45cd,0x0a854897a06d4999e5b2dde5693609f1428ffe9d,True,No,0.0,False,,100,1111.111111111111,2.0,0.0,-102.0,-1.0
17792,Fed decreases interest rates by 25 bps after June 2025 meeting?,fed-decision-in-june,521835,fed-decreases-interest-rates-by-25-bps-after-june-2025-meeting,Yes,0.02473785942853972,82529.27,2041.6,2.5%,,,,,,,,,,2026-05-28 01:05:09 UTC,2025-06-13 00:09:03+00:00,2025-06-13 00:09:03 UTC,0x2553daff51c5a0f05f07314709ae9e7a5e1b27dc0f07735a183a941434248da4,0x24b1e0c01d30b6e02a4de1ee82011a69893248ee,True,No,0.0,False,,100,4042.3869449525378,2.0,0.0,-102.0,-1.0
10656,Will a Republican win the popular vote and a Democrat win the Presidency?,which-party-wins-presidency-popular-vote,501588,will-a-republican-win-the-popular-vote-and-a-democrat-win-the-presidency,Yes,0.024,85000.0,2040.0,2.4%,,,,,,,,,,2026-05-28 01:01:23 UTC,2024-10-25 15:49:37+00:00,2024-10-25 15:49:37 UTC,0xa784f7307d7e98daee88f730a784eefc6a41b5728a098e61edb98d9e1799b0d0,0x53e55bc7cb3d67ad177c023ce891ad076a9d6177,True,No,0.0,False,,100,4166.666666666667,2.0,0.0,-102.0,-1.0
13572,Will ≥2% of votes go to 3rd Party candidates?,will-2-of-votes-go-to-3rd-party-candidates-in-us-election,510340,will-2-of-votes-go-to-3rd-party-candidates-in-us-election,No,0.028983227920459098,70369.33,2039.53,2.9%,,,,,,,,,,2026-05-28 01:03:08 UTC,2024-12-04 22:37:01+00:00,2024-12-04 22:37:01 UTC,0xbed631ed47d43960105f7db3d399a16db20db3421cd534ffcc8b1ceebcfe1a97,0x178035278844d52431f6dd8b160be782238db567,True,Yes,0.0,False,,100,3450.271318102928,2.0,0.0,-102.0,-1.0
11696,No change in Fed interest rates after 2024 September meeting?,fed-interest-rates-september-2024,504071,no-change-in-fed-interest-rates-after-2024-september-meeting,Yes,0.07688680671568722,26523.57,2039.31,7.7%,,,,,,,,,,2026-05-28 01:01:55 UTC,2024-08-20 10:03:13+00:00,2024-08-20 10:03:13 UTC,0x142830181f8f71d2b2ba481d40c67e80ac950a45c5043c4a2cf5ad4cec51f9a4,0xf13d8deb2d7e279c732d06ce97901e28ec5c72fd,True,No,0.0,False,,100,1300.613255662717,2.0,0.0,-102.0,-1.0
12641,TikTok banned in the US before May 2025?,tiktok-banned-in-the-us-before-may-2025,507276,tiktok-banned-in-the-us-before-may-2025,No,0.07655283358012477,26580.074229,2034.78,7.7%,,,,,,,,,,2026-05-28 01:02:43 UTC,2025-01-19 19:32:49+00:00,2025-01-19 19:32:49 UTC,0x15fdbe66a4d3aa83e4ac09d12372426eb6f4d02e46d737467436655e50c66e38,0x7dceef1b6ec998dcc333ee5e7dcd37f39b067e18,True,Yes,0.0,False,,100,1306.2873746578437,2.0,0.0,-102.0,-1.0
13551,Trump ends Ukraine war in first 90 days?,trump-wins-ends-ukraine-war-in-90-days,510319,trump-wins-ends-ukraine-war-in-90-days,Yes,0.04445461733816795,45748.903506,2033.75,4.4%,,,,,,,,,,2026-05-28 01:03:04 UTC,2025-04-19 16:51:00+00:00,2025-04-19 16:51:00 UTC,0x14bab8bdb5c0e9b4cc765ecf063f2c27f104fc0222a5870f1ae6a95e0ed8115a,0x409ee1273ec1d1f3a499becead269db55b3c6458,True,No,0.0,False,,100,2249.4851151073067,2.0,0.0,-102.0,-1.0
14874,Will Rafał Trzaskowski be the next President of Poland?,poland-presidential-election,514139,will-rafa-trzaskowski-be-the-next-president-of-poland,Yes,0.08916997568122424,22765.510302,2030.0,8.9%,,,,,,,,,,2026-05-28 01:04:01 UTC,2025-06-01 23:00:59+00:00,2025-06-01 23:00:59 UTC,0x50531f9f4f672f990527307695aa18910c81f04549f6af0321b590abe3ba6502,0xf05b0378e3435671676559cd23a4bdfea7771b9d,True,No,0.0,False,,100,1121.453709458128,2.0,0.0,-102.0,-1.0
10169,Will a Democrat win New Mexico Presidential Election?,new-mexico-presidential-election-winner-2024,500511,will-a-democrat-win-new-mexico-presidential-election,No,0.09,22533.84,2028.05,9.0%,,,,,,,,,,2026-05-28 01:01:16 UTC,2024-08-20 19:35:27+00:00,2024-08-20 19:35:27 UTC,0xc4300bb37a0ef2b24b1f5e4410ea77b952c4022048bc8db6357884e9f7c8aa45,0x79f293c48f651baa31c8086a228102f57b127620,True,Yes,0.0,False,,100,1111.111111111111,2.0,0.0,-102.0,-1.0
17174,Was JFK assassination an inside job?,was-jfk-assassination-an-inside-job-march-31,519906,was-jfk-assassination-an-inside-job-march-31,Yes,0.048562905596582065,41657.309713,2023.0,4.9%,,,,,,,,,,2026-05-28 01:04:59 UTC,2025-02-03 22:54:24+00:00,2025-02-03 22:54:24 UTC,0x53d233683b8ddb99e1867e6b7763c793ae58dce3a80cb58d050963f602abd364,0x6b558b622572a44f6520472bae1423a902d97dba,True,No,0.0,False,,100,2059.184860780615,2.0,0.0,-102.0,-1.0
11696,No change in Fed interest rates after 2024 September meeting?,fed-interest-rates-september-2024,504071,no-change-in-fed-interest-rates-after-2024-september-meeting,Yes,0.0369890195615111,54656.62875,2021.7,3.7%,,,,,,,,,,2026-05-28 01:01:55 UTC,2024-09-07 02:51:25+00:00,2024-09-07 02:51:25 UTC,0x1b2dcd34d8a7f28c272864227065bc4dc319492c9fbe47b8167d9080b1d368cd,0x2373809dadc2c73d05038df89e9399560f445b7f,True,No,0.0,False,,100,2703.5050181231336,2.0,0.0,-102.0,-1.0
15586,Will Friedrich Merz be the next Chancellor of Germany?,next-chancellor-of-germany,515766,will-friedrich-merz-be-the-next-chancellor-of-germany,No,0.09328345997042628,21546.156185,2009.9,9.3%,,,,,,,,,,2026-05-28 01:04:16 UTC,2025-05-02 22:11:03+00:00,2025-05-02 22:11:03 UTC,0xe729e97737bdc237a02f77ced8cb9a3a92c54f500b12c60d759305cdca545a99,0xada2c65b8bf6a8562eb837646c823ebf9dfe408d,True,Yes,0.0,False,,100,1072.0014033752936,2.0,0.0,-102.0,-1.0
11639,Will Biden resign before the election?,biden-resigns-from-presidency-before-election,503972,biden-resigns-from-presidency-before-election,Yes,0.08,25086.73,2006.94,8.0%,,,,,,,,,,2026-05-28 01:01:51 UTC,2024-08-26 20:42:07+00:00,2024-08-26 20:42:07 UTC,0x9c3fb4f06a2f75881dde90702a73ed1571343be341c5dbbeca0dcc27b2fe97e0,0x926580d1b5264b727e2a023807602938e9c8bff9,True,No,0.0,False,,100,1250.0,2.0,0.0,-102.0,-1.0
11599,Will Kamala Harris be the Democratic Presidential Nominee?,democratic-presidential-nominee,503844,will-kamala-harris-be-the-democratic-presidential-nomination,No,0.061581017485674974,32553.375713,2004.67,6.2%,,,,,,,,,,2026-05-28 01:01:51 UTC,2024-07-26 03:34:45+00:00,2024-07-26 03:34:45 UTC,0x48961937012918e3018c73186bdacedd165ec20f69aa70f0e9997623d7ec0386,0xbd0ade6b5f7469bafaa5be7cd80b4bfb9db063ab,True,Yes,0.0,False,,100,1623.8770335885092,2.0,0.0,-102.0,-1.0
12647,Will there be a 269-269 tie in Electoral College?,us-presidential-election-ends-in-electoral-college-tie,507282,us-presidential-election-ends-in-electoral-college-tie,Yes,0.08162451639177357,24555.0,2004.29,8.2%,,,,,,,,,,2026-05-28 01:02:46 UTC,2024-11-05 23:03:10+00:00,2024-11-05 23:03:10 UTC,0xb170785c050166d2aadc2f921d2326902959de962d0ab2117658adb004e03b09,0xe083537d22ac9903b616bb10e731285f8224fcb5,True,No,0.0,False,,100,1225.1221130674703,2.0,0.0,-102.0,-1.0
17140,Fed decreases interest rates by 25 bps after May 2025 meeting?,fed-decision-in-may-2025,519777,fed-decreases-interest-rates-by-25-bps-after-may-2025-meeting,Yes,0.024436287836424934,81941.2512,2002.34,2.4%,,,,,,,,,,2026-05-28 01:04:55 UTC,2025-05-04 09:41:05+00:00,2025-05-04 09:41:05 UTC,0x37d1a061dada9643c0eb755888d6d26e397187e3fe5d8a6f193caf25f2cf9389,0x33b0c4138f5029f753e4e78a8916110b559bc559,True,No,0.0,False,,100,4092.274598719498,2.0,0.0,-102.0,-1.0
11913,Will Israel invade Lebanon before November?,will-israel-enter-lebanon-before-November,504664,will-israel-enter-lebanon-before-November,No,0.0830307055729392,24097.711626,2000.85,8.3%,,,,,,,,,,2026-05-28 01:02:08 UTC,2024-10-05 00:14:19+00:00,2024-10-05 00:14:19 UTC,0xe8f701ba432e82b880594fee49a091423a1d754954c6f1aaf22d3eb562879160,0xc1169aa5871fd054a8fbd661d79184614b5d6f0a,True,Yes,0.0,False,,100,1204.373723069882,2.0,0.0,-102.0,-1.0
14220,No change in Fed interest rates after January 2025 meeting?,fed-interest-rates-january-2025,512324,no-change-in-fed-interest-rates-after-january-2025-meeting,No,0.015989422100482365,125090.19941,2000.12,1.6%,,,,,,,,,,2026-05-28 01:03:46 UTC,2025-01-25 03:34:27+00:00,2025-01-25 03:34:27 UTC,0xc8234a5169c1c4290f7c9452a79a7998065efc9a3947b69ed8ed61ed6abbd689,0x764adde7cc34ef672ed785eca6d30380a5d546a7,True,Yes,0.0,False,,100,6254.134725543535,2.0,0.0,-102.0,-1.0
14220,Fed decreases interest rates by 25 bps after January 2025 meeting?,fed-interest-rates-january-2025,512323,fed-decreases-interest-rates-by-25-bps-after-january-2025-meeting,Yes,0.016684419917289046,119877.1075,2000.08,1.7%,,,,,,,,,,2026-05-28 01:03:48 UTC,2025-01-21 09:56:40+00:00,2025-01-21 09:56:40 UTC,0x0d46301c2759c9e8ee5044a5741f446d90fe42ea12aa19d3659062d11a41b618,0x3057fb167fe7ebe89c554456a6550dd915755bcf,True,No,0.0,False,,100,5993.615630374785,2.0,0.0,-102.0,-1.0
10223,"2024 Balance of Power: R Prez, D Senate, D House",balance-of-power-2024-election,500639,2024-balance-of-power-republican-presidency-democratic-house-and-senate,Yes,0.012574111077225551,159056.969333,2000.0,1.3%,,,,,,,,,,2026-05-28 01:01:13 UTC,2024-11-04 13:45:58+00:00,2024-11-04 13:45:58 UTC,0x994308039a004b2b8b4f730474cd4561e56a0abf6f17e6ce303383acf77b1a6c,0x0e74d70b99f3cfa4d8b7895c8ea1f8b0d87571bb,True,No,0.0,False,,100,7952.84846665,2.0,0.0,-102.0,-1.0
10223,"2024 Balance of Power: R Prez, D Senate, R House",balance-of-power-2024-election,500636,2024-balance-of-power-republican-presidency-and-house-democratic-senate,Yes,0.013126500002586331,152363.539375,2000.0,1.3%,,,,,,,,,,2026-05-28 01:01:15 UTC,2024-10-22 08:26:34+00:00,2024-10-22 08:26:34 UTC,0x94756eb7fe063e23163387b6c0cbbe26e9902e7b6db4d6abe66842a79fbeda43,0xb6a26c0bbabda8a14352dd2d503de763dddb6aad,True,No,0.0,False,,100,7618.176968749999,2.0,0.0,-102.0,-1.0
10995,Biden drops out by July 4? ,biden-drops-out-after-debate,502223,biden-drops-out-after-debate,Yes,0.0999494878276901,20010.10754,2000.0,10.0%,,,,,,,,,,2026-05-28 01:01:30 UTC,2024-07-03 14:43:51+00:00,2024-07-03 14:43:51 UTC,0x4d2479e0f01648507729f329ba218e53547656450dcc195395e67708a2de32a6,0xd352f30eed085d974d01430fc919b1702acd4ad6,True,No,0.0,False,,100,1000.5053770000001,2.0,0.0,-102.0,-1.0
11143,Will Trump launch a coin before the election?,will-trump-launch-a-coin-before-the-election,502571,will-trump-launch-a-coin-before-the-election,No,0.014193345339021222,140911.106665,2000.0,1.4%,,,,,,,,,,2026-05-28 01:01:31 UTC,2024-10-16 16:01:13+00:00,2024-10-16 16:01:13 UTC,0xf1e76f42878349c058f5980c1550fb3dc7b31fab153ca16e6882de85f2b738c3,0xac48889c65afb64279f12ee3386c0986ba8ab40c,True,Yes,0.0,False,,100,7045.555336772778,2.0,0.0,-102.0,-1.0
11322,Will Biden finish his term?,will-biden-complete-his-term-as-president,503013,will-biden-complete-his-term-as-president,No,0.08999999995995,22222.222221,2000.0,9.0%,,,,,,,,,,2026-05-28 01:01:35 UTC,2024-11-14 23:25:24+00:00,2024-11-14 23:25:24 UTC,0x78f0658c64c176be936b0beaaf4e655c8b5025c7e49df980451d743c021c9a1f,0x765b0974bb298a7dbc3c0960b4b95aa8834cc9a7,True,Yes,0.0,False,,100,1111.1111116055554,2.0,0.0,-102.0,-1.0
11321,Will Biden announce resignation by July 31?,will-biden-resign-by-july-31,503011,will-biden-resign-by-july-31,Yes,0.06896551724137931,29000.0,2000.0,6.9%,,,,,,,,,,2026-05-28 01:01:36 UTC,2024-07-21 18:49:05+00:00,2024-07-21 18:49:05 UTC,0xe9e600eb9cf449bdff376a8945063975bf23cd66a4e1c7348f8bc8d8bf37cff3,0xa1da37f329911afdced09cc4f4a8ec8afb2c8f6a,True,No,0.0,False,,100,1450.0,2.0,0.0,-102.0,-1.0
11321,Will Biden announce resignation by July 31?,will-biden-resign-by-july-31,503011,will-biden-resign-by-july-31,Yes,0.0649999999701,30769.230768,2000.0,6.5%,,,,,,,,,,2026-05-28 01:01:36 UTC,2024-07-18 23:24:02+00:00,2024-07-18 23:24:02 UTC,0xcd28869aea60404f869a434548a0c0be005a7df78c9c437dcebe2c8cdb4eb930,0x11946fe31f32a34e7cc294dfd7c0835deb03fae4,True,No,0.0,False,,100,1538.4615391692307,2.0,0.0,-102.0,-1.0
11321,Will Biden announce resignation by July 31?,will-biden-resign-by-july-31,503011,will-biden-resign-by-july-31,Yes,0.09680589639274732,20659.898555,2000.0,9.7%,,,,,,,,,,2026-05-28 01:01:36 UTC,2024-07-18 06:07:49+00:00,2024-07-18 06:07:49 UTC,0xfd4525d5ebe06782610e3f6acd64558847ed2a8db46419a1ea1fc6097ab2fccb,0xa1da37f329911afdced09cc4f4a8ec8afb2c8f6a,True,No,0.0,False,,100,1032.9949282664975,2.0,0.0,-102.0,-1.0
11385,Will J. B. Pritzker be the 2024 Democratic VP nominee?,democratic-vp-nominee,503185,will-j-b-pritzker-be-the-2024-democratic-vp-nominee,Yes,0.01797975106493568,111236.245306,2000.0,1.8%,,,,,,,,,,2026-05-28 01:01:40 UTC,2024-08-01 19:26:07+00:00,2024-08-01 19:26:07 UTC,0xdc1841a8a0af50584b31a6b1fbf7ed3c91a2a62ccfdafd10db47888f51f4b496,0xc6587b11a2209e46dfe3928b31c5514a8e33b784,True,No,0.0,False,,100,5561.8122653,2.0,0.0,-102.0,-1.0
11385,Will Roy Cooper be the 2024 Democratic VP nominee?,democratic-vp-nominee,503189,will-roy-cooper-be-the-2024-democratic-vp-nominee,Yes,0.0719328269681923,27803.7175,2000.0,7.2%,,,,,,,,,,2026-05-28 01:01:42 UTC,2024-07-28 21:21:36+00:00,2024-07-28 21:21:36 UTC,0x21829f0c0a3e02e21049b04f46365e8117c26a369ca8ab5f34564afee323778b,0x02f5da9b238303282d545be2b6c660c3aeac18a3,True,No,0.0,False,,100,1390.185875,2.0,0.0,-102.0,-1.0
11385,Will Pete Buttigieg be the 2024 Democratic VP nominee?,democratic-vp-nominee,503175,will-pete-buttigieg-be-the-2024-democratic-vp-nomination,Yes,0.08306069732304384,24078.7769,2000.0,8.3%,,,,,,,,,,2026-05-28 01:01:42 UTC,2024-07-25 18:56:54+00:00,2024-07-25 18:56:54 UTC,0x86d2f3e33a9e66b0de0c4b6a88ff900d8ac8eaa0bc0073cef9d31dff2a0afa97,0x718f32a3d14036c8be621301c5ce9885f7f34814,True,No,0.0,False,,100,1203.9388450000001,2.0,0.0,-102.0,-1.0
11468,Trump wins every swing state?,trump-wins-every-swing-state,503385,trump-wins-every-swing-state,No,0.06339530835933291,31548.075887,2000.0,6.3%,,,,,,,,,,2026-05-28 01:01:44 UTC,2024-11-06 07:38:51+00:00,2024-11-06 07:38:51 UTC,0xdaeab610b0f7c94713ad28380df691eb00b0ee2841a58240b1a82c55f3970580,0x2d866b7571ea7daec21ce8a320a1fe11083e162c,True,Yes,0.0,False,,100,1577.4037951387018,2.0,0.0,-102.0,-1.0
11468,Trump wins every swing state?,trump-wins-every-swing-state,503385,trump-wins-every-swing-state,No,0.08414136034618784,23769.523,2000.0,8.4%,,,,,,,,,,2026-05-28 01:01:44 UTC,2024-11-06 06:42:01+00:00,2024-11-06 06:42:01 UTC,0x7de2d923b2b04b0d84112abb8e7e99b1fea647f81841e3f278fc13fcf0cdaf89,0x2d866b7571ea7daec21ce8a320a1fe11083e162c,True,Yes,0.0,False,,100,1188.4761500000002,2.0,0.0,-102.0,-1.0
11639,Will Biden resign before the election?,biden-resigns-from-presidency-before-election,503972,biden-resigns-from-presidency-before-election,Yes,0.05,40000.0,2000.0,5.0%,,,,,,,,,,2026-05-28 01:01:51 UTC,2024-09-03 19:20:32+00:00,2024-09-03 19:20:32 UTC,0xfa359b8c3c8f73d8c95f5f960a93052d5a8df69bfcbe8a802b956130bad7ccbd,0x737147dd2536b5b3317da2c7f10258de63260ce4,True,No,0.0,False,,100,2000.0,2.0,0.0,-102.0,-1.0
11696,No change in Fed interest rates after 2024 September meeting?,fed-interest-rates-september-2024,504071,no-change-in-fed-interest-rates-after-2024-september-meeting,Yes,0.01500000000015,133333.333332,2000.0,1.5%,,,,,,,,,,2026-05-28 01:01:54 UTC,2024-09-18 07:50:40+00:00,2024-09-18 07:50:40 UTC,0x9488e0f63aee97899ed8124e9ece58b13562a80aa2da129d565058d2c8554005,0x3cae6c30156babb20c8dc6095b747c47a33abc57,True,No,0.0,False,,100,6666.6666666,2.0,0.0,-102.0,-1.0
11696,No change in Fed interest rates after 2024 September meeting?,fed-interest-rates-september-2024,504071,no-change-in-fed-interest-rates-after-2024-september-meeting,Yes,0.01811959470454567,110377.744735,2000.0,1.8%,,,,,,,,,,2026-05-28 01:01:54 UTC,2024-09-15 20:20:19+00:00,2024-09-15 20:20:19 UTC,0x0d67cdfc303eda3776797ed33aea4cd3b5bfd43cebca87091f8c827bf39cfac7,0x410005f9ad15667d651f1175e85f79ceb6f40609,True,No,0.0,False,,100,5518.887239509444,2.0,0.0,-102.0,-1.0
11696,No change in Fed interest rates after 2024 September meeting?,fed-interest-rates-september-2024,504071,no-change-in-fed-interest-rates-after-2024-september-meeting,Yes,0.02417359273538672,82734.9092,2000.0,2.4%,,,,,,,,,,2026-05-28 01:01:55 UTC,2024-09-08 10:11:57+00:00,2024-09-08 10:11:57 UTC,0x736a12766f4186f1d4fe0efa66a313988902023c927724f429a634ef61496725,0x2373809dadc2c73d05038df89e9399560f445b7f,True,No,0.0,False,,100,4136.74546,2.0,0.0,-102.0,-1.0
11696,No change in Fed interest rates after 2024 September meeting?,fed-interest-rates-september-2024,504071,no-change-in-fed-interest-rates-after-2024-september-meeting,Yes,0.05811820634469576,34412.624284,2000.0,5.8%,,,,,,,,,,2026-05-28 01:01:55 UTC,2024-08-14 18:40:17+00:00,2024-08-14 18:40:17 UTC,0x1eddc8577364ebd83dfd37c5bbb2e1164e65d4a35f0bb100b1f52882e82da585,0x8ca5712e00cd8bab6d0accab3d8b524668e976bf,True,No,0.0,False,,100,1720.6312150603155,2.0,0.0,-102.0,-1.0
11696,No change in Fed interest rates after 2024 September meeting?,fed-interest-rates-september-2024,504071,no-change-in-fed-interest-rates-after-2024-september-meeting,Yes,0.06032400074626025,33154.299686,2000.0,6.0%,,,,,,,,,,2026-05-28 01:01:55 UTC,2024-08-11 04:14:35+00:00,2024-08-11 04:14:35 UTC,0xfc7cb94d4b93752aae8bb5f7bc148dc6659cf6ac24c37cc768869fad59bc5341,0xa1fe6ccb33402cc9878ed348fa086564bad7c728,True,No,0.0,False,,100,1657.7149851288575,2.0,0.0,-102.0,-1.0
11827,Fed decreases interest rates by 50 bps after November 2024 meeting?,fed-interest-rates-november-2024,504491,fed-decreases-interest-rates-by-50-bps-after-november-2024-meeting,Yes,0.04632340149105394,43174.7224,2000.0,4.6%,,,,,,,,,,2026-05-28 01:02:03 UTC,2024-11-06 13:30:35+00:00,2024-11-06 13:30:35 UTC,0xd9f89f958a7cb2f0c7ca5efbdaa24bf9d8a803c022c4ccf2c7d928ffff2c403e,0x2b7cd6f355452c0df63f0e42e8685e367f5b74c2,True,No,0.0,False,,100,2158.73612,2.0,0.0,-102.0,-1.0
11910,Democrats win popular vote by 4-5%?,popular-vote-margin-of-victory-in-presidential-election,504703,democrats-win-popular-vote-by-4-5,Yes,0.08,25000.0,2000.0,8.0%,,,,,,,,,,2026-05-28 01:02:06 UTC,2024-10-29 14:25:52+00:00,2024-10-29 14:25:52 UTC,0xa4d146a017ded6792ffc3c80f6c026407428a0e97e471b3e66acc49874338da2,0xe0dbdb7f005f233f4510e4ef7e53a2f76a8df44e,True,No,0.0,False,,100,1250.0,2.0,0.0,-102.0,-1.0
11910,GOP wins popular vote by 7% or more?,popular-vote-margin-of-victory-in-presidential-election,504666,gop-wins-popular-vote-by-more-than-7,Yes,0.035756222422122105,55934.320337,2000.0,3.6%,,,,,,,,,,2026-05-28 01:02:08 UTC,2024-10-24 05:16:57+00:00,2024-10-24 05:16:57 UTC,0x9b08d7c488764b45176283bde4feaa88289303602dd991fb6004f3a2d0d5bb00,0x2aa2b63b0010124807c7d805d239ddaf9493ff66,True,No,0.0,False,,100,2796.716018248358,2.0,0.0,-102.0,-1.0
11889,Harris-Walz Democratic ticket on election day?,harris-walz-final-democratic-ticket,504603,harris-walz-final-democratic-ticket,No,0.07524459060433958,26579.983796,2000.0,7.5%,,,,,,,,,,2026-05-28 01:02:10 UTC,2024-08-17 12:43:25+00:00,2024-08-17 12:43:25 UTC,0x987c75906952f9df29b74c4cb6e213958070beba49b635a0fd5bb5e45d22782a,0xadc4f82833b81fb8fd1b10217db4ca8affe29e02,True,Yes,0.0,False,,100,1328.9991904644996,2.0,0.0,-102.0,-1.0
12327,Will there be a US Government shutdown? ,us-government-shutdown-before-2025,506202,us-government-shutdown-before-2025,No,0.019823663654991257,100889.5245,2000.0,2.0%,,,,,,,,,,2026-05-28 01:02:35 UTC,2024-12-21 06:53:26+00:00,2024-12-21 06:53:26 UTC,0x676671f9d220aea0159de0c906e271c2ccfc9e7c8d55ef2bad504d19becc9a52,0x6d00c9d284d3a5086d18610cbe6e34fcecd1506e,True,Yes,0.0,False,,100,5044.476225,2.0,0.0,-102.0,-1.0
12641,TikTok banned in the US before May 2025?,tiktok-banned-in-the-us-before-may-2025,507276,tiktok-banned-in-the-us-before-may-2025,No,0.012,166666.67,2000.0,1.2%,,,,,,,,,,2026-05-28 01:02:43 UTC,2025-01-21 14:27:12+00:00,2025-01-21 14:27:12 UTC,0x0ddb23a67cdb3f3d541615c7c6445a2c0d892306900841ffd2b65b7e327da084,0x9895fb47be5206c84e2e182efb05be50ac5f469e,True,Yes,0.0,False,,100,8333.333333333334,2.0,0.0,-102.0,-1.0
12641,TikTok banned in the US before May 2025?,tiktok-banned-in-the-us-before-may-2025,507276,tiktok-banned-in-the-us-before-may-2025,No,0.020037900687254907,99810.855,2000.0,2.0%,,,,,,,,,,2026-05-28 01:02:43 UTC,2025-01-20 14:48:15+00:00,2025-01-20 14:48:15 UTC,0x32e93642bb9734c5cdf6e12d1473f728958e37187ddb6a0462ef338a13d53c29,0x08fb0ac134624813313715f324c4a59913b09491,True,Yes,0.0,False,,100,4990.5427500000005,2.0,0.0,-102.0,-1.0
12641,TikTok banned in the US before May 2025?,tiktok-banned-in-the-us-before-may-2025,507276,tiktok-banned-in-the-us-before-may-2025,No,0.030282863174720002,66043.953224,2000.0,3.0%,,,,,,,,,,2026-05-28 01:02:43 UTC,2025-01-20 07:03:10+00:00,2025-01-20 07:03:10 UTC,0x1adf11419dc776e0148a5ddf55b429b9c6b4af2b1f50fbebd455750e09ed5aa9,0x716f28329a2b9c2001a050c759793974c0de9798,True,Yes,0.0,False,,100,3302.197662851099,2.0,0.0,-102.0,-1.0
12641,TikTok banned in the US before May 2025?,tiktok-banned-in-the-us-before-may-2025,507276,tiktok-banned-in-the-us-before-may-2025,No,0.03897727509405481,51311.950237,2000.0,3.9%,,,,,,,,,,2026-05-28 01:02:43 UTC,2025-01-20 06:56:20+00:00,2025-01-20 06:56:20 UTC,0x9cd97805c6ea27dc55d210e7fd8fb69434c5d21009a8f3ecb0cd8ef2ab757cdb,0x716f28329a2b9c2001a050c759793974c0de9798,True,Yes,0.0,False,,100,2565.59751185,2.0,0.0,-102.0,-1.0
12641,TikTok banned in the US before May 2025?,tiktok-banned-in-the-us-before-may-2025,507276,tiktok-banned-in-the-us-before-may-2025,No,0.03487388833108558,57349.498284,2000.0,3.5%,,,,,,,,,,2026-05-28 01:02:43 UTC,2025-01-20 06:56:06+00:00,2025-01-20 06:56:06 UTC,0x035ddd0a95d8a3fb97076e9b4cac762cc967bac281b3c872a96a399d7d91c5f5,0x716f28329a2b9c2001a050c759793974c0de9798,True,Yes,0.0,False,,100,2867.474915633737,2.0,0.0,-102.0,-1.0
12641,TikTok banned in the US before May 2025?,tiktok-banned-in-the-us-before-may-2025,507276,tiktok-banned-in-the-us-before-may-2025,No,0.03284183211761929,60897.942351,2000.0,3.3%,,,,,,,,,,2026-05-28 01:02:43 UTC,2025-01-20 06:55:46+00:00,2025-01-20 06:55:46 UTC,0xe1d69858c3baa463f4fa5985078872b78387ebd136c51b7c1da37027983aa3ff,0x716f28329a2b9c2001a050c759793974c0de9798,True,Yes,0.0,False,,100,3044.8971190724487,2.0,0.0,-102.0,-1.0
12641,TikTok banned in the US before May 2025?,tiktok-banned-in-the-us-before-may-2025,507276,tiktok-banned-in-the-us-before-may-2025,No,0.029999850000749995,66667.0,2000.0,3.0%,,,,,,,,,,2026-05-28 01:02:43 UTC,2025-01-20 06:55:32+00:00,2025-01-20 06:55:32 UTC,0x370b06fc42ff125fb727f00dce95642932fa2cac3ef5f598c21008451eb55cd5,0x716f28329a2b9c2001a050c759793974c0de9798,True,Yes,0.0,False,,100,3333.35,2.0,0.0,-102.0,-1.0
12641,TikTok banned in the US before May 2025?,tiktok-banned-in-the-us-before-may-2025,507276,tiktok-banned-in-the-us-before-may-2025,No,0.02881305621933452,69412.976665,2000.0,2.9%,,,,,,,,,,2026-05-28 01:02:43 UTC,2025-01-20 06:55:26+00:00,2025-01-20 06:55:26 UTC,0x5d7eb8eddae1ea10304e08cdd06c108d0dbc9241dcbfba97d0baa73ebbdfa11a,0x716f28329a2b9c2001a050c759793974c0de9798,True,Yes,0.0,False,,100,3470.6488349853244,2.0,0.0,-102.0,-1.0
12641,TikTok banned in the US before May 2025?,tiktok-banned-in-the-us-before-may-2025,507276,tiktok-banned-in-the-us-before-may-2025,No,0.029120632170998036,68679.827665,2000.0,2.9%,,,,,,,,,,2026-05-28 01:02:43 UTC,2025-01-20 06:46:10+00:00,2025-01-20 06:46:10 UTC,0x72f62a8bd5c82a0f463d3104d96d81dafb470b8f80a8751f9ef55ee7a5d737bd,0x716f28329a2b9c2001a050c759793974c0de9798,True,Yes,0.0,False,,100,3433.991384966996,2.0,0.0,-102.0,-1.0
12641,TikTok banned in the US before May 2025?,tiktok-banned-in-the-us-before-may-2025,507276,tiktok-banned-in-the-us-before-may-2025,No,0.027401227031936867,72989.432067,2000.0,2.7%,,,,,,,,,,2026-05-28 01:02:43 UTC,2025-01-20 06:43:30+00:00,2025-01-20 06:43:30 UTC,0x851fb4de91e01b31fc2d31943f76bec65a5b132b7f5103758a96af9658849f07,0x716f28329a2b9c2001a050c759793974c0de9798,True,Yes,0.0,False,,100,3649.471605174736,2.0,0.0,-102.0,-1.0
12641,TikTok banned in the US before May 2025?,tiktok-banned-in-the-us-before-may-2025,507276,tiktok-banned-in-the-us-before-may-2025,No,0.02314788402864806,86400.985832,2000.0,2.3%,,,,,,,,,,2026-05-28 01:02:43 UTC,2025-01-20 06:43:20+00:00,2025-01-20 06:43:20 UTC,0x147c24ce1941e9a9409c94cf6eb4993eef6085c69f08f36f42c79dbdd249e029,0x716f28329a2b9c2001a050c759793974c0de9798,True,Yes,0.0,False,,100,4320.049291599999,2.0,0.0,-102.0,-1.0
12641,TikTok banned in the US before May 2025?,tiktok-banned-in-the-us-before-may-2025,507276,tiktok-banned-in-the-us-before-may-2025,No,0.018407159464673785,108653.375,2000.0,1.8%,,,,,,,,,,2026-05-28 01:02:43 UTC,2025-01-20 06:43:12+00:00,2025-01-20 06:43:12 UTC,0x2f758ead96cc966c4a6bc1de8cf844ea60132ca259fac026ebc8252c76d902d0,0x716f28329a2b9c2001a050c759793974c0de9798,True,Yes,0.0,False,,100,5432.66875,2.0,0.0,-102.0,-1.0
12641,TikTok banned in the US before May 2025?,tiktok-banned-in-the-us-before-may-2025,507276,tiktok-banned-in-the-us-before-may-2025,No,0.04,50000.0,2000.0,4.0%,,,,,,,,,,2026-05-28 01:02:43 UTC,2025-01-19 23:12:52+00:00,2025-01-19 23:12:52 UTC,0x5f55b5edf1ce91ce3807c4d2f2e2ba24af63fad5d3b7a730bfca5596e30c5668,0x824c70b95e766341579e89fcac4bbb121a8fd2bb,True,Yes,0.0,False,,100,2500.0,2.0,0.0,-102.0,-1.0
12641,TikTok banned in the US before May 2025?,tiktok-banned-in-the-us-before-may-2025,507276,tiktok-banned-in-the-us-before-may-2025,No,0.05113251869727518,39114.052074,2000.0,5.1%,,,,,,,,,,2026-05-28 01:02:43 UTC,2025-01-19 17:55:33+00:00,2025-01-19 17:55:33 UTC,0x276d334e010a8d002a1670c804b77fda91d69e8adfd17e5672bde6f1e1b179e7,0xcf1f563d2ae8dead37cb86b241450d33e320cf4a,True,Yes,0.0,False,,100,1955.7026046778515,2.0,0.0,-102.0,-1.0
12641,TikTok banned in the US before May 2025?,tiktok-banned-in-the-us-before-may-2025,507276,tiktok-banned-in-the-us-before-may-2025,No,0.03999270873890087,50009.115713,2000.0,4.0%,,,,,,,,,,2026-05-28 01:02:43 UTC,2025-01-19 17:07:28+00:00,2025-01-19 17:07:28 UTC,0xfccd7902f8071d23bc9f7c30d983685fb96a1708c54b079a3d21bbecd6db838d,0x21f07ca3119b332715e085adab14abcdbff99d28,True,Yes,0.0,False,,100,2500.455786900228,2.0,0.0,-102.0,-1.0
12795,Israel x Hezbollah Ceasefire in 2024?,israel-x-hezbollah-ceasefire-in-2024,507792,israel-x-hezbollah-ceasefire-in-2024,No,0.05518337925404766,36242.796763,2000.0,5.5%,,,,,,,,,,2026-05-28 01:02:49 UTC,2024-11-26 21:44:59+00:00,2024-11-26 21:44:59 UTC,0xa8f96a2cc421d841f46fd4b1ef46c023b25776d1c94bdc141ff470e0efd8ba88,0xc360d21ee29dfa4635ad8af3013131adbda70c46,True,Yes,0.0,False,,100,1812.1398390560698,2.0,0.0,-102.0,-1.0
14162,Trump signs national abortion ban?,trump-signs-national-abortion-ban-in-first-100-days,512128,trump-signs-national-abortion-ban-in-first-100-days,Yes,0.07298868834993331,27401.50625,2000.0,7.3%,,,,,,,,,,2026-05-28 01:03:33 UTC,2024-11-12 23:12:02+00:00,2024-11-12 23:12:02 UTC,0x06e88b935090e00948ddc4ce9af72ab97fe0cbb8808da4b849900961c6ef9309,0xcb59e5caeadaa61fc3648f67ad2fa603f6ec4e58,True,No,0.0,False,,100,1370.0753125,2.0,0.0,-102.0,-1.0
14220,No change in Fed interest rates after January 2025 meeting?,fed-interest-rates-january-2025,512324,no-change-in-fed-interest-rates-after-january-2025-meeting,No,0.024189446247165614,82680.6856,2000.0,2.4%,,,,,,,,,,2026-05-28 01:03:45 UTC,2025-01-29 17:20:53+00:00,2025-01-29 17:20:53 UTC,0xa0a2b342a9234ceb17cf766d93e4c9edc8c409323deb63e5c0d96fc7fded4cfa,0xd661953ce057a3c1472713be15ab30d9d24f6e34,True,Yes,0.0,False,,100,4134.03428,2.0,0.0,-102.0,-1.0
14415,Will Matt Gaetz be Trump's Attorney General?,who-will-be-trumps-attorney-general,513021,will-matt-gaetz-be-trumps-attorney-general,Yes,0.07973300854628092,25083.714204,2000.0,8.0%,,,,,,,,,,2026-05-28 01:03:55 UTC,2024-12-15 07:41:31+00:00,2024-12-15 07:41:31 UTC,0x7e6dae6f4b9ec0f562a823e17bce5201fc10b1ce24fb5078247113832e13ecf3,0x0ebbf2c8901f94d59ee20850b22db8190b60b114,True,No,0.0,False,,100,1254.1857108270929,2.0,0.0,-102.0,-1.0
14578,Will Russia use a nuclear weapon in 2024?,will-russia-use-a-nuclear-weapon-in-2024,513448,will-russia-use-a-nuclear-weapon-in-2024,Yes,0.052605747991218955,38018.659089,2000.0,5.3%,,,,,,,,,,2026-05-28 01:03:58 UTC,2024-11-21 17:23:34+00:00,2024-11-21 17:23:34 UTC,0x69b33d6c56770b212103094424d54f018e8795f02efa466a678125ca7a39689c,0x9524e6caca4da8aa811b57564a0a5a6d9fc286cf,True,No,0.0,False,,100,1900.9329554004664,2.0,0.0,-102.0,-1.0
14874,Will Rafał Trzaskowski be the next President of Poland?,poland-presidential-election,514139,will-rafa-trzaskowski-be-the-next-president-of-poland,Yes,0.03365417570475736,59427.989458,2000.0,3.4%,,,,,,,,,,2026-05-28 01:04:01 UTC,2025-06-01 23:20:19+00:00,2025-06-01 23:20:19 UTC,0xa1332ccd4c68bc9d66e0d92a376a53ad876130b0d35ccc6e2dd0fc19308cd660,0x4d450d3412be176741b866f6f09d195e43d4c89a,True,No,0.0,False,,100,2971.3994743856997,2.0,0.0,-102.0,-1.0
15437,Will Biden pardon SBF?,who-will-biden-pardon,500502,will-biden-pardon-sbf-this-term,Yes,0.03435644604679997,58213.238857,2000.0,3.4%,,,,,,,,,,2026-05-28 01:04:14 UTC,2025-01-03 17:24:26+00:00,2025-01-03 17:24:26 UTC,0xe0f626b1ce4050cc13738b5c41480362d26882bae096a929bd07aa629f534b20,0xe08e3de189afad78617143a5f6a2424e2edc9841,True,No,0.0,False,,100,2910.66194285,2.0,0.0,-102.0,-1.0
15586,Will  Alice Weidel be the next Chancellor of Germany?,next-chancellor-of-germany,515796,will-alice-weidel-be-the-next-chancellor-of-germany,Yes,0.07399143545819327,27030.155404,2000.0,7.4%,,,,,,,,,,2026-05-28 01:04:17 UTC,2025-01-07 19:23:04+00:00,2025-01-07 19:23:04 UTC,0xf160e9b22be7c77e5197607d80ca2ea4c9e9b63c6bbd29a274b4ec81c5018b28,0x69bf4f3ee9b4948f1a9c6323a7316f3421c061d9,True,No,0.0,False,,100,1351.507770875754,2.0,0.0,-102.0,-1.0
15586,Will  Alice Weidel be the next Chancellor of Germany?,next-chancellor-of-germany,515796,will-alice-weidel-be-the-next-chancellor-of-germany,Yes,0.06920968423427616,28897.69,2000.0,6.9%,,,,,,,,,,2026-05-28 01:04:17 UTC,2025-01-05 16:44:25+00:00,2025-01-05 16:44:25 UTC,0x2b69a174c48caf66e70c659a81691d078949443a138aefe9673460bc9031fb3d,0xa7b8ea09038a52c1256ecc70191c1f76a495b596,True,No,0.0,False,,100,1444.8845000000001,2.0,0.0,-102.0,-1.0
15586,Will  Alice Weidel be the next Chancellor of Germany?,next-chancellor-of-germany,515796,will-alice-weidel-be-the-next-chancellor-of-germany,Yes,0.057364524376755446,34864.753447,2000.0,5.7%,,,,,,,,,,2026-05-28 01:04:17 UTC,2025-01-04 13:54:01+00:00,2025-01-04 13:54:01 UTC,0xfd4f1f77ae471c1242ba1e4b28d3aec47e129b1241769b70e39c2195be94e04b,0x371ef622204a8b90ecb92f4ba7bc490a9e1ac419,True,No,0.0,False,,100,1743.237673221619,2.0,0.0,-102.0,-1.0
15915,Israel x Hamas ceasefire by January 31?,israel-x-hamas-ceasefire-by-january-31,516468,israel-x-hamas-ceasefire-by-january-31,No,0.07743053703141531,25829.602579,2000.0,7.7%,,,,,,,,,,2026-05-28 01:04:26 UTC,2025-01-16 22:48:01+00:00,2025-01-16 22:48:01 UTC,0xaa5c82c26d5c7983d99925a2f70bd1f10d152aa73574a6012bfb324bcd0f49cb,0xdfac38baa9329f971ae3278f82f88799b527ef30,True,Yes,0.0,False,,100,1291.4801295957402,2.0,0.0,-102.0,-1.0
16180,"Maduro out by January 31, 2026?",maduro-out-in-2025,916440,maduro-out-by-january-31-2026-318,No,0.02748903724428928,72756.276665,2000.0,2.7%,,,,,,,,,,2026-05-28 01:04:28 UTC,2026-01-03 09:27:11+00:00,2026-01-03 09:27:11 UTC,0xe1e573be7afd64c69ca6a4e04b215d57162cd3d38ef0f640c951a26696ed2821,0x765d8f05b331f2a7d49e7b887a53fdbfafc40929,True,Yes,0.0,False,,100,3637.813835068907,2.0,0.0,-102.0,-1.0
16180,"Maduro out by January 31, 2026?",maduro-out-in-2025,916440,maduro-out-by-january-31-2026-318,No,0.09506476547319596,21038.288887,2000.0,9.5%,,,,,,,,,,2026-05-28 01:04:28 UTC,2026-01-03 09:24:29+00:00,2026-01-03 09:24:29 UTC,0xf540f6f87de97459cc12f7c9220d6e205fa728d944f0166c4ac74176a713da4c,0x765d8f05b331f2a7d49e7b887a53fdbfafc40929,True,Yes,0.0,False,,100,1051.9144448759573,2.0,0.0,-102.0,-1.0
16180,Maduro out in 2025?,maduro-out-in-2025,516947,maduro-out-in-2025-411,Yes,0.0393044160203083,50884.86744,2000.0,3.9%,,,,,,,,,,2026-05-28 01:04:29 UTC,2025-12-23 19:22:19+00:00,2025-12-23 19:22:19 UTC,0x14c0a3bb241f1a9cd26b9350376179813f8d31fc014f2f203782c651622613dd,0x36c2b074b2eb2e3aac2dc7226dd18e7c72956127,True,No,0.0,False,,100,2544.2433732721215,2.0,0.0,-102.0,-1.0
16180,Maduro out in 2025?,maduro-out-in-2025,516947,maduro-out-in-2025-411,Yes,0.0972800498073855,20559.2,2000.0,9.7%,,,,,,,,,,2026-05-28 01:04:29 UTC,2025-12-13 06:12:28+00:00,2025-12-13 06:12:28 UTC,0x74dbf87cdfea7d39b8c896ab0c45dd5d9614f804a1008fffae2783b9bdbc2cbe,0xb5d04dcc21e6cce06b061bc50c72d2eafb76f8e5,True,No,0.0,False,,100,1027.96,2.0,0.0,-102.0,-1.0
16108,Russia x Ukraine ceasefire in 2025?,russia-x-ukraine-ceasefire-in-2025,516719,russia-x-ukraine-ceasefire-in-2025,Yes,0.08,25000.0,2000.0,8.0%,,,,,,,,,,2026-05-28 01:04:31 UTC,2025-11-28 14:54:15+00:00,2025-11-28 14:54:15 UTC,0x1acedc4a5be35fcd5bad9c6ae37bdffb2d9e0860807b72bdbe336ea81da40bf8,0xff12dd4d972f7720849134c90c22bd7aed6b17a8,True,No,0.0,False,,100,1250.0,2.0,0.0,-102.0,-1.0
16432,Conservatives win majority in Canadian election?,will-the-conservative-party-win-a-majority-in-next-canadian-election,517600,will-the-conservative-party-win-a-majority-in-next-canadian-election,Yes,0.06799978228468895,29411.858859,2000.0,6.8%,,,,,,,,,,2026-05-28 01:04:36 UTC,2025-04-28 16:32:40+00:00,2025-04-28 16:32:40 UTC,0x87a8c9205acef46be0e1e0d87a04d8deca81e94e812d1d7b04f436ef9adb488b,0xc0f0ef925da77cce25804cfd68bfa1d0f93010ef,True,No,0.0,False,,100,1470.5929436852966,2.0,0.0,-102.0,-1.0
16432,Conservatives win majority in Canadian election?,will-the-conservative-party-win-a-majority-in-next-canadian-election,517600,will-the-conservative-party-win-a-majority-in-next-canadian-election,Yes,0.06593454856228192,30333.111284,2000.0,6.6%,,,,,,,,,,2026-05-28 01:04:36 UTC,2025-04-25 08:00:54+00:00,2025-04-25 08:00:54 UTC,0x732699abd7bffab513b57aaf4f97d39a99bf96194b7bdcf01f40229415efd8e5,0xb5b66bb2de82696a501ff906f811d2f04f28bbd5,True,No,0.0,False,,100,1516.655564958328,2.0,0.0,-102.0,-1.0
16432,Conservatives win majority in Canadian election?,will-the-conservative-party-win-a-majority-in-next-canadian-election,517600,will-the-conservative-party-win-a-majority-in-next-canadian-election,Yes,0.056931059774381926,35130.2085,2000.0,5.7%,,,,,,,,,,2026-05-28 01:04:36 UTC,2025-04-25 08:00:16+00:00,2025-04-25 08:00:16 UTC,0x6103a1f4fdd8471eabd7e9eff8cc6f6bee949340bdcf5d7e1302c66fa3ae18af,0xb5b66bb2de82696a501ff906f811d2f04f28bbd5,True,No,0.0,False,,100,1756.510425,2.0,0.0,-102.0,-1.0
16725,Will Elon Musk buy TikTok before April?,will-elon-musk-buy-tiktok,518476,will-elon-musk-buy-tiktok,Yes,0.08664443734165597,23082.843635,2000.0,8.7%,,,,,,,,,,2026-05-28 01:04:45 UTC,2025-01-15 12:35:29+00:00,2025-01-15 12:35:29 UTC,0x8ff949cd7535fbfe041dc0b41f66c63e29a9aa1a46018034527bd1e91dd31919,0x7b877bd1bacf2657873bf34f4b2e932d1537d95c,True,No,0.0,False,,100,1154.1421823270712,2.0,0.0,-102.0,-1.0
16868,Will George Simion win the Romanian presidential election?,romania-presidential-election-winner,519066,romania-presidential-election-winner-will-george-simion-win-the-romanian-presidential-election,Yes,0.03258234291156468,61382.94,2000.0,3.3%,,,,,,,,,,2026-05-28 01:04:47 UTC,2025-05-18 18:53:05+00:00,2025-05-18 18:53:05 UTC,0xc56d6ba34d4ce8ecdac5ab00a12ed2c64176953e92f5adbb798eccbd4cd31c17,0xdfa450b7cfe3fc50a4671f11949095c1d6179350,True,No,0.0,False,,100,3069.147,2.0,0.0,-102.0,-1.0
16868,Will George Simion win the Romanian presidential election?,romania-presidential-election-winner,519066,romania-presidential-election-winner-will-george-simion-win-the-romanian-presidential-election,Yes,0.07185580551795102,27833.52,2000.0,7.2%,,,,,,,,,,2026-05-28 01:04:47 UTC,2025-05-18 18:46:37+00:00,2025-05-18 18:46:37 UTC,0xab19c2451d35075a8d249c16009397d43ee16cf52bc1c2e9cb89b3bd7933b103,0x2ac7ee4c22012d844eedb1bd732f189b87367839,True,No,0.0,False,,100,1391.676,2.0,0.0,-102.0,-1.0
17105,Will Iran close the Strait of Hormuz in 2025?,will-iran-close-the-strait-of-hormuz-in-2025,519695,will-iran-close-the-strait-of-hormuz-in-2025,Yes,0.08,25000.0,2000.0,8.0%,,,,,,,,,,2026-05-28 01:04:55 UTC,2025-10-03 08:46:46+00:00,2025-10-03 08:46:46 UTC,0xb06e1af9d79462ab3afe295b7caa30e54c6aba3571207fdb711e9f0e5fbe0bde,0xcd95ebd0d0d099fa442b9730991f2b8be5d28c17,True,No,0.0,False,,100,1250.0,2.0,0.0,-102.0,-1.0
17140,Fed decreases interest rates by 25 bps after May 2025 meeting?,fed-decision-in-may-2025,519777,fed-decreases-interest-rates-by-25-bps-after-may-2025-meeting,Yes,0.019652018618402267,101770.715713,2000.0,2.0%,,,,,,,,,,2026-05-28 01:04:55 UTC,2025-05-07 16:09:39+00:00,2025-05-07 16:09:39 UTC,0x17eb1ca8a40bd9d349c89e95d123b53942c4a7d6bd2f765d9694957197975306,0x93b33614739613d8faba18b027da20d5074b6436,True,No,0.0,False,,100,5088.5357856499995,2.0,0.0,-102.0,-1.0
17140,No change in Fed interest rates after May 2025 meeting?,fed-decision-in-may-2025,519778,no-change-in-fed-interest-rates-after-may-2025-meeting,No,0.025,80000.0,2000.0,2.5%,,,,,,,,,,2026-05-28 01:04:55 UTC,2025-05-07 03:04:28+00:00,2025-05-07 03:04:28 UTC,0x954e199b7fa064e84b7528adb265fef7d9a320ea6311b90428aa0023a250794a,0x93f85976016270923cad0a96361122551997f5c3,True,Yes,0.0,False,,100,4000.0,2.0,0.0,-102.0,-1.0
17140,Fed decreases interest rates by 25 bps after May 2025 meeting?,fed-decision-in-may-2025,519777,fed-decreases-interest-rates-by-25-bps-after-may-2025-meeting,Yes,0.027066215550221095,73892.857141,2000.0,2.7%,,,,,,,,,,2026-05-28 01:04:55 UTC,2025-05-06 19:37:30+00:00,2025-05-06 19:37:30 UTC,0xaea937ba53be7ed8de73ebfdde9f987ed1e8128e4ac61ae9c3c6b522206e7179,0x805d946b484951a4c11661a89b1943bacd58e14e,True,No,0.0,False,,100,3694.6428588973213,2.0,0.0,-102.0,-1.0
17140,Fed decreases interest rates by 50+ bps after May 2025 meeting?,fed-decision-in-may-2025,519776,fed-decreases-interest-rates-by-50-bps-after-may-2025-meeting,Yes,0.0599999999724,33333.333332,2000.0,6.0%,,,,,,,,,,2026-05-28 01:04:57 UTC,2025-03-10 23:39:29+00:00,2025-03-10 23:39:29 UTC,0xbae270b0c453a732225bc3db7050d6b8248fab3859e516dcda481d179dd45846,0xe1e7036279433715711a65fc3254a8af558c5fb6,True,No,0.0,False,,100,1666.6666674333333,2.0,0.0,-102.0,-1.0
17792,Fed decreases interest rates by 25 bps after June 2025 meeting?,fed-decision-in-june,521835,fed-decreases-interest-rates-by-25-bps-after-june-2025-meeting,Yes,0.013314342199431471,150213.955,2000.0,1.3%,,,,,,,,,,2026-05-28 01:05:07 UTC,2025-06-18 12:29:45+00:00,2025-06-18 12:29:45 UTC,0x7e5dfd4b7da059ea563ad973603aa5b449782f09141f3d6766b6ad58e5ae8836,0x287e874e8bcd59dd3ce307e1881574742a3072cc,True,No,0.0,False,,100,7510.69775,2.0,0.0,-102.0,-1.0
15665,Fed decreases interest rates by 50+ bps after March 2025 meeting?,fed-decision-in-march,516008,fed-decreases-interest-rates-by-50-bps-after-march-2025-meeting,Yes,0.015805470437491812,126537.834284,1999.99,1.6%,,,,,,,,,,2026-05-28 01:04:20 UTC,2025-03-02 19:46:45+00:00,2025-03-02 19:46:45 UTC,0xab283950a2f501ef73ae61a5b4e63a954c62a07dcdda6db39928d6b19d6a4f58,0x84a04d748e80e9ec22714ae56e8d2315380e0e91,True,No,0.0,False,,100,6326.923351980222,2.0,0.0,-102.0,-1.0
17792,Fed decreases interest rates by 25 bps after June 2025 meeting?,fed-decision-in-june,521835,fed-decreases-interest-rates-by-25-bps-after-june-2025-meeting,Yes,0.021821209117354544,91639.74,1999.69,2.2%,,,,,,,,,,2026-05-28 01:05:09 UTC,2025-06-16 10:19:51+00:00,2025-06-16 10:19:51 UTC,0x96c8613664007989fe67b8364682489fcf24fb18f9df004324bc4fee567e2677,0xc59ecbe7e4bff5db892a6e32f987cc8b569a7181,True,No,0.0,False,,100,4582.69747850358,2.0,0.0,-102.0,-1.0
12327,Will there be a US Government shutdown? ,us-government-shutdown-before-2025,506202,us-government-shutdown-before-2025,No,0.014235066620840777,140467.906,1999.57,1.4%,,,,,,,,,,2026-05-28 01:02:35 UTC,2024-12-22 21:21:18+00:00,2024-12-22 21:21:18 UTC,0x66609ba5ea241eae144b553c910ad60bfe193924d76d6f13f0783d286cff37fa,0xe90af77ed103d67431fbafa1bd62dac1addf8fb6,True,Yes,0.0,False,,100,7024.905654715764,2.0,0.0,-102.0,-1.0
12641,TikTok banned in the US before May 2025?,tiktok-banned-in-the-us-before-may-2025,507276,tiktok-banned-in-the-us-before-may-2025,No,0.05175676440644956,38633.983846,1999.57,5.2%,,,,,,,,,,2026-05-28 01:02:43 UTC,2025-01-19 21:20:04+00:00,2025-01-19 21:20:04 UTC,0xe5994af85704f9ec2aab9a75b6ae8ef46a87a2fe3ef3680680182aafe4fbcf50,0x422d9e52aa12eeec84f605ef0c731522e4d01328,True,Yes,0.0,False,,100,1932.1145969383417,2.0,0.0,-102.0,-1.0
11910,GOP wins popular vote by 2-3%?,popular-vote-margin-of-victory-in-presidential-election,504678,gop-wins-popular-vote-by-2-3,Yes,0.06439276659130715,31052.245537,1999.54,6.4%,,,,,,,,,,2026-05-28 01:02:08 UTC,2024-10-15 01:54:19+00:00,2024-10-15 01:54:19 UTC,0x983e32167a4ea87a286cd061985febddd40df64b5d4277dd78fcb1ed658af8c9,0x8c193dafb1d5b595f0f304226dab94105e5cc349,True,No,0.0,False,,100,1552.9694606024232,2.0,0.0,-102.0,-1.0
12327,Will there be a US Government shutdown? ,us-government-shutdown-before-2025,506202,us-government-shutdown-before-2025,No,0.02012055946733519,99375.964284,1999.5,2.0%,,,,,,,,,,2026-05-28 01:02:35 UTC,2024-12-21 11:14:57+00:00,2024-12-21 11:14:57 UTC,0xc9736dcc6f9f1be608f8e71f7a3d7f1ba086d20b38b00b96d7267b5db216a176,0xefc6824d0dc655b21f4b8b8e61f27466741f0b2d,True,Yes,0.0,False,,100,4970.040726866737,2.0,0.0,-102.0,-1.0
16783,Israel announces ceasefire by January 16?,israel-announces-ceasefire-by-thursday,518648,israel-announces-ceasefire-by-thursday,No,0.026664948932469918,74984.20511,1999.45,2.7%,,,,,,,,,,2026-05-28 01:04:45 UTC,2025-01-17 16:20:17+00:00,2025-01-17 16:20:17 UTC,0x66c20fb7d2a1c4696f70270b189a53bc596440805ddf1048941f72d608534d7b,0x0914c946a8e2843113494be5676c0c82c02b9c93,True,Yes,0.0,False,,100,3750.2415719322817,2.0,0.0,-102.0,-1.0
12641,TikTok banned in the US before May 2025?,tiktok-banned-in-the-us-before-may-2025,507276,tiktok-banned-in-the-us-before-may-2025,No,0.027193086451748148,73513.538213,1999.06,2.7%,,,,,,,,,,2026-05-28 01:02:43 UTC,2025-01-20 14:00:38+00:00,2025-01-20 14:00:38 UTC,0x1cf14cfca8c7013c3f63a17cb37198332786c14e20ca6fd3c84e683c42cb7ef2,0x5abf6253876a18a18a48fcf1043e0c3d478dae87,True,Yes,0.0,False,,100,3677.4052911368344,2.0,0.0,-102.0,-1.0
11696,No change in Fed interest rates after 2024 September meeting?,fed-interest-rates-september-2024,504071,no-change-in-fed-interest-rates-after-2024-september-meeting,Yes,0.04292291277630821,46571.862665,1999.0,4.3%,,,,,,,,,,2026-05-28 01:01:55 UTC,2024-08-24 18:48:53+00:00,2024-08-24 18:48:53 UTC,0x8f8a2368ba705d722f71eed349cfc608795d85b48be1677c23f52c352983c29c,0xb0a328896eaf4fd1a8705e17a15c24a551f9dc85,True,No,0.0,False,,100,2329.75801342159,2.0,0.0,-102.0,-1.0
15725,Will Trump acquire Greenland before July?,will-the-us-acquire-greenland-before-july,516184,will-the-us-acquire-greenland-before-july,Yes,0.079,25300.0,1998.7,7.9%,,,,,,,,,,2026-05-28 01:04:24 UTC,2025-01-16 18:53:39+00:00,2025-01-16 18:53:39 UTC,0xfb14c0f9250db5655709abe824f6f51e74bc4bf3ed1ee941e6b3d0d04347e0e2,0xbd4b00902ed70dc843808fdd00367ad9022d75ea,True,No,0.0,False,,100,1265.8227848101267,2.0,0.0,-102.0,-1.0
15437,Will Biden pardon SBF?,who-will-biden-pardon,500502,will-biden-pardon-sbf-this-term,Yes,0.03679196760151657,54321.639458,1998.6,3.7%,,,,,,,,,,2026-05-28 01:04:13 UTC,2025-01-11 10:15:46+00:00,2025-01-11 10:15:46 UTC,0xe85fc1677ce42cb1113ac707419f2abcc2dda6da6ebc82fdd0130385fbd27781,0x0914c946a8e2843113494be5676c0c82c02b9c93,True,No,0.0,False,,100,2717.9845634534095,2.0,0.0,-102.0,-1.0
11321,Will Biden announce resignation by July 31?,will-biden-resign-by-july-31,503011,will-biden-resign-by-july-31,Yes,0.09770199601514372,20455.365095,1998.53,9.8%,,,,,,,,,,2026-05-28 01:01:36 UTC,2024-07-21 19:19:12+00:00,2024-07-21 19:19:12 UTC,0x824eeca9ba2262faecfb2cea4ebf2cc6217c96523edb2d27bbb8a4f10f294329,0xd5386df17edb2b5dd8e11076ebf35e06858f317c,True,No,0.0,False,,100,1023.5205428607629,2.0,0.0,-102.0,-1.0
11696,No change in Fed interest rates after 2024 September meeting?,fed-interest-rates-september-2024,504071,no-change-in-fed-interest-rates-after-2024-september-meeting,Yes,0.01755528973149279,113822.672856,1998.19,1.8%,,,,,,,,,,2026-05-28 01:01:54 UTC,2024-09-18 13:22:18+00:00,2024-09-18 13:22:18 UTC,0x54fcb7a219630b35a3f07ed066ca49037ea76ee1d0c391477b22fe8b0950129d,0x0a355ad2cfd12b8aef597977c65444168bf14379,True,No,0.0,False,,100,5696.288784149655,2.0,0.0,-102.0,-1.0
11889,Harris-Walz Democratic ticket on election day?,harris-walz-final-democratic-ticket,504603,harris-walz-final-democratic-ticket,No,0.056244112852019315,35526.918244,1998.18,5.6%,,,,,,,,,,2026-05-28 01:02:10 UTC,2024-08-23 12:05:57+00:00,2024-08-23 12:05:57 UTC,0x4a14046adcdbfd4d0916ef65c82f5861343673bbf7ea03c473bf202364c4174a,0xde05b0169e91d3cf4f938c0ea1181324ac871aba,True,Yes,0.0,False,,100,1777.9638602017656,2.0,0.0,-102.0,-1.0
17792,No change in Fed interest rates after June 2025 meeting?,fed-decision-in-june,521836,no-change-in-fed-interest-rates-after-june-2025-meeting,No,0.019170383205227282,104230.05,1998.13,1.9%,,,,,,,,,,2026-05-28 01:05:07 UTC,2025-06-17 09:36:33+00:00,2025-06-17 09:36:33 UTC,0xdd03a93a3538086eb10b06e63efe9efb82200e574568d019b1edb10814b69880,0x69d45f0be756937cde13f49a9e77f0f8b7921798,True,Yes,0.0,False,,100,5216.379815127144,2.0,0.0,-102.0,-1.0
11887,Tim Walz replaced as Democratic VP nominee?,tim-walz-out-as-democratic-vp-nominee,504598,tim-walz-out-as-democratic-vp-nominee,Yes,0.06967690106475444,28675.213284,1998.0,7.0%,,,,,,,,,,2026-05-28 01:02:11 UTC,2024-08-11 23:18:35+00:00,2024-08-11 23:18:35 UTC,0xfb88394e05d30b35174d1f73e77eae4c34a1d4d436e59e2e01ed1bdd70c1407d,0x6a965206a07839d5949eb759eebcaf920bdf1079,True,No,0.0,False,,100,1435.195860778376,2.0,0.0,-102.0,-1.0
13707,Will Joe Rogan announce he is voting for Trump?,will-rogan-announce-hes-voting-trump,510693,will-rogan-announce-hes-voting-trump,Yes,0.08343814147889049,23915.441591,1995.46,8.3%,,,,,,,,,,2026-05-28 01:03:11 UTC,2024-11-05 04:36:20+00:00,2024-11-05 04:36:20 UTC,0x0d28a391ef5bde5360c6774d483dfb9aa9423c6b1fd8db38f93ae5a5fb931df3,0xecb520dbf4fb4fe4a66b41048b12c1ee3c65de2b,True,No,0.0,False,,100,1198.492658484005,2.0,0.0,-102.0,-1.0
16180,Maduro out in 2025?,maduro-out-in-2025,516947,maduro-out-in-2025-411,Yes,0.03977000057843791,50138.294443,1994.0,4.0%,,,,,,,,,,2026-05-28 01:04:29 UTC,2025-12-22 21:49:41+00:00,2025-12-22 21:49:41 UTC,0x5d2d8cc81dacfbf9b189b3b07f3493c0afc05a14518a1c09dea3f66b32f0419a,0xcb8648617f704d4b2afb36b8cc86adc5755372e9,True,No,0.0,False,,100,2514.4580977003297,2.0,0.0,-102.0,-1.0
12641,TikTok banned in the US before May 2025?,tiktok-banned-in-the-us-before-may-2025,507276,tiktok-banned-in-the-us-before-may-2025,No,0.06288067254591298,31710.061586,1993.95,6.3%,,,,,,,,,,2026-05-28 01:02:43 UTC,2025-01-19 19:25:21+00:00,2025-01-19 19:25:21 UTC,0x64fb840ac28a2dfb356cb71d6c540de7c99c64b3909bb42ea34b6866d940c054,0xae468a0546b3133d66e80a2c6eabaeca3b23b302,True,Yes,0.0,False,,100,1590.3137792774712,2.0,0.0,-102.0,-1.0
17140,No change in Fed interest rates after May 2025 meeting?,fed-decision-in-may-2025,519778,no-change-in-fed-interest-rates-after-may-2025-meeting,No,0.020520017816912373,97007.225713,1990.59,2.1%,,,,,,,,,,2026-05-28 01:04:55 UTC,2025-05-06 23:38:56+00:00,2025-05-06 23:38:56 UTC,0xd1b346a1abef8dd77a5055df67834a7dea790073b2fa3c7dfff5fa886288443d,0xa1f1161950638460d40b09ad70c34c325482c25a,True,Yes,0.0,False,,100,4873.290115644106,2.0,0.0,-102.0,-1.0
14220,Fed decreases interest rates by 25 bps after January 2025 meeting?,fed-interest-rates-january-2025,512323,fed-decreases-interest-rates-by-25-bps-after-january-2025-meeting,Yes,0.02152449224379647,92452.819628,1990.0,2.2%,,,,,,,,,,2026-05-28 01:03:45 UTC,2025-01-29 16:41:01+00:00,2025-01-29 16:41:01 UTC,0x1aaf9c687e249744b404964d99f45632b9570e867da780689c5460650a8d268d,0x501be567f4cadfeef19fb5529736dce439c3f38f,True,No,0.0,False,,100,4645.870335399935,2.0,0.0,-102.0,-1.0
17140,Fed decreases interest rates by 25 bps after May 2025 meeting?,fed-decision-in-may-2025,519777,fed-decreases-interest-rates-by-25-bps-after-may-2025-meeting,Yes,0.024681822777666042,80626.136,1990.0,2.5%,,,,,,,,,,2026-05-28 01:04:55 UTC,2025-05-04 16:25:46+00:00,2025-05-04 16:25:46 UTC,0x21241b36b33a4d870cd6803cf323ec12d07aab91002a8abefdd5c4eb6f1cf75f,0x54d9f836638ecbd7791f7555dca54e86a85bd88c,True,No,0.0,False,,100,4051.564623115578,2.0,0.0,-102.0,-1.0
10995,Biden drops out by July 4? ,biden-drops-out-after-debate,502223,biden-drops-out-after-debate,Yes,0.04740614148294761,41922.205369,1987.37,4.7%,,,,,,,,,,2026-05-28 01:01:30 UTC,2024-07-03 13:03:00+00:00,2024-07-03 13:03:00 UTC,0xea87eafb0863d69c9d5639fb6004a86722c435e24ed028ad5e2b489488f75b00,0xff11dce4cdb9280d198a27ae1c178533650d3690,True,No,0.0,False,,100,2109.431328343203,2.0,0.0,-102.0,-1.0
12701,Will Mark Robinson drop out in September?,will-mark-robinson-drop-out-in-september,507473,will-mark-robinson-drop-out-in-september,Yes,0.0676258552026958,29379.0,1986.78,6.8%,,,,,,,,,,2026-05-28 01:02:47 UTC,2024-09-25 20:19:32+00:00,2024-09-25 20:19:32 UTC,0xee1cc9d6ecd1b3ada9b92f9596b1d7b0f7cfd48f12a77d62153851a66b0b5433,0x8890295fb5d2530a023922df767b8b99e5e379bd,True,No,0.0,False,,100,1478.7243680729623,2.0,0.0,-102.0,-1.0
14874,Will Rafał Trzaskowski be the next President of Poland?,poland-presidential-election,514139,will-rafa-trzaskowski-be-the-next-president-of-poland,Yes,0.027695648134487775,71676.242757,1985.12,2.8%,,,,,,,,,,2026-05-28 01:04:01 UTC,2025-06-02 00:14:53+00:00,2025-06-02 00:14:53 UTC,0x71b48d75ec046ba3346b90029c6469f166621273a7dd97311ee113a34d13cd07,0xd17dba7de23787d235937110791c4836b3bbd0ee,True,No,0.0,False,,100,3610.6755658653765,2.0,0.0,-102.0,-1.0
13431,Israel military action against Iraq before November?,israel-military-action-against-iraq-before-november,509855,israel-military-action-against-iraq-before-november,No,0.016992221124548266,116741.81,1983.7,1.7%,,,,,,,,,,2026-05-28 01:02:59 UTC,2024-10-28 19:17:52+00:00,2024-10-28 19:17:52 UTC,0xb8fcd74f99a30a6f9bc3f03cd255774f2f0cbfb403f5b0444fab92511ffff1f7,0x0983edf273d7bce1bbdf17fe609dcfc87db87adb,True,Yes,0.0,False,,100,5885.0458257945065,2.0,0.0,-102.0,-1.0
15635,Israel and Saudi Arabia normalize relations before April?,israel-and-saudi-arabia-normalize-relations-before-may,515939,israel-and-saudi-arabia-normalize-relations-before-may,Yes,0.07900612242211968,25073.41,1980.95,7.9%,,,,,,,,,,2026-05-28 01:04:23 UTC,2025-02-06 00:25:16+00:00,2025-02-06 00:25:16 UTC,0x4cc113d0f231b82930dfa72c45847dec710453f5343ae931b49a59df76992b6c,0x5ec13e668cfac3e029726e970d1f1e067f05ddbb,True,No,0.0,False,,100,1265.7246923942514,2.0,0.0,-102.0,-1.0
14220,Fed decreases interest rates by 25 bps after January 2025 meeting?,fed-interest-rates-january-2025,512323,fed-decreases-interest-rates-by-25-bps-after-january-2025-meeting,Yes,0.020969362452900448,94448.74652,1980.53,2.1%,,,,,,,,,,2026-05-28 01:03:46 UTC,2025-01-26 16:27:30+00:00,2025-01-26 16:27:30 UTC,0xd698a1d728e974c2ce450ac84b4dcd0034c386c80b7a37273c79a05f0f0efcf9,0x052a17bb84c067e3abd85bd9e197c06a8f4fa2a9,True,No,0.0,False,,100,4768.862201920124,2.0,0.0,-102.0,-1.0
16180,Maduro out in 2025?,maduro-out-in-2025,516947,maduro-out-in-2025-411,Yes,0.06,33000.0,1980.0,6.0%,,,,,,,,,,2026-05-28 01:04:29 UTC,2025-12-16 02:17:03+00:00,2025-12-16 02:17:03 UTC,0xe319f40a5bd3aafd2edbb7eaa939d479a283de9e38d7ba8a5e2c07c73f1b0b54,0x8204c2803f9b69e6a623ac70c92a049699ed56ea,True,No,0.0,False,,100,1666.6666666666667,2.0,0.0,-102.0,-1.0
15080,Yoon out as president of South Korea before April?,yoon-out-as-president-of-south-korea-before-april,514670,yoon-out-as-president-of-south-korea-before-april,Yes,0.046643892509625584,42439.425453,1979.54,4.7%,,,,,,,,,,2026-05-28 01:04:08 UTC,2025-03-28 02:51:28+00:00,2025-03-28 02:51:28 UTC,0xf25fec283bb3775065367040dedd298d6d0e4f2fed02169a27f1137d9a79145b,0xf82386dd8f423bee8df7ac571e0bec946af152d0,True,No,0.0,False,,100,2143.903405560839,2.0,0.0,-102.0,-1.0
15437,Will Biden pardon SBF?,who-will-biden-pardon,500502,will-biden-pardon-sbf-this-term,Yes,0.08624986288878761,22938.58719,1978.45,8.6%,,,,,,,,,,2026-05-28 01:04:14 UTC,2024-12-24 03:19:04+00:00,2024-12-24 03:19:04 UTC,0x50fd6b503fe00d87ddc965930f521a58941c720c95a97af4ef28318cdf707b44,0xcd603e3f36d70a36ba3783b9dce689b6a8230ca3,True,No,0.0,False,,100,1159.4221329828908,2.0,0.0,-102.0,-1.0
16108,Russia x Ukraine ceasefire in 2025?,russia-x-ukraine-ceasefire-in-2025,516719,russia-x-ukraine-ceasefire-in-2025,Yes,0.07,28256.31,1977.94,7.0%,,,,,,,,,,2026-05-28 01:04:33 UTC,2025-11-07 15:47:51+00:00,2025-11-07 15:47:51 UTC,0x05e45138f7a52015fd8a3b59569364bde00840c2cca3a5269d660de992a0ce61,0x576ded3808e7bff5adad7e6729748ee6636972ed,True,No,0.0,False,,100,1428.5714285714284,2.0,0.0,-102.0,-1.0
14220,Fed decreases interest rates by 25 bps after January 2025 meeting?,fed-interest-rates-january-2025,512323,fed-decreases-interest-rates-by-25-bps-after-january-2025-meeting,Yes,0.024702314770941602,79953.640714,1975.04,2.5%,,,,,,,,,,2026-05-28 01:03:45 UTC,2025-01-29 15:49:25+00:00,2025-01-29 15:49:25 UTC,0x9cc32adcad80497707d754b13ed6721c7ebee76d9fc6e25568c4d5fe0789504b,0xea003fa1372046caece2aca73326fc5c44f4b26b,True,No,0.0,False,,100,4048.20361683814,2.0,0.0,-102.0,-1.0
15665,Fed decreases interest rates by 50+ bps after March 2025 meeting?,fed-decision-in-march,516008,fed-decreases-interest-rates-by-50-bps-after-march-2025-meeting,Yes,0.012085853877378568,163414.188111,1975.0,1.2%,,,,,,,,,,2026-05-28 01:04:18 UTC,2025-03-18 17:49:29+00:00,2025-03-18 17:49:29 UTC,0x4a5522b31ddc64e34783606a07c4cbc1d6c6af449a2151d3fdd1935a8ca6a740,0x8e6974a1d5058c6f09839710eee14f480f281b2f,True,No,0.0,False,,100,8274.136111075512,2.0,0.0,-102.0,-1.0
12641,TikTok banned in the US before May 2025?,tiktok-banned-in-the-us-before-may-2025,507276,tiktok-banned-in-the-us-before-may-2025,No,0.07359240491827651,26792.302836,1971.71,7.4%,,,,,,,,,,2026-05-28 01:02:43 UTC,2025-01-19 19:31:11+00:00,2025-01-19 19:31:11 UTC,0x0f2762e1d13216dd61de32a6fb67c40a70356f32f43365cc08434b2c7a80c66f,0x2698da6734d5b796a39264eb237709aea32341fc,True,Yes,0.0,False,,100,1358.835875944655,2.0,0.0,-102.0,-1.0
12641,TikTok banned in the US before May 2025?,tiktok-banned-in-the-us-before-may-2025,507276,tiktok-banned-in-the-us-before-may-2025,No,0.034817071158297394,56615.330768,1971.18,3.5%,,,,,,,,,,2026-05-28 01:02:43 UTC,2025-01-19 15:41:23+00:00,2025-01-19 15:41:23 UTC,0x8eb41bfc2c7ed92675ca142646326e320d8b52d089bf93a420ba356bd7386967,0x1ff7858a9d74a16e6607a98ef42953d2011ff0e5,True,Yes,0.0,False,,100,2872.154281597825,2.0,0.0,-102.0,-1.0
16180,Maduro out in 2025?,maduro-out-in-2025,516947,maduro-out-in-2025-411,Yes,0.03339713883070484,58970.32108,1969.44,3.3%,,,,,,,,,,2026-05-28 01:04:29 UTC,2025-12-24 05:47:09+00:00,2025-12-24 05:47:09 UTC,0x3d1ace82ad6529d7fea5bd82f7946b9e09f2d526d6dd57a54e3d75e1f629cfd2,0xfc70fdfd803ce350ef14a536c81ead38014d4aed,True,No,0.0,False,,100,2994.268476318141,2.0,0.0,-102.0,-1.0
16108,Russia x Ukraine ceasefire in 2025?,russia-x-ukraine-ceasefire-in-2025,516719,russia-x-ukraine-ceasefire-in-2025,Yes,0.05,39363.43,1968.17,5.0%,,,,,,,,,,2026-05-28 01:04:33 UTC,2025-11-16 08:20:57+00:00,2025-11-16 08:20:57 UTC,0x4948aeaed9e904b7e980c46fcddd8d307ee3c13c9a9192051d7ce8d292582c82,0xb3c2dc5f499a636a5b6b0e977cdb1f552393ce86,True,No,0.0,False,,100,2000.0,2.0,0.0,-102.0,-1.0
16180,Maduro out in 2025?,maduro-out-in-2025,516947,maduro-out-in-2025-411,Yes,0.03301032160750209,59562.27941,1966.17,3.3%,,,,,,,,,,2026-05-28 01:04:28 UTC,2025-12-25 04:05:21+00:00,2025-12-25 04:05:21 UTC,0x6b0aead8d4aa79621d983f02716321d115535387dba7c6872d3391be000a29b0,0x086f42940442b807b93b139ec3ad964a6c8afdd5,True,No,0.0,False,,100,3029.355520646412,2.0,0.0,-102.0,-1.0
10995,Biden drops out by July 4? ,biden-drops-out-after-debate,502223,biden-drops-out-after-debate,Yes,0.09529933643819807,20623.55,1965.41,9.5%,,,,,,,,,,2026-05-28 01:01:30 UTC,2024-07-03 15:58:25+00:00,2024-07-03 15:58:25 UTC,0x1fbd739b14ccc60ca0b710d936d7845343a1c08f7d432928b63fb55560755910,0x8a4c788f043023b8b28a762216d037e9f148532b,True,No,0.0,False,,100,1049.3252496553355,2.0,0.0,-102.0,-1.0
14220,Fed decreases interest rates by 25 bps after January 2025 meeting?,fed-interest-rates-january-2025,512323,fed-decreases-interest-rates-by-25-bps-after-january-2025-meeting,Yes,0.03161211422802746,62139.46925,1964.36,3.2%,,,,,,,,,,2026-05-28 01:03:48 UTC,2025-01-13 09:44:41+00:00,2025-01-13 09:44:41 UTC,0xee4956be34fd82ee047d9e2eb1aa7e608ec46395998cd06fe5f0e01c4c4cb889,0x10213b0b87e9856e8437e905e063481ed9f1ff1d,True,No,0.0,False,,100,3163.3442571626383,2.0,0.0,-102.0,-1.0
12641,TikTok banned in the US before May 2025?,tiktok-banned-in-the-us-before-may-2025,507276,tiktok-banned-in-the-us-before-may-2025,No,0.010451585510881564,187897.807271,1963.83,1.0%,,,,,,,,,,2026-05-28 01:02:43 UTC,2025-01-20 16:17:37+00:00,2025-01-20 16:17:37 UTC,0x79e2d3d51703aa46310a6913370d8259d74150a3e761d122ed2edd816f7b36bf,0x716f28329a2b9c2001a050c759793974c0de9798,True,Yes,0.0,False,,100,9567.926310882305,2.0,0.0,-102.0,-1.0
10140,Will Putin remain President of Russia through 2024?,will-putin-remain-president-of-russia-through-2024,500444,will-putin-remain-president-of-russia-through-2024,No,0.019,103313.27,1962.95,1.9%,,,,,,,,,,2026-05-28 01:01:11 UTC,2024-12-14 19:02:25+00:00,2024-12-14 19:02:25 UTC,0x926ad6831b073e72fd31bc8cb56d7149ca7673b3653261282a99fdbf241a3d70,0x442341108629af784b50eedcb7c00047b1eb5d17,True,Yes,0.0,False,,100,5263.1578947368425,2.0,0.0,-102.0,-1.0
11650,JD Vance replaced as Republican VP nominee?,jd-vance-steps-down-as-republican-vp-nominee,503989,jd-vance-steps-down-as-republican-vp-nominee,Yes,0.09545252062078388,20552.08,1961.75,9.5%,,,,,,,,,,2026-05-28 01:01:53 UTC,2024-08-11 01:09:28+00:00,2024-08-11 01:09:28 UTC,0xd60be695dd7d2c87050d1a000121f3a854b4df0f7b9cd350fd36cfd2c91e6133,0x9f4a3b8f84511ae35c15a95164854ec872285722,True,No,0.0,False,,100,1047.6412707557765,2.0,0.0,-102.0,-1.0
11696,No change in Fed interest rates after 2024 September meeting?,fed-interest-rates-september-2024,504071,no-change-in-fed-interest-rates-after-2024-september-meeting,Yes,0.016740348946348304,117142.719443,1961.01,1.7%,,,,,,,,,,2026-05-28 01:01:54 UTC,2024-09-17 02:37:21+00:00,2024-09-17 02:37:21 UTC,0x050eb49b53dcc525925edb6114345391233a7dab2b950cab95c1b9f3f9ada47d,0x737868ef520c3b4f4c38d76f97ca87df8a3112dc,True,No,0.0,False,,100,5973.591131253793,2.0,0.0,-102.0,-1.0
15064,South Korean President impeached in 2024?,south-korean-president-impeached-in-2024,514580,south-korean-president-impeached-in-2024,No,0.07011121668550675,27963.43,1960.55,7.0%,,,,,,,,,,2026-05-28 01:04:09 UTC,2024-12-14 07:05:53+00:00,2024-12-14 07:05:53 UTC,0x02cc18771d9615244de5d16b4d8d21602caee77a2b2d3e5897ab8309e4e5beef,0x1cba7e44bcfd5acc4513f554ab9e86453d086a4c,True,Yes,0.0,False,,100,1426.3053007418682,2.0,0.0,-102.0,-1.0
14874,Will Karol Nawrocki be the next President of Poland?,poland-presidential-election,514138,will-karol-nawrocki-be-the-next-president-of-poland,No,0.03668678085832661,53325.202,1956.33,3.7%,,,,,,,,,,2026-05-28 01:04:01 UTC,2025-06-01 23:37:21+00:00,2025-06-01 23:37:21 UTC,0x46c2d64ea7c2c890c6fb737a69f32f24cf7ac9a6f4db3ea8d4f54b2702eb1411,0x4aba2a5265dea1a343ba793e8aae2dda1d3b1a66,True,Yes,0.0,False,,100,2725.777450634607,2.0,0.0,-102.0,-1.0
11143,Will Trump launch a coin before the election?,will-trump-launch-a-coin-before-the-election,502571,will-trump-launch-a-coin-before-the-election,No,0.027123351416257685,71949.810665,1951.52,2.7%,,,,,,,,,,2026-05-28 01:01:31 UTC,2024-10-16 20:46:44+00:00,2024-10-16 20:46:44 UTC,0xf06405ad0ede92a49f2e3ad1b01ad713c737d19309eb0d1bb1cfad6577228775,0xf579cd39a330279e5a1fc0d5d9d6fce4dcec3e55,True,Yes,0.0,False,,100,3686.8600220273734,2.0,0.0,-102.0,-1.0
15856,Will US leave NATO by June 30?,will-us-leave-nato-by-june-30,516315,will-us-leave-nato-by-june-30,Yes,0.07710502767929629,25290.179625,1950.0,7.7%,,,,,,,,,,2026-05-28 01:04:24 UTC,2025-03-11 17:22:01+00:00,2025-03-11 17:22:01 UTC,0x153350e2ac57fe5a572285666bb92dbe1033900b2e72923b8970a1a64101a430,0x01fbed1482060428cec2146c518d1c28a256208e,True,No,0.0,False,,100,1296.9322884615383,2.0,0.0,-102.0,-1.0
16108,Russia x Ukraine ceasefire in 2025?,russia-x-ukraine-ceasefire-in-2025,516719,russia-x-ukraine-ceasefire-in-2025,Yes,0.03420323065553084,56982.921281,1949.0,3.4%,,,,,,,,,,2026-05-28 01:04:29 UTC,2025-12-15 06:37:05+00:00,2025-12-15 06:37:05 UTC,0x82e0128a44818a208c0c5ad306976fc21090e2649320ebfaf94b3db1f37ddc27,0xfb30f711d29884b5d856fa63d1550ae42f1c63b4,True,No,0.0,False,,100,2923.7004248845565,2.0,0.0,-102.0,-1.0
10140,Will Putin remain President of Russia through 2024?,will-putin-remain-president-of-russia-through-2024,500444,will-putin-remain-president-of-russia-through-2024,No,0.019,102521.96,1947.92,1.9%,,,,,,,,,,2026-05-28 01:01:11 UTC,2024-12-14 19:07:29+00:00,2024-12-14 19:07:29 UTC,0xa437da9148a1f0c04921a3692502b3980fe665d62a31774de71829c3100a74e7,0x442341108629af784b50eedcb7c00047b1eb5d17,True,Yes,0.0,False,,100,5263.1578947368425,2.0,0.0,-102.0,-1.0
10140,Will Putin remain President of Russia through 2024?,will-putin-remain-president-of-russia-through-2024,500444,will-putin-remain-president-of-russia-through-2024,No,0.019,102417.56,1945.93,1.9%,,,,,,,,,,2026-05-28 01:01:11 UTC,2024-12-14 19:05:29+00:00,2024-12-14 19:05:29 UTC,0x9934d427eea909ae7a5e1ea2656bf6db77e6ddd4a6e1cce49813bdfdca734ce0,0x442341108629af784b50eedcb7c00047b1eb5d17,True,Yes,0.0,False,,100,5263.1578947368425,2.0,0.0,-102.0,-1.0
11322,Will Biden finish his term?,will-biden-complete-his-term-as-president,503013,will-biden-complete-his-term-as-president,No,0.06481725245078977,30007.442856,1945.0,6.5%,,,,,,,,,,2026-05-28 01:01:34 UTC,2024-12-20 17:05:44+00:00,2024-12-20 17:05:44 UTC,0x99f3505eaf21aa7eaf00c0fe03f8ba9ab54889897a8bb5562b0a8bbdb5c0aa33,0x70cca61fbc25c807430fffa8f7716ada04e0ebcf,True,Yes,0.0,False,,100,1542.7991193536243,2.0,0.0,-102.0,-1.0
10214,Will a Democrat win Arizona US Senate Election?,arizona-us-senate-election-winner,500614,will-a-democrat-win-arizona-us-senate-election,No,0.062,31350.18,1943.71,6.2%,,,,,,,,,,2026-05-28 01:01:11 UTC,2024-11-08 02:06:07+00:00,2024-11-08 02:06:07 UTC,0x9197be1928e2d3955ad4e29d3d1f69d1de174115e813316b57b8c45df4e41429,0x3cf3e8d5427aed066a7a5926980600f6c3cf87b3,True,Yes,0.0,False,,100,1612.9032258064517,2.0,0.0,-102.0,-1.0
10140,Will Putin remain President of Russia through 2024?,will-putin-remain-president-of-russia-through-2024,500444,will-putin-remain-president-of-russia-through-2024,No,0.019,102200.32,1941.81,1.9%,,,,,,,,,,2026-05-28 01:01:11 UTC,2024-12-14 18:56:59+00:00,2024-12-14 18:56:59 UTC,0xe19815b7f8b379e2c8b80860a1f874353bde3fcc57fb0e9ddb351dc214bb3946,0x442341108629af784b50eedcb7c00047b1eb5d17,True,Yes,0.0,False,,100,5263.1578947368425,2.0,0.0,-102.0,-1.0
12700,Israeli forces enters Lebanon in September?,israeli-forces-enters-lebanon-in-september,507472,israeli-forces-enters-lebanon-in-september,No,0.011616319083649441,166828.73,1937.94,1.2%,,,,,,,,,,2026-05-28 01:02:47 UTC,2024-10-01 00:33:16+00:00,2024-10-01 00:33:16 UTC,0xe7df3ef6106990b28b7ee2c628ec0415c9e3364c14eb2657e088cafd342e6472,0x9e9a1fa7a66d409094b28d000e736c5ce07a8d22,True,Yes,0.0,False,,100,8608.578955166191,2.0,0.0,-102.0,-1.0
12641,TikTok banned in the US before May 2025?,tiktok-banned-in-the-us-before-may-2025,507276,tiktok-banned-in-the-us-before-may-2025,No,0.08413365218453982,23022.892133,1937.0,8.4%,,,,,,,,,,2026-05-28 01:02:43 UTC,2025-01-19 18:09:17+00:00,2025-01-19 18:09:17 UTC,0x9f94e786b9ad2306c60f37522da8f77bc2430287e3cdda494cbbb967d4a61851,0xb4bea0b8cb752185bfcfd86ef6d3e3fd53667968,True,Yes,0.0,False,,100,1188.585035874334,2.0,0.0,-102.0,-1.0
12877,Will Trump be Speaker by January 1?,will-trump-be-speaker-by-january-1,508204,will-trump-be-speaker-by-january-1,Yes,0.01923086666975652,100544.18,1933.55,1.9%,,,,,,,,,,2026-05-28 01:02:51 UTC,2024-12-08 14:49:01+00:00,2024-12-08 14:49:01 UTC,0xe1ee6fecad96969cfff8dfbce395def13d9922c1f644eed2f409b74c9710d8ef,0xcf7c3d0c796b2aaaccfd613236431a0ec7cdf2cb,True,No,0.0,False,,100,5199.9736526313345,2.0,0.0,-102.0,-1.0
11385,Will Mark Kelly be the 2024 Democratic VP nominee?,democratic-vp-nominee,503228,will-mark-kelly-be-the-2024-democratic-vp-nominee,Yes,0.07998554073311254,24163.742375,1932.75,8.0%,,,,,,,,,,2026-05-28 01:01:40 UTC,2024-08-01 02:12:58+00:00,2024-08-01 02:12:58 UTC,0x80775c1815592aabdaec1a3643b47ec404ca363be42b96d21c39d2dba37be81e,0x1a44e97f2fbd31926b66060944135e164d753614,True,No,0.0,False,,100,1250.2259668865606,2.0,0.0,-102.0,-1.0
12641,TikTok banned in the US before May 2025?,tiktok-banned-in-the-us-before-may-2025,507276,tiktok-banned-in-the-us-before-may-2025,No,0.02287816596373418,84479.2368,1932.73,2.3%,,,,,,,,,,2026-05-28 01:02:43 UTC,2025-01-19 06:59:53+00:00,2025-01-19 06:59:53 UTC,0xb821040a2952f169738a21d36d0282d0abe54f9f3664f2ff0dfd64d527d838a2,0x521b15a9a5d19b52b12e09893a455b9b40e7a733,True,Yes,0.0,False,,100,4370.97974367863,2.0,0.0,-102.0,-1.0
15727,Trump Admin confirms Aliens exist in first 100 days?,trump-administration-confirms-aliens-exist-in-first-100-days,516186,trump-administration-confirms-aliens-exist-in-first-100-days,Yes,0.08,24154.56,1932.36,8.0%,,,,,,,,,,2026-05-28 01:04:24 UTC,2024-12-25 05:02:22+00:00,2024-12-25 05:02:22 UTC,0x8b7d8f871645461cb8d62d0b90b9a1d316c8c1efe34606bfe9bcc43a6f3f8f7e,0xe6612f88c7745e9db0b001308103b9a0ab61b59d,True,No,0.0,False,,100,1250.0,2.0,0.0,-102.0,-1.0
12374,Favorite to win on Polymarket day after debate?,favorite-to-win-on-polymarket-one-day-after-debate,506376,favorite-to-win-on-polymarket-one-day-after-debate,Trump,0.08,24121.09,1929.69,8.0%,,,,,,,,,,2026-05-28 01:02:38 UTC,2024-09-12 02:44:02+00:00,2024-09-12 02:44:02 UTC,0x8277043fd8e2d92b51af1d51a38d90c9545ac679c23d4886ccdfbe3567a7f248,0x8a4c788f043023b8b28a762216d037e9f148532b,True,Kamala,0.0,False,,100,1250.0,2.0,0.0,-102.0,-1.0
15602,Will the AFD be part of the next German government?,which-parties-will-be-part-of-next-german-government,515840,will-the-afd-be-part-of-the-next-german-government,Yes,0.08999999996076559,21409.777776,1926.88,9.0%,,,,,,,,,,2026-05-28 01:04:17 UTC,2025-01-24 10:27:06+00:00,2025-01-24 10:27:06 UTC,0x619b72c212517071af53a4d54976b3464ff8a73b0f573ba35f74b293b90a9869,0x37e4728b3c4607fb2b3b205386bb1d1fb1a8c991,True,No,0.0,False,,100,1111.1111115954866,2.0,0.0,-102.0,-1.0
12641,TikTok banned in the US before May 2025?,tiktok-banned-in-the-us-before-may-2025,507276,tiktok-banned-in-the-us-before-may-2025,No,0.04934354239981646,39037.327,1926.24,4.9%,,,,,,,,,,2026-05-28 01:02:43 UTC,2025-01-19 20:03:38+00:00,2025-01-19 20:03:38 UTC,0xb3603bae098900e9a4b110ad91908412bc4b460ca4af7e5316b951be9a32337d,0x6a7fc1395c87702b7317c4c26efe2dc1656539e9,True,Yes,0.0,False,,100,2026.6076397541324,2.0,0.0,-102.0,-1.0
14196,Will Xi Jinping attend presidential inauguration?,who-will-attend-trump-inauguration,515473,will-xi-jinping-attend-presidential-inauguration,Yes,0.04996968845056792,38523.354031,1925.0,5.0%,,,,,,,,,,2026-05-28 01:03:39 UTC,2025-01-16 03:53:55+00:00,2025-01-16 03:53:55 UTC,0x5e079c14b898bb39dfea762614e35748c89791ce109a9c34b32511df072cf84d,0xf872d4f5aa50930d2fb46253bd81e17b359e9b11,True,No,0.0,False,,100,2001.2131974551758,2.0,0.0,-102.0,-1.0
17174,Was JFK assassination an inside job?,was-jfk-assassination-an-inside-job-march-31,519906,was-jfk-assassination-an-inside-job-march-31,Yes,0.02041195181798699,94219.309165,1923.2,2.0%,,,,,,,,,,2026-05-28 01:04:59 UTC,2025-03-19 02:38:49+00:00,2025-03-19 02:38:49 UTC,0x7cc9a379466c5011532b2967d8b4c0e71ad229b78d61f950faf72e1ed3c7b6d7,0xaaa9ced5e7ae62749739590269cde084beddb9bb,True,No,0.0,False,,100,4899.090537333138,2.0,0.0,-102.0,-1.0
12641,TikTok banned in the US before May 2025?,tiktok-banned-in-the-us-before-may-2025,507276,tiktok-banned-in-the-us-before-may-2025,No,0.015469530693152857,124192.52,1921.2,1.5%,,,,,,,,,,2026-05-28 01:02:43 UTC,2025-01-21 15:42:47+00:00,2025-01-21 15:42:47 UTC,0xb20e8abce64990f8fa8bda71bce3c9008f5689aa7d478064af4ea5982c279dfd,0x7f8382ea75f482f41e7cb6d69ce1e5f072bdc71c,True,Yes,0.0,False,,100,6464.320216531334,2.0,0.0,-102.0,-1.0
15665,Fed decreases interest rates by 25 bps after March 2025 meeting?,fed-decision-in-march,516009,fed-decreases-interest-rates-by-25-bps-after-march-2025-meeting,Yes,0.05764109997566632,33329.516609,1921.15,5.8%,,,,,,,,,,2026-05-28 01:04:20 UTC,2025-03-03 21:50:55+00:00,2025-03-03 21:50:55 UTC,0xab42784ac8e0404271b1da7ef0281ec55200eb4410861232f04f4200ebafa04c,0x618c6ad4380f9d216a70020480fd8a1ff01a0f4e,True,No,0.0,False,,100,1734.873207524073,2.0,0.0,-102.0,-1.0
14220,Fed decreases interest rates by 25 bps after January 2025 meeting?,fed-interest-rates-january-2025,512323,fed-decreases-interest-rates-by-25-bps-after-january-2025-meeting,Yes,0.02382951507748744,80428.52,1916.57,2.4%,,,,,,,,,,2026-05-28 01:03:45 UTC,2025-01-29 11:51:12+00:00,2025-01-29 11:51:12 UTC,0x8eb09cbb65fde3e66126827477ad64326c4ae8026e2103664cf758b40809de5e,0x24f3010a46dc9860e94b15ca91fe370182a09561,True,No,0.0,False,,100,4196.476498780013,2.0,0.0,-102.0,-1.0
14199,Will Trump create Bitcoin reserve in first 100 days?,will-trump-create-a-national-bitcoin-reserve-in-his-first-100-days,512250,will-trump-create-a-national-bitcoin-reserve-in-his-first-100-days,Yes,0.06,31867.73,1912.06,6.0%,,,,,,,,,,2026-05-28 01:03:36 UTC,2025-04-15 18:08:07+00:00,2025-04-15 18:08:07 UTC,0xc5cba78b62c46abba901b1abde0726e2b6c35b792190f27725bfb044955b4a6a,0x4e05ed8c847b38a16df99e37f52a30231a06e2fd,True,No,0.0,False,,100,1666.6666666666667,2.0,0.0,-102.0,-1.0
16108,Russia x Ukraine ceasefire in 2025?,russia-x-ukraine-ceasefire-in-2025,516719,russia-x-ukraine-ceasefire-in-2025,Yes,0.026,73212.05,1903.51,2.6%,,,,,,,,,,2026-05-28 01:04:29 UTC,2025-12-12 16:28:36+00:00,2025-12-12 16:28:36 UTC,0x3aff042c28ec97cc2e32e027b8072de7e7c302450f5847395d5643a2c93ab79d,0x67f9ac55ba4f65542be8613b76d1f136a369d241,True,No,0.0,False,,100,3846.153846153846,2.0,0.0,-102.0,-1.0
11650,JD Vance replaced as Republican VP nominee?,jd-vance-steps-down-as-republican-vp-nominee,503989,jd-vance-steps-down-as-republican-vp-nominee,Yes,0.06320989109332946,30106.680554,1903.04,6.3%,,,,,,,,,,2026-05-28 01:01:53 UTC,2024-08-08 15:50:09+00:00,2024-08-08 15:50:09 UTC,0x99f0682c257f39a6be23eebd2d824204f3ea5f4bea6e169f12b3951b10c66042,0x2d8d84f29c7cbc4336cb5017845519581014eb66,True,No,0.0,False,,100,1582.0308858363624,2.0,0.0,-102.0,-1.0
11910,GOP wins popular vote by 2-3%?,popular-vote-margin-of-victory-in-presidential-election,504678,gop-wins-popular-vote-by-2-3,Yes,0.05986548823448593,31737.8185,1900.0,6.0%,,,,,,,,,,2026-05-28 01:02:06 UTC,2024-11-05 23:24:53+00:00,2024-11-05 23:24:53 UTC,0x70e71027c7a4b2cedd3d01c8a2247701253f8c17cfb58177b6e1c3a3896c5cda,0x072afc0a066adc5b75c989de372adb952268cee6,True,No,0.0,False,,100,1670.4115,2.0,0.0,-102.0,-1.0
12603,Russia x Ukraine Ceasefire in 2024?,russia-x-ukraine-ceasefire-in-2024,507115,russia-x-ukraine-ceasefire-in-2024,Yes,0.07109615321389452,26721.417589,1899.79,7.1%,,,,,,,,,,2026-05-28 01:02:44 UTC,2024-12-29 20:09:04+00:00,2024-12-29 20:09:04 UTC,0x5d63ae1ef8b23061180639fa401f9afbd13b059cc593114bbbdd3eacf8722646,0x97c87008ad825f217354caaec54c66a6f57946e0,True,No,0.0,False,,100,1406.5458604932892,2.0,0.0,-102.0,-1.0
11910,Democrats win popular vote by 3-4%?,popular-vote-margin-of-victory-in-presidential-election,504702,democrats-win-popular-vote-by-3-4,Yes,0.08,23735.16,1898.81,8.0%,,,,,,,,,,2026-05-28 01:02:06 UTC,2024-10-28 18:03:28+00:00,2024-10-28 18:03:28 UTC,0xf3a158754fcaed022363f6fb47f6f46d3e1a721ae2fd19dd0f2793ae79cc4735,0xe0dbdb7f005f233f4510e4ef7e53a2f76a8df44e,True,No,0.0,False,,100,1250.0,2.0,0.0,-102.0,-1.0
12641,TikTok banned in the US before May 2025?,tiktok-banned-in-the-us-before-may-2025,507276,tiktok-banned-in-the-us-before-may-2025,No,0.018861463800000002,100000.0,1886.15,1.9%,,,,,,,,,,2026-05-28 01:02:43 UTC,2025-01-19 08:11:45+00:00,2025-01-19 08:11:45 UTC,0x28862b073c4296e3b43da507c5cea8a674e6bef7ab895c1c56c9db2c16cb2932,0xc7aa5e79847786a6acc381befe4e0e0719e6d0f0,True,Yes,0.0,False,,100,5301.815440220498,2.0,0.0,-102.0,-1.0
11889,Harris-Walz Democratic ticket on election day?,harris-walz-final-democratic-ticket,504603,harris-walz-final-democratic-ticket,No,0.075,25146.66,1886.0,7.5%,,,,,,,,,,2026-05-28 01:02:10 UTC,2024-08-17 17:14:38+00:00,2024-08-17 17:14:38 UTC,0x3323e7e2344cecc73b98e847957c66f59724db3b2a7e5a94e4a15fab921a1f35,0x033bf8f7060936e040f37a026b156a1644449165,True,Yes,0.0,False,,100,1333.3333333333335,2.0,0.0,-102.0,-1.0
11887,Tim Walz replaced as Democratic VP nominee?,tim-walz-out-as-democratic-vp-nominee,504598,tim-walz-out-as-democratic-vp-nominee,Yes,0.075,25132.0,1884.9,7.5%,,,,,,,,,,2026-05-28 01:02:11 UTC,2024-08-08 08:09:27+00:00,2024-08-08 08:09:27 UTC,0xc1fcf86f44fe5c03d69529090a9aa4c74c17c11bf6d5398c01c0cd7e2ff90e74,0x282aa94cc5751f08dfb9be98fecbae84b7e19bce,True,No,0.0,False,,100,1333.3333333333335,2.0,0.0,-102.0,-1.0
10656,Will a Republican win the popular vote and a Democrat win the Presidency?,which-party-wins-presidency-popular-vote,501588,will-a-republican-win-the-popular-vote-and-a-democrat-win-the-presidency,Yes,0.02357044754712109,79928.12,1883.94,2.4%,,,,,,,,,,2026-05-28 01:01:21 UTC,2024-11-05 15:50:37+00:00,2024-11-05 15:50:37 UTC,0x05097c8b36f4d139c74228e706d93e95abfe62226d1dba6646ceec060fb461a4,0x5fad92854594fe545456ccffd92749e65d241d0a,True,No,0.0,False,,100,4242.600816131473,2.0,0.0,-102.0,-1.0
16180,"Maduro out by November 30, 2025?",maduro-out-in-2025,663849,maduro-out-by-november-30-2025,Yes,0.08253739318352761,22748.13,1877.57,8.3%,,,,,,,,,,2026-05-28 01:04:33 UTC,2025-11-15 11:56:51+00:00,2025-11-15 11:56:51 UTC,0xebc83df7532e2a944ce4d8c9616d29ea2c45a7a49bcf7eaa7eec09e54cf2bf1f,0xd5a487e5df21a86bdd9fba29ae8d5a6a3b2bc8a2,True,No,0.0,False,,100,1211.5720662226765,2.0,0.0,-102.0,-1.0
11321,Will Biden announce resignation by July 31?,will-biden-resign-by-july-31,503011,will-biden-resign-by-july-31,Yes,0.09525336372344796,19688.8585,1875.43,9.5%,,,,,,,,,,2026-05-28 01:01:36 UTC,2024-07-18 01:22:11+00:00,2024-07-18 01:22:11 UTC,0xe031b8cbae6d0c2079eed38a341d02f664bc12f9ef12b6bccf69f579608f2389,0xb6595ce64e69ff45cc4c9a89ae1b85c7d10c65a1,True,No,0.0,False,,100,1049.8316919319836,2.0,0.0,-102.0,-1.0
11696,No change in Fed interest rates after 2024 September meeting?,fed-interest-rates-september-2024,504071,no-change-in-fed-interest-rates-after-2024-september-meeting,Yes,0.014434225406305895,129713.23,1872.31,1.4%,,,,,,,,,,2026-05-28 01:01:54 UTC,2024-09-18 00:10:46+00:00,2024-09-18 00:10:46 UTC,0x0f7107d356f47e5f4539366cec2bb88bc7f36c5befed35876a299dbe41895062,0x737868ef520c3b4f4c38d76f97ca87df8a3112dc,True,No,0.0,False,,100,6927.978272828752,2.0,0.0,-102.0,-1.0
12327,Will there be a US Government shutdown? ,us-government-shutdown-before-2025,506202,us-government-shutdown-before-2025,No,0.016,116936.25,1870.98,1.6%,,,,,,,,,,2026-05-28 01:02:35 UTC,2024-12-23 01:03:30+00:00,2024-12-23 01:03:30 UTC,0xffc2d4df1f3fcd4b2a147dd208d35978c1ed84f63051bb10119d5e8e6e5be6b6,0xb887a02871f6cd54c05f00d8942f0ef3b9858048,True,Yes,0.0,False,,100,6250.0,2.0,0.0,-102.0,-1.0
12641,TikTok banned in the US before May 2025?,tiktok-banned-in-the-us-before-may-2025,507276,tiktok-banned-in-the-us-before-may-2025,No,0.051587978104125354,36248.755383,1870.0,5.2%,,,,,,,,,,2026-05-28 01:02:43 UTC,2025-01-19 21:22:48+00:00,2025-01-19 21:22:48 UTC,0x888327ae4198b4514dc9a1dc1bb6009d0d320f2b5f0f200f6cf9210cf9e58cd4,0xd68979f466f7a129005632fb5e8b7c9980b87b00,True,Yes,0.0,False,,100,1938.4361177745648,2.0,0.0,-102.0,-1.0
13272,Will Trump win no swing states?,how-many-swing-states-will-trump-win,509222,will-trump-win-no-swing-states,Yes,0.09,20774.14,1869.67,9.0%,,,,,,,,,,2026-05-28 01:02:56 UTC,2024-10-24 16:25:25+00:00,2024-10-24 16:25:25 UTC,0xa29e93ff04cdee8352355f1cb6b85251eae74a50a000c1257d556bb8145acb8c,0xe9ee7293894564d1e2607d928abfd3e98642d947,True,No,0.0,False,,100,1111.111111111111,2.0,0.0,-102.0,-1.0
11143,Will Trump launch a coin before the election?,will-trump-launch-a-coin-before-the-election,502571,will-trump-launch-a-coin-before-the-election,No,0.015,124549.54,1868.24,1.5%,,,,,,,,,,2026-05-28 01:01:31 UTC,2024-10-17 12:12:06+00:00,2024-10-17 12:12:06 UTC,0xcd61da557b120626e2996cd96552f6f5e65352d1712d3eba2c7777947d46f27a,0x0650b70814f32bb8e79bfdc867617505ab83bc71,True,Yes,0.0,False,,100,6666.666666666667,2.0,0.0,-102.0,-1.0
10588,Will Tulsi Gabbard win the 2024 Republican VP nomination?,republican-vp-supplemental,501432,will-tulsi-gabbard-win-the-2024-republican-vp-nomination,Yes,0.049969237353877434,37383.0,1868.0,5.0%,,,,,,,,,,2026-05-28 01:01:21 UTC,2024-06-25 11:09:46+00:00,2024-06-25 11:09:46 UTC,0xeec898dce6799f3e601074075353f002c2e0edccb3f706b75eed7a3b441efc49,0x50bcabfd0fb9665916b6d821c8b427deda7278c2,True,No,0.0,False,,100,2001.2312633832976,2.0,0.0,-102.0,-1.0
12641,TikTok banned in the US before May 2025?,tiktok-banned-in-the-us-before-may-2025,507276,tiktok-banned-in-the-us-before-may-2025,No,0.03962433447573627,47090.507,1865.93,4.0%,,,,,,,,,,2026-05-28 01:02:43 UTC,2025-01-19 22:10:54+00:00,2025-01-19 22:10:54 UTC,0x51f03f8e0fb0d8cae671443eb202bf02fc145518404db383972cc90ee78c0930,0xe6a1a57278a5e93407665a31707b96b9bdf2f2c8,True,Yes,0.0,False,,100,2523.701692989555,2.0,0.0,-102.0,-1.0
10799,Israel x Hamas ceasefire before September?,israel-x-hamas-ceasefire-before-september,501863,israel-x-hamas-ceasefire-before-september,Yes,0.09,20695.0,1862.55,9.0%,,,,,,,,,,2026-05-28 01:01:27 UTC,2024-08-23 00:39:49+00:00,2024-08-23 00:39:49 UTC,0x4c4100d153be3ee900b6998a66da5ae6fd5d216493d733ea535cb1d152643a3c,0x7bda5bceac127c3fc41d7fe7ac335593aaaa121b,True,No,0.0,False,,100,1111.111111111111,2.0,0.0,-102.0,-1.0
11827,No change in Fed interest rates after 2024 November meeting?,fed-interest-rates-november-2024,504493,no-change-in-fed-interest-rates-after-2024-november-meeting,Yes,0.01,186207.72,1862.08,1.0%,,,,,,,,,,2026-05-28 01:02:03 UTC,2024-11-07 18:59:30+00:00,2024-11-07 18:59:30 UTC,0xd231b08640fb4d23c79e60e64eebb1b8f6b036597285643fe0608b6f08fac995,0xc6208602d8a6295983ebfe0b0aeb51ce92a82da3,True,No,0.0,False,,100,10000.0,2.0,0.0,-102.0,-1.0
11385,Will Pete Buttigieg be the 2024 Democratic VP nominee?,democratic-vp-nominee,503175,will-pete-buttigieg-be-the-2024-democratic-vp-nomination,Yes,0.033050632568745124,56300.284,1860.76,3.3%,,,,,,,,,,2026-05-28 01:01:40 UTC,2024-07-31 13:37:47+00:00,2024-07-31 13:37:47 UTC,0x8f90769e28096b38ee49893e4159a5c5f7ac4d955443222b8d5e592e0e3be4ff,0x0e0641cbd7849962226f5357f8a47f9b71da15d5,True,No,0.0,False,,100,3025.660697779402,2.0,0.0,-102.0,-1.0
14039,Will Biden resign in 2024?,will-biden-resign-in-2024,511885,will-biden-resign-in-2024,Yes,0.047124317166252844,39470.067915,1860.0,4.7%,,,,,,,,,,2026-05-28 01:03:33 UTC,2024-11-19 12:33:37+00:00,2024-11-19 12:33:37 UTC,0x4fb4611437a90205d625b126372d0db6b6601d8aad34e807c820d5fd1e29308d,0x48362f4c13c94804eb5a9bd79cf6de830d930964,True,No,0.0,False,,100,2122.0466632376592,2.0,0.0,-102.0,-1.0
17140,Fed decreases interest rates by 50+ bps after May 2025 meeting?,fed-decision-in-may-2025,519776,fed-decreases-interest-rates-by-50-bps-after-may-2025-meeting,Yes,0.039853726481806885,46666.0,1859.81,4.0%,,,,,,,,,,2026-05-28 01:04:57 UTC,2025-03-07 07:53:34+00:00,2025-03-07 07:53:34 UTC,0xe64bb36aaa96c8c9043e511677b69a7587b4b0648f907ebe1f5c9d1c07c8b30c,0x42a6ddf7cf7032972b0bfe32775e8109c5171b64,True,No,0.0,False,,100,2509.1756487476705,2.0,0.0,-102.0,-1.0
15437,Will Biden pardon SBF?,who-will-biden-pardon,500502,will-biden-pardon-sbf-this-term,Yes,0.05855323889342258,31742.223558,1858.61,5.9%,,,,,,,,,,2026-05-28 01:04:14 UTC,2024-12-27 03:07:17+00:00,2024-12-27 03:07:17 UTC,0xff886620283a2a1edaa4e3ad2e0c001640e6dcee6d0ba75f287bab36619b4fe4,0x408f36d395a42057e7337ca4da3192e21eb1f530,True,No,0.0,False,,100,1707.8474545535896,2.0,0.0,-102.0,-1.0
10995,Biden drops out by July 4? ,biden-drops-out-after-debate,502223,biden-drops-out-after-debate,Yes,0.06680686514583667,27789.65,1856.54,6.7%,,,,,,,,,,2026-05-28 01:01:30 UTC,2024-06-30 01:28:01+00:00,2024-06-30 01:28:01 UTC,0xdf3b01dc15198bd5e0c9bdaf6ad10138b0683aee8a4d21b2d812e89e912051fa,0x9d84ce0306f8551e02efef1680475fc0f1dc1344,True,No,0.0,False,,100,1496.8521540668623,2.0,0.0,-102.0,-1.0
15437,Will Biden pardon Diddy?,who-will-biden-pardon,507434,will-biden-pardon-diddy,Yes,0.018,103041.29,1854.74,1.8%,,,,,,,,,,2026-05-28 01:04:14 UTC,2024-12-14 19:29:17+00:00,2024-12-14 19:29:17 UTC,0xcd08680f664f60ce105959f58b98451a85c4ed0e5f9766f15af9cd34d7d26fab,0x442341108629af784b50eedcb7c00047b1eb5d17,True,No,0.0,False,,100,5555.555555555556,2.0,0.0,-102.0,-1.0
16180,"Maduro out by January 31, 2026?",maduro-out-in-2025,916440,maduro-out-by-january-31-2026-318,Yes,0.09782954669541398,18938.348,1852.73,9.8%,,,,,,,,,,2026-05-28 01:04:28 UTC,2025-12-31 02:33:57+00:00,2025-12-31 02:33:57 UTC,0xe7618eb8c101b875ae5041d10c77561b30ab8ce269f86a411b2513dd6bbec5ee,0xcb8648617f704d4b2afb36b8cc86adc5755372e9,True,Yes,0.0,True,,100,1022.1860713649587,2.0,1022.1860713649587,920.1860713649587,9.021432072205478
12327,Will there be a US Government shutdown? ,us-government-shutdown-before-2025,506202,us-government-shutdown-before-2025,No,0.017,108856.92,1850.57,1.7%,,,,,,,,,,2026-05-28 01:02:35 UTC,2024-12-23 01:10:05+00:00,2024-12-23 01:10:05 UTC,0x90dc72049246e70397a5909214433959ad73b85028f0cfd6375e631a8ac0d295,0xb887a02871f6cd54c05f00d8942f0ef3b9858048,True,Yes,0.0,False,,100,5882.35294117647,2.0,0.0,-102.0,-1.0
12681,Will Israel invade Lebanon in September?,will-israel-invade-lebanon-in-september,507417,will-israel-invade-lebanon-in-september,Yes,0.074,25000.0,1850.0,7.4%,,,,,,,,,,2026-05-28 01:02:46 UTC,2024-10-07 05:07:18+00:00,2024-10-07 05:07:18 UTC,0x018d1a96c1fb5e3e895ee75d5d2bbd25ef01af3ecc618c5ee24c39f357ec8858,0x62d2bcd198bb6eab8b7eeb9d2061815dc02b9eb7,True,No,0.0,False,,100,1351.3513513513515,2.0,0.0,-102.0,-1.0
14199,Will Trump create Bitcoin reserve in first 100 days?,will-trump-create-a-national-bitcoin-reserve-in-his-first-100-days,512250,will-trump-create-a-national-bitcoin-reserve-in-his-first-100-days,Yes,0.06,30825.91,1849.55,6.0%,,,,,,,,,,2026-05-28 01:03:36 UTC,2025-04-28 14:58:14+00:00,2025-04-28 14:58:14 UTC,0xe6afe43069129235b556904e067d95479acd10153c960f75000add698875ab00,0x1d04d5b13ba31ca6f3b9526ded9cfe43519ced05,True,No,0.0,False,,100,1666.6666666666667,2.0,0.0,-102.0,-1.0
14874,Will Rafał Trzaskowski be the next President of Poland?,poland-presidential-election,514139,will-rafa-trzaskowski-be-the-next-president-of-poland,Yes,0.07738587190364551,23847.376189,1845.45,7.7%,,,,,,,,,,2026-05-28 01:04:01 UTC,2025-06-01 22:24:15+00:00,2025-06-01 22:24:15 UTC,0x857f1a739fcfe6003790bc3fb52163f8b0a27a69743cc8c6ae3f282f3360246b,0x2419ad29d66994fe7d60ed01db96243886c42eed,True,No,0.0,False,,100,1292.2255385907097,2.0,0.0,-102.0,-1.0
17792,Fed decreases interest rates by 25 bps after June 2025 meeting?,fed-decision-in-june,521835,fed-decreases-interest-rates-by-25-bps-after-june-2025-meeting,Yes,0.012000000000130063,153771.666665,1845.26,1.2%,,,,,,,,,,2026-05-28 01:05:07 UTC,2025-06-18 15:22:30+00:00,2025-06-18 15:22:30 UTC,0x9c11deea61975b2108a874a029eb8801808e03483eb4cbf87df59ead05a484e5,0xaa4af868920335450b19f0ac10e266141c6e97dd,True,No,0.0,False,,100,8333.333333243012,2.0,0.0,-102.0,-1.0
16432,Conservatives win majority in Canadian election?,will-the-conservative-party-win-a-majority-in-next-canadian-election,517600,will-the-conservative-party-win-a-majority-in-next-canadian-election,Yes,0.06696964959759176,27519.928954,1843.0,6.7%,,,,,,,,,,2026-05-28 01:04:36 UTC,2025-04-26 14:24:14+00:00,2025-04-26 14:24:14 UTC,0xb4f97c2c8c8d14a03400c44c531e715926e61f6417692207281ad4b811dd836b,0xadf9bce0707a5de3b7ccf7c3fa712d10410db2cb,True,No,0.0,False,,100,1493.213725932292,2.0,0.0,-102.0,-1.0
14547,Will Assad remain President of Syria through 2024?,will-assad-remain-president-of-syria-through-2024,513334,will-assad-remain-president-of-syria-through-2024,Yes,0.032,57545.37,1841.45,3.2%,,,,,,,,,,2026-05-28 01:03:57 UTC,2024-12-08 09:23:43+00:00,2024-12-08 09:23:43 UTC,0x2f98054bccddb5477ce4f8c4b39881183e12328353f7b8da58e83c0015719bbe,0x43e329d2cd4d8064e981fa4592a507040256c7f2,True,No,0.0,False,,100,3125.0,2.0,0.0,-102.0,-1.0
15665,Fed decreases interest rates by 50+ bps after March 2025 meeting?,fed-decision-in-march,516008,fed-decreases-interest-rates-by-50-bps-after-march-2025-meeting,Yes,0.017857635604453484,103093.155263,1841.0,1.8%,,,,,,,,,,2026-05-28 01:04:20 UTC,2025-03-05 11:40:28+00:00,2025-03-05 11:40:28 UTC,0x9f2cdc3a09e6ccf70b59beccf5df992edc3cd27a85b1b380630f3b6a6bfd0fc9,0x11587573f9583e00bafc8855ae8579a692067a63,True,No,0.0,False,,100,5599.845478707225,2.0,0.0,-102.0,-1.0
17174,Was JFK assassination an inside job?,was-jfk-assassination-an-inside-job-march-31,519906,was-jfk-assassination-an-inside-job-march-31,Yes,0.02471009264934539,74442.051922,1839.47,2.5%,,,,,,,,,,2026-05-28 01:04:59 UTC,2025-03-19 00:30:18+00:00,2025-03-19 00:30:18 UTC,0x26bd439d272007b1a48a583760c68e3505a0d0a46621ce94253c012db29d4e91,0x668a0e5dcd5eb089f30788b78ed789cffcef33f3,True,No,0.0,False,,100,4046.929383028807,2.0,0.0,-102.0,-1.0
11650,JD Vance replaced as Republican VP nominee?,jd-vance-steps-down-as-republican-vp-nominee,503989,jd-vance-steps-down-as-republican-vp-nominee,Yes,0.07,26220.51,1835.44,7.0%,,,,,,,,,,2026-05-28 01:01:53 UTC,2024-07-31 18:44:53+00:00,2024-07-31 18:44:53 UTC,0xe5e98f40d7b0453cf081cff1d5a183624edcfec93f7e81330ac9bf6f4dbc9125,0x9d84ce0306f8551e02efef1680475fc0f1dc1344,True,No,0.0,False,,100,1428.5714285714284,2.0,0.0,-102.0,-1.0
14199,Will Trump create Bitcoin reserve in first 100 days?,will-trump-create-a-national-bitcoin-reserve-in-his-first-100-days,512250,will-trump-create-a-national-bitcoin-reserve-in-his-first-100-days,Yes,0.07,26207.34,1834.51,7.0%,,,,,,,,,,2026-05-28 01:03:36 UTC,2025-04-15 17:26:47+00:00,2025-04-15 17:26:47 UTC,0x52037783eeed1ffdcc76dd4d053dfe4e7e279a6cd73d2861420e3294ea9bdceb,0xd1acd3925d895de9aec98ff95f3a30c5279d08d5,True,No,0.0,False,,100,1428.5714285714284,2.0,0.0,-102.0,-1.0
12795,Israel x Hezbollah Ceasefire in 2024?,israel-x-hezbollah-ceasefire-in-2024,507792,israel-x-hezbollah-ceasefire-in-2024,No,0.08040074221333286,22798.297,1833.0,8.0%,,,,,,,,,,2026-05-28 01:02:49 UTC,2024-11-26 17:03:22+00:00,2024-11-26 17:03:22 UTC,0x4d0755c52b83bd4cc7bdae279c93a8c1d1695864deaa13e31d72829a8ba7e4f3,0x888fea77ba5b95784259be39667f7761b3575c80,True,Yes,0.0,False,,100,1243.7696126568467,2.0,0.0,-102.0,-1.0
11385,Will Tim Walz be the 2024 Democratic VP nominee?,democratic-vp-nominee,503191,will-tim-walz-be-the-2024-democratic-vp-nominee,Yes,0.058,31510.96,1827.64,5.8%,,,,,,,,,,2026-05-28 01:01:40 UTC,2024-07-31 04:03:45+00:00,2024-07-31 04:03:45 UTC,0xbd488a6767d803875621b8ceacca4ff682fca658aa54ba00ddcba85d96931f12,0xc6154a43bc53f7c267d295b29510a030c489221d,True,Yes,0.0,True,,100,1724.1379310344826,2.0,1724.1379310344826,1622.1379310344826,15.903313049357672
11887,Tim Walz replaced as Democratic VP nominee?,tim-walz-out-as-democratic-vp-nominee,504598,tim-walz-out-as-democratic-vp-nominee,Yes,0.029996058816130957,60903.02,1826.85,3.0%,,,,,,,,,,2026-05-28 01:02:08 UTC,2024-10-01 09:44:12+00:00,2024-10-01 09:44:12 UTC,0x59c57e88dabe87950325d7421e2b5b3becf072352c1a5323c8b66e0107df3567,0x0f50a317131f6d8b1d8494411baef3da11b24861,True,No,0.0,False,,100,3333.771300189046,2.0,0.0,-102.0,-1.0
11827,Fed decreases interest rates by 50 bps after November 2024 meeting?,fed-interest-rates-november-2024,504491,fed-decreases-interest-rates-by-50-bps-after-november-2024-meeting,Yes,0.02792835732639553,65373.698054,1825.78,2.8%,,,,,,,,,,2026-05-28 01:02:03 UTC,2024-11-06 04:36:19+00:00,2024-11-06 04:36:19 UTC,0x6e01e4fdb2c85772e158d6d549e2bfe83c13d22633aa0c4755f517d03539abe8,0x0914c946a8e2843113494be5676c0c82c02b9c93,True,No,0.0,False,,100,3580.5901088743385,2.0,0.0,-102.0,-1.0
10656,Will a Republican win the popular vote and a Democrat win the Presidency?,which-party-wins-presidency-popular-vote,501588,will-a-republican-win-the-popular-vote-and-a-democrat-win-the-presidency,Yes,0.024,76066.42,1825.59,2.4%,,,,,,,,,,2026-05-28 01:01:21 UTC,2024-11-01 18:31:24+00:00,2024-11-01 18:31:24 UTC,0xec73e10b679a178bda4cb1fa6283199edfa32efa5a039b0974a7e66f8c2e5615,0xd7ad2823643b9ebb132d221aa73be62af0264953,True,No,0.0,False,,100,4166.666666666667,2.0,0.0,-102.0,-1.0
11650,JD Vance replaced as Republican VP nominee?,jd-vance-steps-down-as-republican-vp-nominee,503989,jd-vance-steps-down-as-republican-vp-nominee,Yes,0.07819588761643287,23289.17,1821.12,7.8%,,,,,,,,,,2026-05-28 01:01:53 UTC,2024-07-31 18:55:35+00:00,2024-07-31 18:55:35 UTC,0x13d1a70cd3d4fd6190653ea3850dd18cccc925ea574f16f0753b0eecfdf69e2e,0xa710f0eae9129df28a52e886902c443364004173,True,No,0.0,False,,100,1278.8396301672647,2.0,0.0,-102.0,-1.0
12641,TikTok banned in the US before May 2025?,tiktok-banned-in-the-us-before-may-2025,507276,tiktok-banned-in-the-us-before-may-2025,No,0.04,45475.0,1819.0,4.0%,,,,,,,,,,2026-05-28 01:02:43 UTC,2025-01-19 22:10:14+00:00,2025-01-19 22:10:14 UTC,0x1d37e86abae0855ca4af0565dd2a974e06ed4fbcdc417712db409a0c768bf60b,0x35b5cb1069394d2b322d4e21999f94408bed5336,True,Yes,0.0,False,,100,2500.0,2.0,0.0,-102.0,-1.0
12877,Will Trump be Speaker by January 1?,will-trump-be-speaker-by-january-1,508204,will-trump-be-speaker-by-january-1,Yes,0.02089515264367816,87000.0,1817.88,2.1%,,,,,,,,,,2026-05-28 01:02:51 UTC,2024-12-18 23:14:25+00:00,2024-12-18 23:14:25 UTC,0xf01871c1c430e5ae4656dd51315b3228914f039c7fc2bdcbda93cfa6c008df0d,0xcf7c3d0c796b2aaaccfd613236431a0ec7cdf2cb,True,No,0.0,False,,100,4785.798969994845,2.0,0.0,-102.0,-1.0
15665,Fed decreases interest rates by 25 bps after March 2025 meeting?,fed-decision-in-march,516009,fed-decreases-interest-rates-by-25-bps-after-march-2025-meeting,Yes,0.04966877978235091,36565.28,1816.15,5.0%,,,,,,,,,,2026-05-28 01:04:20 UTC,2025-03-03 18:37:40+00:00,2025-03-03 18:37:40 UTC,0x28e25a86c2916c625f95c92b87db6f238b701fd6e40c7da444ddf59c35056e03,0x6a9b04663e24b275bf6258a53976eb1a516e4d6c,True,No,0.0,False,,100,2013.3371594430346,2.0,0.0,-102.0,-1.0
17140,Fed decreases interest rates by 25 bps after May 2025 meeting?,fed-decision-in-may-2025,519777,fed-decreases-interest-rates-by-25-bps-after-may-2025-meeting,Yes,0.02543969735871207,71382.531537,1815.95,2.5%,,,,,,,,,,2026-05-28 01:04:55 UTC,2025-05-04 12:40:13+00:00,2025-05-04 12:40:13 UTC,0x1a4d9240115347294c5f0c42359c3a571447f825434d2c7a2581e8d3dcbe6977,0xa4a9f407ffcacfbee2c567dfa3b48649b830dbcd,True,No,0.0,False,,100,3930.864372714482,2.0,0.0,-102.0,-1.0
16108,Russia x Ukraine ceasefire in 2025?,russia-x-ukraine-ceasefire-in-2025,516719,russia-x-ukraine-ceasefire-in-2025,Yes,0.03398873934769346,53352.081713,1813.37,3.4%,,,,,,,,,,2026-05-28 01:04:29 UTC,2025-12-19 08:35:26+00:00,2025-12-19 08:35:26 UTC,0x357d24466915029bba3ad60b82f202827fb409bcb890117c91a6ba724a6c246d,0xb4c34c5f43f4c19706c997f1230d2c64e0bb7a1b,True,No,0.0,False,,100,2942.1508981852303,2.0,0.0,-102.0,-1.0
15437,Will Biden pardon Trump?,who-will-biden-pardon,506488,will-biden-pardon-trump,Yes,0.07464668387667252,24292.07,1813.32,7.5%,,,,,,,,,,2026-05-28 01:04:14 UTC,2024-11-12 02:57:12+00:00,2024-11-12 02:57:12 UTC,0x22f455430ab1344e15a23319044b296e97bdf14b689732fc33261fad9829bf35,0x35132d9f20ae5e421b32a723669c145cab7f33f6,True,No,0.0,False,,100,1339.64423878782,2.0,0.0,-102.0,-1.0
16108,Russia x Ukraine ceasefire in 2025?,russia-x-ukraine-ceasefire-in-2025,516719,russia-x-ukraine-ceasefire-in-2025,Yes,0.08214058801931706,22047.565554,1811.0,8.2%,,,,,,,,,,2026-05-28 01:04:33 UTC,2025-11-20 12:47:59+00:00,2025-11-20 12:47:59 UTC,0x475b3696bc50cf8d75ad02bcbce8708e49f80f8e187ce951bec984c22379378a,0x6c1f2ef959feac84e3ad5d4d587c3db942b5a772,True,No,0.0,False,,100,1217.4249346313777,2.0,0.0,-102.0,-1.0
10223,"2024 Balance of Power: D Prez, R Senate, R House",balance-of-power-2024-election,500638,2024-balance-of-power-democratic-presidency-republican-house-and-senate,Yes,0.056,32330.93,1810.53,5.6%,,,,,,,,,,2026-05-28 01:01:15 UTC,2024-10-16 15:15:37+00:00,2024-10-16 15:15:37 UTC,0xc846822b2ffc1f00d4ef5380185c5fbf97c1049bbef948266f1f07a3202c15da,0xe6a71e25c227ca55c6fa11956afcb9ea0bb4438d,True,No,0.0,False,,100,1785.7142857142858,2.0,0.0,-102.0,-1.0
12641,TikTok banned in the US before May 2025?,tiktok-banned-in-the-us-before-may-2025,507276,tiktok-banned-in-the-us-before-may-2025,No,0.04484167624349164,40340.44,1808.93,4.5%,,,,,,,,,,2026-05-28 01:02:43 UTC,2025-01-19 17:32:52+00:00,2025-01-19 17:32:52 UTC,0x5428ec8e05dd79c2598ab67802b69a0b43e8bf16a67bf7449e0c0d44392bbc9e,0x0027afe19cdef13568f5cdd43ebe67b5b5516e97,True,Yes,0.0,False,,100,2230.06828417825,2.0,0.0,-102.0,-1.0
11696,No change in Fed interest rates after 2024 September meeting?,fed-interest-rates-september-2024,504071,no-change-in-fed-interest-rates-after-2024-september-meeting,Yes,0.07,25768.31,1803.78,7.0%,,,,,,,,,,2026-05-28 01:01:55 UTC,2024-08-18 15:36:57+00:00,2024-08-18 15:36:57 UTC,0x168521d8b69e193bf30a90ed06aa7c01bc81c7d398daf8677415aff74482e113,0xa1fe6ccb33402cc9878ed348fa086564bad7c728,True,No,0.0,False,,100,1428.5714285714284,2.0,0.0,-102.0,-1.0
14178,Will Trump pardon SBF in his first 100 days?,trump-pardons,512161,will-trump-pardon-sbf-in-his-first-100-days,Yes,0.05,36069.67,1803.48,5.0%,,,,,,,,,,2026-05-28 01:03:36 UTC,2025-03-07 20:21:39+00:00,2025-03-07 20:21:39 UTC,0x45d16d46f88eff7bbc1a31326b946a42b36fc36c639133f5f42e9c69b78283aa,0x6b3d278a0a62230364f55f1684ad24c1c12d76dd,True,No,0.0,False,,100,2000.0,2.0,0.0,-102.0,-1.0
4076,Which party wins 2024 US Presidential Election?,which-party-will-win-the-2024-united-states-presidential-election,240613,which-party-will-win-the-2024-united-states-presidential-election,Democratic,0.06,30000.0,1800.0,6.0%,,,133.787243,,,,133.787243,,13.454198,2026-05-28 01:01:07 UTC,2024-11-06 04:48:59+00:00,2024-11-06 04:48:59 UTC,0x1cdfbd635b4a24e339594229a41b078405b04828dbafc07cdbd6543bc908521b,0xff30ac5b2cb4822a1b15604ac90659ef71314a37,True,Republican,0.0,False,,100,1666.6666666666667,2.0,0.0,-102.0,-1.0
13272,Will Trump win no swing states?,how-many-swing-states-will-trump-win,509222,will-trump-win-no-swing-states,Yes,0.09,20000.0,1800.0,9.0%,,,,,,,,,,2026-05-28 01:02:56 UTC,2024-11-05 16:46:19+00:00,2024-11-05 16:46:19 UTC,0x960889a3fc4a7dc491512404d8c48fa597645388be0c8854223ce1432b90920d,0xbf78282f15166f376b9f6471689a7f0c92ebc8c4,True,No,0.0,False,,100,1111.111111111111,2.0,0.0,-102.0,-1.0
14220,Fed decreases interest rates by 25 bps after January 2025 meeting?,fed-interest-rates-january-2025,512323,fed-decreases-interest-rates-by-25-bps-after-january-2025-meeting,Yes,0.09,20000.0,1800.0,9.0%,,,,,,,,,,2026-05-28 01:03:49 UTC,2025-01-02 15:37:02+00:00,2025-01-02 15:37:02 UTC,0x60f0f17c8e7de6679412460d785c10972c10dd4d6b1356b1efc13c660992db19,0xce1a3d9805d911b51a7f20fbf6b7b9cde254354f,True,No,0.0,False,,100,1111.111111111111,2.0,0.0,-102.0,-1.0
16108,Russia x Ukraine ceasefire in 2025?,russia-x-ukraine-ceasefire-in-2025,516719,russia-x-ukraine-ceasefire-in-2025,Yes,0.09,20000.0,1800.0,9.0%,,,,,,,,,,2026-05-28 01:04:31 UTC,2025-11-29 13:41:45+00:00,2025-11-29 13:41:45 UTC,0x9056c71a8c21883fad7b1957622a1b0454fcde59593834a4748033d8b7142b31,0x0a854897a06d4999e5b2dde5693609f1428ffe9d,True,No,0.0,False,,100,1111.111111111111,2.0,0.0,-102.0,-1.0
17140,No change in Fed interest rates after May 2025 meeting?,fed-decision-in-may-2025,519778,no-change-in-fed-interest-rates-after-may-2025-meeting,No,0.09,20000.0,1800.0,9.0%,,,,,,,,,,2026-05-28 01:04:56 UTC,2025-04-22 15:32:35+00:00,2025-04-22 15:32:35 UTC,0xeb987315d298287ea94acd3659da2a717fc8f9b8af36fe5d44db9573306b3160,0x3b5d93e768e79c0974ac0f7d210237988120cc80,True,Yes,0.0,False,,100,1111.111111111111,2.0,0.0,-102.0,-1.0
17140,No change in Fed interest rates after May 2025 meeting?,fed-decision-in-may-2025,519778,no-change-in-fed-interest-rates-after-may-2025-meeting,No,0.09,20000.0,1800.0,9.0%,,,,,,,,,,2026-05-28 01:04:56 UTC,2025-04-22 02:07:23+00:00,2025-04-22 02:07:23 UTC,0x2540a2a73e5b4de85498f9e4983fb9296dc297085920cc5c53c0e41dac52e4e1,0x3b5d93e768e79c0974ac0f7d210237988120cc80,True,Yes,0.0,False,,100,1111.111111111111,2.0,0.0,-102.0,-1.0
17505,Jerome Powell out as Fed Chair in 2025?,will-trump-remove-jerome-powell,520930,will-trump-remove-jerome-powell,Yes,0.09,20000.0,1800.0,9.0%,,,,,,,,,,2026-05-28 01:05:02 UTC,2025-08-12 13:45:40+00:00,2025-08-12 13:45:40 UTC,0x3526f97816c6c17ae0c82502ab0c301c17de9f851ac6a8503f953fd37b09dc98,0x37e4728b3c4607fb2b3b205386bb1d1fb1a8c991,True,No,0.0,False,,100,1111.111111111111,2.0,0.0,-102.0,-1.0
17505,Jerome Powell out as Fed Chair in 2025?,will-trump-remove-jerome-powell,520930,will-trump-remove-jerome-powell,Yes,0.09,20000.0,1800.0,9.0%,,,,,,,,,,2026-05-28 01:05:02 UTC,2025-08-12 13:45:24+00:00,2025-08-12 13:45:24 UTC,0x3822bc63f7f30c4870986664e35f0cf633899238acb434f8def9e015e3ab6e84,0x37e4728b3c4607fb2b3b205386bb1d1fb1a8c991,True,No,0.0,False,,100,1111.111111111111,2.0,0.0,-102.0,-1.0
12641,TikTok banned in the US before May 2025?,tiktok-banned-in-the-us-before-may-2025,507276,tiktok-banned-in-the-us-before-may-2025,No,0.015057211109212166,119540.07,1799.94,1.5%,,,,,,,,,,2026-05-28 01:02:43 UTC,2025-01-21 16:02:01+00:00,2025-01-21 16:02:01 UTC,0x323bc1dd4a561b1b7cb8a6d2f7fe686ba20660d7e496793120763989971d6420,0x716f28329a2b9c2001a050c759793974c0de9798,True,Yes,0.0,False,,100,6641.336119596471,2.0,0.0,-102.0,-1.0
17140,No change in Fed interest rates after May 2025 meeting?,fed-decision-in-may-2025,519778,no-change-in-fed-interest-rates-after-may-2025-meeting,No,0.014244509478007594,126354.649332,1799.86,1.4%,,,,,,,,,,2026-05-28 01:04:56 UTC,2025-05-03 09:04:04+00:00,2025-05-03 09:04:04 UTC,0x17fd8e38a30ca08f6f86422b105d37bf01890b5d3d46c4f1d839a1561ace3de3,0x0914c946a8e2843113494be5676c0c82c02b9c93,True,Yes,0.0,False,,100,7020.248760014668,2.0,0.0,-102.0,-1.0
15727,Trump Admin confirms Aliens exist in first 100 days?,trump-administration-confirms-aliens-exist-in-first-100-days,516186,trump-administration-confirms-aliens-exist-in-first-100-days,Yes,0.0681799860112138,26335.38,1795.55,6.8%,,,,,,,,,,2026-05-28 01:04:24 UTC,2025-01-24 20:28:05+00:00,2025-01-24 20:28:05 UTC,0x29cd71aee7a9d8a7e24051609b884c30a5a3dec829a50bd178cffa0a467bcf1f,0xe4f5305ba3cc55013196ad7888e427c06e239663,True,No,0.0,False,,100,1466.7060797512138,2.0,0.0,-102.0,-1.0
11889,Harris-Walz Democratic ticket on election day?,harris-walz-final-democratic-ticket,504603,harris-walz-final-democratic-ticket,No,0.07285016988487701,24580.31329,1790.68,7.3%,,,,,,,,,,2026-05-28 01:02:11 UTC,2024-08-12 03:04:07+00:00,2024-08-12 03:04:07 UTC,0x0f4a71edbaed79b47348cfbab8ce7e9ba0cfc201578c72d24364d19a972bea69,0x3306f5dee2a5c536c941160fdffec1446e1e7258,True,Yes,0.0,False,,100,1372.680395365269,2.0,0.0,-102.0,-1.0
10656,Will a Republican win the popular vote and a Democrat win the Presidency?,which-party-wins-presidency-popular-vote,501588,will-a-republican-win-the-popular-vote-and-a-democrat-win-the-presidency,Yes,0.03486832135198816,51256.07,1787.21,3.5%,,,,,,,,,,2026-05-28 01:01:23 UTC,2024-10-16 23:53:27+00:00,2024-10-16 23:53:27 UTC,0x3ca44c18b40a1da02e0d2b44b62e5c33798cfe9949fc4badf39f9421a08804e5,0xc200069e35b24b45ce432fd9a659675381343c75,True,No,0.0,False,,100,2867.932728694382,2.0,0.0,-102.0,-1.0
16108,Russia x Ukraine ceasefire in 2025?,russia-x-ukraine-ceasefire-in-2025,516719,russia-x-ukraine-ceasefire-in-2025,Yes,0.08,22337.75,1787.02,8.0%,,,,,,,,,,2026-05-28 01:04:31 UTC,2025-12-02 16:11:12+00:00,2025-12-02 16:11:12 UTC,0x1d91c15ecf18ccc757bb093559f3be7db22e5e7140cc08764bab9ebc4e2b1dc4,0xc16dece545ac6df0a750e16866df536c6e71bceb,True,No,0.0,False,,100,1250.0,2.0,0.0,-102.0,-1.0
16432,Conservatives win majority in Canadian election?,will-the-conservative-party-win-a-majority-in-next-canadian-election,517600,will-the-conservative-party-win-a-majority-in-next-canadian-election,Yes,0.0629050426689421,28357.662984,1783.84,6.3%,,,,,,,,,,2026-05-28 01:04:36 UTC,2025-04-27 21:53:50+00:00,2025-04-27 21:53:50 UTC,0xa11b3bf33250c0842ff2a8814b7668a30e10f1cbe4b17a1e3e34df4af906f7a9,0x8e3d6d373be4af47fee3d51118f4a6300a4fcc70,True,No,0.0,False,,100,1589.697673782402,2.0,0.0,-102.0,-1.0
11385,Will Mark Kelly be the 2024 Democratic VP nominee?,democratic-vp-nominee,503228,will-mark-kelly-be-the-2024-democratic-vp-nominee,Yes,0.0891805895,20000.0,1783.61,8.9%,,,,,,,,,,2026-05-28 01:01:40 UTC,2024-08-02 18:17:42+00:00,2024-08-02 18:17:42 UTC,0x344ade11fcd23735a6199b6d770eb5898381f7da4d5de419150c89a9c45c58ae,0xde55a743add5a60630de4e254c220e3c606051a9,True,No,0.0,False,,100,1121.3202397591238,2.0,0.0,-102.0,-1.0
12327,Will there be a US Government shutdown? ,us-government-shutdown-before-2025,506202,us-government-shutdown-before-2025,No,0.017,104749.57,1780.74,1.7%,,,,,,,,,,2026-05-28 01:02:35 UTC,2024-12-23 01:12:47+00:00,2024-12-23 01:12:47 UTC,0xedce0cf78becbfbf30e0b7b6a743aad7e9b6345301e7fb782b0a9fb90d8d3c43,0xb887a02871f6cd54c05f00d8942f0ef3b9858048,True,Yes,0.0,False,,100,5882.35294117647,2.0,0.0,-102.0,-1.0
13906,"Kamala wins 270-268 - MI, PA, WI ",kamala-wins-with-blue-wall-mi-pa-wi-270-evs,511402,kamala-wins-with-blue-wall-mi-pa-wi-270-evs,Yes,0.08902557550000001,20000.0,1780.51,8.9%,,,,,,,,,,2026-05-28 01:03:15 UTC,2024-10-31 21:26:33+00:00,2024-10-31 21:26:33 UTC,0x919d7aa9af34f9403f6a87880009cf2ec5465bff208ef740cee18f6dfa7eed31,0x6a14233fb22785b5f147b260eef824d26ffae79f,True,No,0.0,False,,100,1123.2727161645812,2.0,0.0,-102.0,-1.0
11910,Democrats win popular vote by 5-6%?,popular-vote-margin-of-victory-in-presidential-election,504704,democrats-win-popular-vote-by-5-6,Yes,0.08,22222.0,1777.76,8.0%,,,,,,,,,,2026-05-28 01:02:06 UTC,2024-11-02 23:37:51+00:00,2024-11-02 23:37:51 UTC,0x85ff55362775a395609c65722dff7b94e99bdb20a49c25a861f4ec2c0bd08473,0x3cf3e8d5427aed066a7a5926980600f6c3cf87b3,True,No,0.0,False,,100,1250.0,2.0,0.0,-102.0,-1.0
16817,Will Donald Trump visit Russia in 2025?,which-countries-will-donald-trump-visit-in-2025,518889,will-donald-trump-visit-russia-in-2025,Yes,0.0987441611659837,18002.31,1777.62,9.9%,,,,,,,,,,2026-05-28 01:04:46 UTC,2025-10-17 17:31:00+00:00,2025-10-17 17:31:00 UTC,0xa3c0a94f500166dac4ff053c2dfa955c9e167cfd7d125ec0476e34bdd40b8b8a,0x8ff6b963f9b1df3a3a5504e306302e1753e572ae,True,No,0.0,False,,100,1012.7181072702142,2.0,0.0,-102.0,-1.0
16180,Maduro out in 2025?,maduro-out-in-2025,516947,maduro-out-in-2025-411,Yes,0.037914245042225174,46684.300242,1770.0,3.8%,,,,,,,,,,2026-05-28 01:04:28 UTC,2025-12-26 23:59:57+00:00,2025-12-26 23:59:57 UTC,0x6a96c463abc8ca01b9d1f59e12ec131776f7c92aea7b52123f4c231e0d70d143,0x36c2b074b2eb2e3aac2dc7226dd18e7c72956127,True,No,0.0,False,,100,2637.5310886087746,2.0,0.0,-102.0,-1.0
16180,Maduro out in 2025?,maduro-out-in-2025,516947,maduro-out-in-2025-411,Yes,0.08,22111.625,1768.93,8.0%,,,,,,,,,,2026-05-28 01:04:29 UTC,2025-12-15 02:33:35+00:00,2025-12-15 02:33:35 UTC,0x23aad8f74f6bf237b1869ae857a0aabef03cefe7456ed7cd189aef8b7800448b,0x02ec9f096488fd8ea1c9bfccbec2dac34a92a92a,True,No,0.0,False,,100,1250.0,2.0,0.0,-102.0,-1.0
15437,Will Biden pardon Ross Ulbricht?,who-will-biden-pardon,502120,will-biden-pardon-ross-ulbricht,Yes,0.09243255436419098,19095.75,1765.07,9.2%,,,,,,,,,,2026-05-28 01:04:14 UTC,2024-12-19 12:30:00+00:00,2024-12-19 12:30:00 UTC,0x80915f6d72189b1f31bd2e2389f8a4ced5a429db1cbed4c00a19c606fe1207ed,0xe5f10df4357f91ec328c6ceb3ef84107263971b8,True,No,0.0,False,,100,1081.8699178862107,2.0,0.0,-102.0,-1.0
14415,Will Matt Gaetz be Trump's Attorney General?,who-will-be-trumps-attorney-general,513021,will-matt-gaetz-be-trumps-attorney-general,Yes,0.042873444218068234,41145.74957,1764.06,4.3%,,,,,,,,,,2026-05-28 01:03:55 UTC,2024-12-16 11:39:04+00:00,2024-12-16 11:39:04 UTC,0xd6a6d71b54e6b67de5a4a11ff8240f768c0f8ef79575e765bf0b0ae84445edce,0x0ebbf2c8901f94d59ee20850b22db8190b60b114,True,No,0.0,False,,100,2332.446152246775,2.0,0.0,-102.0,-1.0
11669,Kamala president by Friday?,kamala-president-by-friday,504021,kamala-president-by-friday,Yes,0.09511291459626972,18535.863468,1763.0,9.5%,,,,,,,,,,2026-05-28 01:01:53 UTC,2024-07-23 03:42:44+00:00,2024-07-23 03:42:44 UTC,0xcb9d9dbb40ec6cb472047f97e17b56685134131420650ccdbff8fdd4ddd95fd4,0xdb79e56ede58052f6cf44e9129b59dd0588f50ea,True,No,0.0,False,,100,1051.3819329843348,2.0,0.0,-102.0,-1.0
13551,Trump ends Ukraine war in first 90 days?,trump-wins-ends-ukraine-war-in-90-days,510319,trump-wins-ends-ukraine-war-in-90-days,Yes,0.018268829675907955,96281.482186,1758.95,1.8%,,,,,,,,,,2026-05-28 01:03:04 UTC,2025-04-18 15:46:11+00:00,2025-04-18 15:46:11 UTC,0x956a6829be9ffecc2825b631e615f84e1fca02bb3ebc22fde6d5edf23e2593a9,0xd159b0994e7288707ec954e19e70a90fa6200603,True,No,0.0,False,,100,5473.804385612897,2.0,0.0,-102.0,-1.0
12327,Will there be a US Government shutdown? ,us-government-shutdown-before-2025,506202,us-government-shutdown-before-2025,No,0.088,19952.82,1755.85,8.8%,,,,,,,,,,2026-05-28 01:02:35 UTC,2024-12-21 04:18:59+00:00,2024-12-21 04:18:59 UTC,0xd09517e53ded3cf52e724df4419e7ff0ab83e6713dedb7d9ada8778615534fb2,0x1c72797cd4b9b83f42e287144e334c4de347dfb6,True,Yes,0.0,False,,100,1136.3636363636365,2.0,0.0,-102.0,-1.0
17792,Fed decreases interest rates by 25 bps after June 2025 meeting?,fed-decision-in-june,521835,fed-decreases-interest-rates-by-25-bps-after-june-2025-meeting,Yes,0.02667524316775239,65646.04,1751.12,2.7%,,,,,,,,,,2026-05-28 01:05:09 UTC,2025-06-09 23:59:07+00:00,2025-06-09 23:59:07 UTC,0x2683174baa938ad456e825eb36d56b12783048a0b5021d9f7ca5a039fc4d97a4,0x3fbb7b9701012c5e8dce1ce367ffec23748b377a,True,No,0.0,False,,100,3748.7943173050307,2.0,0.0,-102.0,-1.0
17174,Was JFK assassination an inside job?,was-jfk-assassination-an-inside-job-march-31,519906,was-jfk-assassination-an-inside-job-march-31,Yes,0.036,48621.88,1750.39,3.6%,,,,,,,,,,2026-05-28 01:04:59 UTC,2025-03-18 06:01:11+00:00,2025-03-18 06:01:11 UTC,0xb68bd55f8990b127d2773dca1b0d5a5c2ec92746c41b1b3c1e5cf93337ce5fe3,0xe877e0931f31eb6dd5e6bd1ca7e702f84088bb43,True,No,0.0,False,,100,2777.777777777778,2.0,0.0,-102.0,-1.0
15586,Will  Alice Weidel be the next Chancellor of Germany?,next-chancellor-of-germany,515796,will-alice-weidel-be-the-next-chancellor-of-germany,Yes,0.07385746373984473,23699.162026,1750.36,7.4%,,,,,,,,,,2026-05-28 01:04:17 UTC,2025-01-07 19:11:18+00:00,2025-01-07 19:11:18 UTC,0x2ff6a0029bc440966a85d54b091aec9f5383bfda2a4d3a6af2d4e21906d81cad,0x69bf4f3ee9b4948f1a9c6323a7316f3421c061d9,True,No,0.0,False,,100,1353.9593012865923,2.0,0.0,-102.0,-1.0
10588,Will Tulsi Gabbard win the 2024 Republican VP nomination?,republican-vp-supplemental,501432,will-tulsi-gabbard-win-the-2024-republican-vp-nomination,Yes,0.060059978956919335,29140.22,1750.16,6.0%,,,,,,,,,,2026-05-28 01:01:21 UTC,2024-07-14 15:37:30+00:00,2024-07-14 15:37:30 UTC,0xc9cd60b4b21bd4b028e38496dedd77021e4b939ce6fc0a975e99d96feebd1745,0x3e74a2fc7624a3144c1cf7360a334899685ea9f3,True,No,0.0,False,,100,1665.0022483645791,2.0,0.0,-102.0,-1.0
11322,Will Biden finish his term?,will-biden-complete-his-term-as-president,503013,will-biden-complete-his-term-as-president,No,0.07,25000.0,1750.0,7.0%,,,,,,,,,,2026-05-28 01:01:35 UTC,2024-11-06 18:59:54+00:00,2024-11-06 18:59:54 UTC,0xf7181a0e929ffa22d5824ff18733276992e4b6ddcaf59f35b0f09b146b00decd,0x5b09455a9f99e6ccd0557c5ee890fd76e1c8bca8,True,Yes,0.0,False,,100,1428.5714285714284,2.0,0.0,-102.0,-1.0
11910,Democrats win popular vote by 4-5%?,popular-vote-margin-of-victory-in-presidential-election,504703,democrats-win-popular-vote-by-4-5,Yes,0.07,25000.0,1750.0,7.0%,,,,,,,,,,2026-05-28 01:02:08 UTC,2024-10-16 16:06:31+00:00,2024-10-16 16:06:31 UTC,0xe4815b1c65af86090b04ae8458f043e61b7932ec90a279a825815367f7480d67,0x8076518e218a01628c5837c84111b4f7b4366114,True,No,0.0,False,,100,1428.5714285714284,2.0,0.0,-102.0,-1.0
16108,Russia x Ukraine ceasefire in 2025?,russia-x-ukraine-ceasefire-in-2025,516719,russia-x-ukraine-ceasefire-in-2025,Yes,0.07,25000.0,1750.0,7.0%,,,,,,,,,,2026-05-28 01:04:33 UTC,2025-11-19 11:14:21+00:00,2025-11-19 11:14:21 UTC,0xe84b4e1eb87e71031e0f688bc62d605c58ad888bbbdd8a80dd6e70ccabbcb94a,0x68c24bf4a8ad4d79a6fe4b8eec6f93a02dfd1711,True,No,0.0,False,,100,1428.5714285714284,2.0,0.0,-102.0,-1.0
16108,Russia x Ukraine ceasefire in 2025?,russia-x-ukraine-ceasefire-in-2025,516719,russia-x-ukraine-ceasefire-in-2025,Yes,0.07,25000.0,1750.0,7.0%,,,,,,,,,,2026-05-28 01:04:33 UTC,2025-11-05 15:33:25+00:00,2025-11-05 15:33:25 UTC,0x402929e09354832fd3fb1f8720c9f3745fac14cb3210191b858e86ca40ec66d9,0x8b71010f8d18ccce16a37434778117ee2d6b8044,True,No,0.0,False,,100,1428.5714285714284,2.0,0.0,-102.0,-1.0
11385,Will Tim Walz be the 2024 Democratic VP nominee?,democratic-vp-nominee,503191,will-tim-walz-be-the-2024-democratic-vp-nominee,Yes,0.0599931336672431,29127.63,1747.46,6.0%,,,,,,,,,,2026-05-28 01:01:42 UTC,2024-07-27 15:13:36+00:00,2024-07-27 15:13:36 UTC,0x359ad4cf80728afc43ef188e85262c5815fbbeccf4d56f3882ed920ce1270cb9,0xe899b5ea69afb161da7a35597b6fe70398860899,True,Yes,0.0,True,,100,1666.8574199617294,2.0,1666.8574199617294,1564.8574199617294,15.341739411389504
12327,Will there be a US Government shutdown? ,us-government-shutdown-before-2025,506202,us-government-shutdown-before-2025,No,0.011,158828.1,1747.11,1.1%,,,,,,,,,,2026-05-28 01:02:35 UTC,2024-12-23 07:29:47+00:00,2024-12-23 07:29:47 UTC,0xce346aeacdd0fa1bca2c46749fc99ed5c6a2f2813f8422435cdfc2e693f637b3,0xf30f98552dc72fd3e94ecc11df6e832b072ff4dd,True,Yes,0.0,False,,100,9090.909090909092,2.0,0.0,-102.0,-1.0
12641,TikTok banned in the US before May 2025?,tiktok-banned-in-the-us-before-may-2025,507276,tiktok-banned-in-the-us-before-may-2025,No,0.05215686162357053,33485.143558,1746.48,5.2%,,,,,,,,,,2026-05-28 01:02:43 UTC,2025-01-19 16:54:34+00:00,2025-01-19 16:54:34 UTC,0x4799e734b259d8d0880ce077ec29a7d8af28c2696a498e576cba49d36d402fa2,0xa2a42b64e966b95065e7c7bc681e3b3ee0d4ded3,True,Yes,0.0,False,,100,1917.2932743102085,2.0,0.0,-102.0,-1.0
15665,No change in Fed interest rates after March 2025 meeting?,fed-decision-in-march,516010,no-change-in-fed-interest-rates-after-march-2025-meeting,No,0.04578766812338853,38128.99,1745.84,4.6%,,,,,,,,,,2026-05-28 01:04:22 UTC,2025-02-21 19:29:36+00:00,2025-02-21 19:29:36 UTC,0xa9d825e0b103098df1146219b6ee7ddfa9731104891c793db7e0bb89d047934d,0x6a9b04663e24b275bf6258a53976eb1a516e4d6c,True,Yes,0.0,False,,100,2183.9941647720552,2.0,0.0,-102.0,-1.0
11650,JD Vance replaced as Republican VP nominee?,jd-vance-steps-down-as-republican-vp-nominee,503989,jd-vance-steps-down-as-republican-vp-nominee,Yes,0.0636859129162093,27330.0,1740.54,6.4%,,,,,,,,,,2026-05-28 01:01:53 UTC,2024-08-15 05:46:44+00:00,2024-08-15 05:46:44 UTC,0xe320501fbcb6e91ec5aa9285c3cf9fb20a0b661783a7904bbf89d81f2de62332,0xa8b97b862b95c8c6efcf22cfd6e3bf29558be991,True,No,0.0,False,,100,1570.2059595434969,2.0,0.0,-102.0,-1.0
11910,Democrats win popular vote by 7% or more?,popular-vote-margin-of-victory-in-presidential-election,504706,democrats-win-popular-vote-by-over-7,Yes,0.058,30000.0,1740.0,5.8%,,,,,,,,,,2026-05-28 01:02:06 UTC,2024-11-03 00:58:34+00:00,2024-11-03 00:58:34 UTC,0xdd2c58764d0658c4a3b4ab7d4dc6e5309fd6267287cf668fde01b7efed69ce2b,0x8714136f9925a568f1d069babd54772009ad4750,True,No,0.0,False,,100,1724.1379310344826,2.0,0.0,-102.0,-1.0
16180,Maduro out in 2025?,maduro-out-in-2025,516947,maduro-out-in-2025-411,Yes,0.049419393586493006,35087.439832,1734.0,4.9%,,,,,,,,,,2026-05-28 01:04:29 UTC,2025-12-20 04:08:50+00:00,2025-12-20 04:08:50 UTC,0xfb523c8fb10c9ef9439e47a6a772def7447d1b09f70c8a5ffa46e5db972c72d9,0x50bb2eb8481d6fbafd64cf252503fcf54c4bc3b4,True,No,0.0,False,,100,2023.4971079720283,2.0,0.0,-102.0,-1.0
15725,Will Trump acquire Greenland before July?,will-the-us-acquire-greenland-before-july,516184,will-the-us-acquire-greenland-before-july,Yes,0.053795232333070785,32196.88,1732.04,5.4%,,,,,,,,,,2026-05-28 01:04:24 UTC,2025-01-08 02:38:43+00:00,2025-01-08 02:38:43 UTC,0x37d5c466525398f8e77badf2b9479d1c58e36eadeb08f46be159da9c2b67b0ab,0x2c4ca29d332c67d3ad7bf22b3cfe9486e3b1cb39,True,No,0.0,False,,100,1858.9007921901787,2.0,0.0,-102.0,-1.0
14547,Will Assad remain President of Syria through 2024?,will-assad-remain-president-of-syria-through-2024,513334,will-assad-remain-president-of-syria-through-2024,Yes,0.02768042970199902,62540.575332,1731.15,2.8%,,,,,,,,,,2026-05-28 01:03:57 UTC,2024-12-08 08:13:04+00:00,2024-12-08 08:13:04 UTC,0x10001d24283ecb57f5e775f1665b72788822694a4bc0031739329e0ed8f12e17,0x78d8d27f9e30d72f0e74a4ebe0623525c37adaff,True,No,0.0,False,,100,3612.6606803643012,2.0,0.0,-102.0,-1.0
16108,Russia x Ukraine ceasefire in 2025?,russia-x-ukraine-ceasefire-in-2025,516719,russia-x-ukraine-ceasefire-in-2025,Yes,0.05766268333333333,30000.0,1729.88,5.8%,,,,,,,,,,2026-05-28 01:04:31 UTC,2025-12-05 10:01:09+00:00,2025-12-05 10:01:09 UTC,0x6fb7d9339afc08f6014dc384827bb4eb333e17094b087e91adbd64468c4b2339,0xbbef6f4f7bf58b143412f385eafc2938c6ff7de2,True,No,0.0,False,,100,1734.223838004995,2.0,0.0,-102.0,-1.0
11696,No change in Fed interest rates after 2024 September meeting?,fed-interest-rates-september-2024,504071,no-change-in-fed-interest-rates-after-2024-september-meeting,Yes,0.01714304844024899,100791.875262,1727.88,1.7%,,,,,,,,,,2026-05-28 01:01:54 UTC,2024-09-18 11:50:50+00:00,2024-09-18 11:50:50 UTC,0xb2ab1f4a281b30f63683d42d94f77debdbd8325d2fdd8239b316764fe95c9750,0xcb59e5caeadaa61fc3648f67ad2fa603f6ec4e58,True,No,0.0,False,,100,5833.26823980832,2.0,0.0,-102.0,-1.0
16108,Russia x Ukraine ceasefire in 2025?,russia-x-ukraine-ceasefire-in-2025,516719,russia-x-ukraine-ceasefire-in-2025,Yes,0.05,34440.0,1722.0,5.0%,,,,,,,,,,2026-05-28 01:04:31 UTC,2025-12-04 01:11:35+00:00,2025-12-04 01:11:35 UTC,0x68553340215b5307fc506abdf33399ceff57cd5316a042c5914d4b40bc7fcd72,0x3f39e71e300c69374a2e0e836f014351f8c4530c,True,No,0.0,False,,100,2000.0,2.0,0.0,-102.0,-1.0
16108,Russia x Ukraine ceasefire in 2025?,russia-x-ukraine-ceasefire-in-2025,516719,russia-x-ukraine-ceasefire-in-2025,Yes,0.09,19112.83,1720.15,9.0%,,,,,,,,,,2026-05-28 01:04:33 UTC,2025-10-30 15:43:53+00:00,2025-10-30 15:43:53 UTC,0x02b39bccc573ac388c3407409045094f1826f05770f0252a6c5528ce1e3a3753,0xc02356284def0c089d0ae810420ef5425865ccf8,True,No,0.0,False,,100,1111.111111111111,2.0,0.0,-102.0,-1.0
11321,Will Biden announce resignation by July 31?,will-biden-resign-by-july-31,503011,will-biden-resign-by-july-31,Yes,0.08,21500.0,1720.0,8.0%,,,,,,,,,,2026-05-28 01:01:36 UTC,2024-07-11 02:25:28+00:00,2024-07-11 02:25:28 UTC,0x4384380ee365de41dbe43e7b69a2d2df0cd906dd15ebd5d0024c4dbf320713bb,0xbf49d1ad911a38bf8244eef9df4471c200f95608,True,No,0.0,False,,100,1250.0,2.0,0.0,-102.0,-1.0
17805,Will the U.S. take over Gaza in 2025?,will-the-us-take-over-gaza-in-2025,521873,will-the-us-take-over-gaza-in-2025,Yes,0.085887,20000.0,1717.74,8.6%,,,,,,,,,,2026-05-28 01:05:12 UTC,2025-05-07 14:12:09+00:00,2025-05-07 14:12:09 UTC,0x0e3ce0d82fe6b8a5d3e01c4ad6741c53509cd405066e97bde4994efc2afd9fb8,0x37e4728b3c4607fb2b3b205386bb1d1fb1a8c991,True,No,0.0,False,,100,1164.320560736782,2.0,0.0,-102.0,-1.0
11913,Will Israel invade Lebanon before November?,will-israel-enter-lebanon-before-November,504664,will-israel-enter-lebanon-before-November,No,0.038999885842142513,43799.0,1708.16,3.9%,,,,,,,,,,2026-05-28 01:02:08 UTC,2024-10-05 00:02:17+00:00,2024-10-05 00:02:17 UTC,0x2fbe7b9ee84715cf98efa5f7e0df5985cc6edafd5fe102c401b5ee54101f7658,0x5bb7a728be9402d9e59f09189e1ab2f6e3a2a3f8,True,Yes,0.0,False,,100,2564.1100695721,2.0,0.0,-102.0,-1.0
12374,Favorite to win on Polymarket day after debate?,favorite-to-win-on-polymarket-one-day-after-debate,506376,favorite-to-win-on-polymarket-one-day-after-debate,Trump,0.08,21349.56,1707.96,8.0%,,,,,,,,,,2026-05-28 01:02:38 UTC,2024-09-12 02:22:18+00:00,2024-09-12 02:22:18 UTC,0xd82a720899707c40adb148f481106807015d09bfe9851f1c730c2dbc5b61bc9f,0x5bffcf561bcae83af680ad600cb99f1184d6ffbe,True,Kamala,0.0,False,,100,1250.0,2.0,0.0,-102.0,-1.0
10656,Will a Republican win the popular vote and a Democrat win the Presidency?,which-party-wins-presidency-popular-vote,501588,will-a-republican-win-the-popular-vote-and-a-democrat-win-the-presidency,Yes,0.024,71151.64,1707.64,2.4%,,,,,,,,,,2026-05-28 01:01:23 UTC,2024-10-22 09:44:00+00:00,2024-10-22 09:44:00 UTC,0x39d6501b0eecce744aecf52504a9b437e5ec00ba288a4a901d46c9e2e03be21b,0xacd943c52e0ba8efcabfeaddfa3ca17c1a5a3d87,True,No,0.0,False,,100,4166.666666666667,2.0,0.0,-102.0,-1.0
17140,Fed decreases interest rates by 25 bps after May 2025 meeting?,fed-decision-in-may-2025,519777,fed-decreases-interest-rates-by-25-bps-after-may-2025-meeting,Yes,0.019829027868484055,86035.4835,1706.0,2.0%,,,,,,,,,,2026-05-28 01:04:56 UTC,2025-05-03 20:32:38+00:00,2025-05-03 20:32:38 UTC,0xfc41ad894c3e832bfe874e39a73255dfc968a5229b99290b7e388504fb36f491,0xe57c5a3efa611308af8ea064eefcc113438da3ab,True,No,0.0,False,,100,5043.111576787807,2.0,0.0,-102.0,-1.0
11565,Biden resigns from presidency by August 31?,will-biden-announce-resignation-by-august-31,503656,will-biden-announce-resignation-by-august-31,Yes,0.07,24332.21,1703.25,7.0%,,,,,,,,,,2026-05-28 01:01:49 UTC,2024-07-29 14:41:19+00:00,2024-07-29 14:41:19 UTC,0x5816ec5025e4b79a3855bcf5ae6ef52d8177f4b4c45d254e99bc9d30d1ee9e60,0x593d34a154134f3b1aa83771581cb68f92cf7d5d,True,No,0.0,False,,100,1428.5714285714284,2.0,0.0,-102.0,-1.0
16103,Weed rescheduled in 2025?,weed-rescheduled-in-2025,516714,weed-rescheduled-in-2025,Yes,0.04522083727569743,37604.34,1700.5,4.5%,,,,,,,,,,2026-05-28 01:04:25 UTC,2025-12-17 10:21:28+00:00,2025-12-17 10:21:28 UTC,0xe7971149459a19a4da2fadf85cb91bc2cbf3df3c42ce486d4021bae7395d2168,0xd2628f6b3bf98b05b2f246b8bcfa5f47849d8553,True,No,0.0,False,,100,2211.3699352873764,2.0,0.0,-102.0,-1.0
10170,Will a Republican win New York Presidential Election?,new-york-presidential-election-winner-2024,500515,will-a-republican-win-new-york-presidential-election,Yes,0.034,50000.0,1700.0,3.4%,,,,,,,,,,2026-05-28 01:01:13 UTC,2024-11-05 22:03:05+00:00,2024-11-05 22:03:05 UTC,0xa2ba32d7916ee44b209a62a11b0534a0e58e5b7ce7d596089ed86cdf0f1a78dd,0x1823757d22022f81a8fa1536d63101fe458884d8,True,No,0.0,False,,100,2941.176470588235,2.0,0.0,-102.0,-1.0
12641,TikTok banned in the US before May 2025?,tiktok-banned-in-the-us-before-may-2025,507276,tiktok-banned-in-the-us-before-may-2025,No,0.03983248985302467,42678.728,1700.0,4.0%,,,,,,,,,,2026-05-28 01:02:43 UTC,2025-01-19 16:19:29+00:00,2025-01-19 16:19:29 UTC,0x94d6e355df7acb75dcf61dd1477c6e8a56dae11de2ca880fa46242ac8abc860e,0x44aed3113b0591a64da31898c41cec87d330a0df,True,Yes,0.0,False,,100,2510.5134117647062,2.0,0.0,-102.0,-1.0
14220,Fed decreases interest rates by 25 bps after January 2025 meeting?,fed-interest-rates-january-2025,512323,fed-decreases-interest-rates-by-25-bps-after-january-2025-meeting,Yes,0.016142878294101423,105309.596469,1700.0,1.6%,,,,,,,,,,2026-05-28 01:03:46 UTC,2025-01-24 17:25:10+00:00,2025-01-24 17:25:10 UTC,0xd809d981289941d5231111e98ef662c67fc68217f61f69d37134b5206b2871e3,0x284989138977bb0a83de3117f50f500d5c8cb477,True,No,0.0,False,,100,6194.682148879225,2.0,0.0,-102.0,-1.0
15437,Will Biden pardon Ross Ulbricht?,who-will-biden-pardon,502120,will-biden-pardon-ross-ulbricht,Yes,0.03471656964709445,48967.9717,1700.0,3.5%,,,,,,,,,,2026-05-28 01:04:14 UTC,2025-01-05 20:56:03+00:00,2025-01-05 20:56:03 UTC,0x0361143d24cae32ae9063470d0c57ac922ae57a63f374b4ff7c66d0df7f6776b,0x421e006e5e07d0617031ec5e731b1a05379f5caa,True,No,0.0,False,,100,2880.4689235294118,2.0,0.0,-102.0,-1.0
17792,No change in Fed interest rates after June 2025 meeting?,fed-decision-in-june,521836,no-change-in-fed-interest-rates-after-june-2025-meeting,No,0.01828416524018383,92976.626314,1700.0,1.8%,,,,,,,,,,2026-05-28 01:05:07 UTC,2025-06-17 18:00:05+00:00,2025-06-17 18:00:05 UTC,0x581149d5499fe54e8b99f0d5701b5b1211ebfde02e52add53049d840d92c91e5,0x9921df381f775ccbf505da9a7df56b1e74596258,True,Yes,0.0,False,,100,5469.213315805419,2.0,0.0,-102.0,-1.0
17140,No change in Fed interest rates after May 2025 meeting?,fed-decision-in-may-2025,519778,no-change-in-fed-interest-rates-after-may-2025-meeting,No,0.05,33969.0,1698.45,5.0%,,,,,,,,,,2026-05-28 01:04:56 UTC,2025-05-01 17:00:15+00:00,2025-05-01 17:00:15 UTC,0x3a8ef0abcddc500ed6ec3f01d6618bfdcbe4e5d5f6df5fc3ed864838a2f0adfc,0x34134e7c29b654c4f53ec213e6f35808b3f05204,True,Yes,0.0,False,,100,2000.0,2.0,0.0,-102.0,-1.0
14182,Will Trump end Department of Education in first 100 days?,trump-ends-department-of-education-in-first-100-days,512172,trump-ends-department-of-education-in-first-100-days,Yes,0.08261453562378432,20541.784641,1697.05,8.3%,,,,,,,,,,2026-05-28 01:03:39 UTC,2025-01-19 23:58:00+00:00,2025-01-19 23:58:00 UTC,0xde06045be24f5322da2be9c9e5bbec6720717f9a0070934e3ee4689b47836b8b,0xe877e0931f31eb6dd5e6bd1ca7e702f84088bb43,True,No,0.0,False,,100,1210.4407444155686,2.0,0.0,-102.0,-1.0
16439,Will Trump pardon less than 250 Jan 6 protestors in his first 100 days?,how-many-jan-6th-protestors-will-trump-pardon-in-his-first-100-days,517636,will-trump-pardon-less-than-250-jan-6-protestors-in-his-first-100-days,Yes,0.039999764261418054,42419.87,1696.78,4.0%,,,,,,,,,,2026-05-28 01:04:37 UTC,2025-02-08 08:51:31+00:00,2025-02-08 08:51:31 UTC,0xf68ec15fe93aaa4b6d32dcb25bc2f8a081413c2f468d3d972e665694a3a2a484,0x96b59f71f635da5da031e3e93448c54fe226f5e7,True,No,0.0,False,,100,2500.0147337482044,2.0,0.0,-102.0,-1.0
11322,Will Biden finish his term?,will-biden-complete-his-term-as-president,503013,will-biden-complete-his-term-as-president,No,0.08,21178.41,1694.27,8.0%,,,,,,,,,,2026-05-28 01:01:34 UTC,2024-12-21 01:41:21+00:00,2024-12-21 01:41:21 UTC,0xb2ae150c3009f73f8c8e2d665d20c64c72890fbc8d338200b4f0ef2c9484132b,0xe72c85419a0ad89058d5cbb27081f5a6a2231ff1,True,Yes,0.0,False,,100,1250.0,2.0,0.0,-102.0,-1.0
10588,Will Glenn Youngkin win the 2024 Republican VP nomination?,republican-vp-supplemental,501440,will-glenn-youngkin-win-the-2024-republican-vp-nomination,Yes,0.029670198690344117,57092.86,1693.96,3.0%,,,,,,,,,,2026-05-28 01:01:21 UTC,2024-06-17 01:00:44+00:00,2024-06-17 01:00:44 UTC,0xa1b10ca138e9c35e98ad15bce7f6165c262a3f0f8e013f267470738c0a1bd362,0xeb60167759881ada23f12de7bef52ee410b86a2e,True,No,0.0,False,,100,3370.3852489718597,2.0,0.0,-102.0,-1.0
11322,Will Biden finish his term?,will-biden-complete-his-term-as-president,503013,will-biden-complete-his-term-as-president,No,0.0699999999627952,24190.42857,1693.33,7.0%,,,,,,,,,,2026-05-28 01:01:34 UTC,2024-12-06 00:32:58+00:00,2024-12-06 00:32:58 UTC,0xab4bb887679c127afb466f73d3732432bf1eebcddd1cc01d904e3719072eee5b,0x34e3b21ab6084f10d35067840fb98dc24b8acb8a,True,Yes,0.0,False,,100,1428.5714293307103,2.0,0.0,-102.0,-1.0
11696,Fed decreases interest rates by 25 bps after September 2024 meeting?,fed-interest-rates-september-2024,504070,fed-decreases-interest-rates-by-25-bps-after-september-2024-meeting,No,0.09,18799.41,1691.95,9.0%,,,,,,,,,,2026-05-28 01:01:55 UTC,2024-09-12 16:54:00+00:00,2024-09-12 16:54:00 UTC,0x507e4a80272d73e404ffd8f8fd0f6d4af6b0c4d622315576b6ac520f2cc22616,0xd1acd3925d895de9aec98ff95f3a30c5279d08d5,True,No,0.0,True,,100,1111.111111111111,2.0,1111.111111111111,1009.1111111111111,9.893246187363834
10656,Will a Republican win the popular vote and a Democrat win the Presidency?,which-party-wins-presidency-popular-vote,501588,will-a-republican-win-the-popular-vote-and-a-democrat-win-the-presidency,Yes,0.026,65006.6,1690.17,2.6%,,,,,,,,,,2026-05-28 01:01:21 UTC,2024-11-04 00:09:55+00:00,2024-11-04 00:09:55 UTC,0x6f122278529ae4db013483b59a91ce6836f795d79381389952d9426eb75256e1,0xfffe4013adfe325c6e02d36dc66e091f5476f52c,True,No,0.0,False,,100,3846.153846153846,2.0,0.0,-102.0,-1.0
15635,Israel and Saudi Arabia normalize relations before April?,israel-and-saudi-arabia-normalize-relations-before-may,515939,israel-and-saudi-arabia-normalize-relations-before-may,Yes,0.08,21087.0,1686.96,8.0%,,,,,,,,,,2026-05-28 01:04:23 UTC,2025-02-06 00:41:33+00:00,2025-02-06 00:41:33 UTC,0x2ad684ce5260b7fed857fc4fa43213b181da63bd220624594a5f9d986cd44941,0x5ec13e668cfac3e029726e970d1f1e067f05ddbb,True,No,0.0,False,,100,1250.0,2.0,0.0,-102.0,-1.0
17140,Fed decreases interest rates by 50+ bps after May 2025 meeting?,fed-decision-in-may-2025,519776,fed-decreases-interest-rates-by-50-bps-after-may-2025-meeting,Yes,0.024442440832694593,68937.468665,1685.0,2.4%,,,,,,,,,,2026-05-28 01:04:57 UTC,2025-03-31 17:58:35+00:00,2025-03-31 17:58:35 UTC,0x37c17d24391ce1f2cf3447c7779e4cf64a74f91a1756705d8f5ef41e779a8edf,0x0c21661b7b1f474914d3e77df65700b341aa2a53,True,No,0.0,False,,100,4091.2444335853083,2.0,0.0,-102.0,-1.0
16108,Russia x Ukraine ceasefire in 2025?,russia-x-ukraine-ceasefire-in-2025,516719,russia-x-ukraine-ceasefire-in-2025,Yes,0.06269199208365224,26876.03,1684.91,6.3%,,,,,,,,,,2026-05-28 01:04:29 UTC,2025-12-15 16:39:33+00:00,2025-12-15 16:39:33 UTC,0xfd13277e64bd9abd63a50c8fae6e66e7133b4e5ba9b5ac2c868516bd04d906c0,0x45d7f1b97f7f5770c51a87dd6606651240d69025,True,No,0.0,False,,100,1595.100054669922,2.0,0.0,-102.0,-1.0
10656,Will a Democrat win the popular vote and a Republican win the Presidency?,which-party-wins-presidency-popular-vote,501589,will-a-democrat-win-the-popular-vote-and-a-republican-win-the-presidency,Yes,0.05,33690.39,1684.52,5.0%,,,,,,,,,,2026-05-28 01:01:21 UTC,2024-11-06 04:41:15+00:00,2024-11-06 04:41:15 UTC,0xf75e98d58e1682b6263105eaf873cd9a7589aed3f677e8cb593ea5a0df71cafd,0x396ae75c9579f7bbfb8f505fb8b5680fbfc70c3e,True,No,0.0,False,,100,2000.0,2.0,0.0,-102.0,-1.0
12779,U.S. military action against Iran before November?,us-military-action-against-iran-before-november,507749,us-military-action-against-iran-before-november,Yes,0.09048611883316654,18615.51,1684.45,9.0%,,,,,,,,,,2026-05-28 01:02:49 UTC,2024-10-05 18:13:35+00:00,2024-10-05 18:13:35 UTC,0xc3391dfa91ab3a555efa7af08162b0ec8464674240f745fa6d7eb85d64211c00,0x4930ce3ef76a18074a338d6888408b4ec3abd78d,True,No,0.0,False,,100,1105.1418857335968,2.0,0.0,-102.0,-1.0
11968,Will Tim Walz be D-nom for VP on Election Day?,democratic-vp-nominee-on-election-day,504878,will-tim-walz-be-d-nom-for-vp-on-election-day,No,0.012,140331.6,1683.98,1.2%,,,,,,,,,,2026-05-28 01:02:13 UTC,2024-10-12 00:25:03+00:00,2024-10-12 00:25:03 UTC,0xf1656a6b426689a4f5a102a8648e3f534629315b5f57a1aa1654cdb0e5a35251,0x4ce73141dbfce41e65db3723e31059a730f0abad,True,Yes,0.0,False,,100,8333.333333333334,2.0,0.0,-102.0,-1.0
12795,Israel x Hezbollah Ceasefire in 2024?,israel-x-hezbollah-ceasefire-in-2024,507792,israel-x-hezbollah-ceasefire-in-2024,No,0.018,93403.01,1681.25,1.8%,,,,,,,,,,2026-05-28 01:02:49 UTC,2024-11-30 17:03:50+00:00,2024-11-30 17:03:50 UTC,0x3d576f7ebe5ec41301512887748240fb428802568440fae3d8e7dc94211e80d6,0x4cb696fc1e18fcb7cec327a813a76624da3d7ea5,True,Yes,0.0,False,,100,5555.555555555556,2.0,0.0,-102.0,-1.0
13143,Israel strike on Iranian nuclear facility in 2024?,israel-strike-on-iranian-nuclear-facility-in-2024,508671,israel-strike-on-iranian-nuclear-facility-in-2024,No,0.01,168091.44,1680.91,1.0%,,,,,,,,,,2026-05-28 01:02:53 UTC,2024-11-18 14:27:24+00:00,2024-11-18 14:27:24 UTC,0x758cc6f3975643432cc8c3ac458ab0738ba26b11130e594f1ecd3e78f897912d,0x8f784ae71b1af8c1f29c050f6afa4b8c102bf36d,True,Yes,0.0,False,,100,10000.0,2.0,0.0,-102.0,-1.0
13431,Israel military action against Iraq before November?,israel-military-action-against-iraq-before-november,509855,israel-military-action-against-iraq-before-november,No,0.09387647346248404,17863.9007,1677.0,9.4%,,,,,,,,,,2026-05-28 01:02:59 UTC,2024-10-27 16:22:22+00:00,2024-10-27 16:22:22 UTC,0x502b2875a454857497144a7918a558aff449ca30a851b94d9b7cfd1fd1c4285d,0x53497d66a63cc94b1f59b144b9abdc5c293da7b1,True,Yes,0.0,False,,100,1065.22961836613,2.0,0.0,-102.0,-1.0
11639,Will Biden resign before the election?,biden-resigns-from-presidency-before-election,503972,biden-resigns-from-presidency-before-election,Yes,0.08,20937.5,1675.0,8.0%,,,,,,,,,,2026-05-28 01:01:51 UTC,2024-08-23 19:30:41+00:00,2024-08-23 19:30:41 UTC,0x615168505048a94d30db615fe9b10344b073e65c6b2272cc10d7a420b2f38919,0x0677445aca95c5422717a87ff99805e06f581477,True,No,0.0,False,,100,1250.0,2.0,0.0,-102.0,-1.0
11910,GOP wins popular vote by 1-2%?,popular-vote-margin-of-victory-in-presidential-election,504679,gop-wins-popular-vote-by-1-2,Yes,0.08,20914.39,1673.15,8.0%,,,,,,,,,,2026-05-28 01:02:08 UTC,2024-10-07 12:16:34+00:00,2024-10-07 12:16:34 UTC,0xa191e22ffd783d7154731d9bf57af1e8f5479631dc365764370b7b9d9b85a3ca,0x6236a163db74732a2004c0c162d8536dbf2d15f1,True,Yes,0.0,True,,100,1250.0,2.0,1250.0,1148.0,11.254901960784315
12641,TikTok banned in the US before May 2025?,tiktok-banned-in-the-us-before-may-2025,507276,tiktok-banned-in-the-us-before-may-2025,No,0.050641715757575756,33000.0,1671.18,5.1%,,,,,,,,,,2026-05-28 01:02:43 UTC,2025-01-19 23:20:56+00:00,2025-01-19 23:20:56 UTC,0x51551faeced4bec480761653edabc686e19d57fd3416d64c7292c140c9c0a085,0x824c70b95e766341579e89fcac4bbb121a8fd2bb,True,Yes,0.0,False,,100,1974.6566344375976,2.0,0.0,-102.0,-1.0
10169,Will a Democrat win New Mexico Presidential Election?,new-mexico-presidential-election-winner-2024,500511,will-a-democrat-win-new-mexico-presidential-election,No,0.09975803560759948,16738.0,1669.75,10.0%,,,,,,,,,,2026-05-28 01:01:16 UTC,2024-05-13 11:25:35+00:00,2024-05-13 11:25:35 UTC,0x58e5debda921bf2d7b6539868b14ae32f8adcb4efe925eb5a1605d0460fcb550,0x8e5a5d37a354f4e05badd0d9e91b519774e44ef5,True,Yes,0.0,False,,100,1002.4255128013175,2.0,0.0,-102.0,-1.0
5821,"Will Donald Trump be President of the USA on May 31, 2023?",will-donald-trump-be-president-of-the-usa-on,248444,will-donald-trump-be-president-of-the-usa-on-may-31-2023,Yes,0.029999999982539827,55554.999999,1666.65,3.0%,164189.61860299998,,1366.51,42.991575,42.99,0.0,42.99,0.010151,38.766898,2026-05-28 01:01:09 UTC,2023-02-20 05:32:44+00:00,2023-02-20 05:32:44 UTC,0xc40874d8e2e6ab3158ae2d51e267dd40cd542bf8a1de6506d06dcabe6ead5884,0x7f2de588e3d990d66fef63bf2378dacc87a139a8,True,No,42.99,False,38.7683,100,3333.3333352733525,2.0,0.0,-102.0,-1.0
5821,"Will Donald Trump be President of the USA on May 31, 2023?",will-donald-trump-be-president-of-the-usa-on,248444,will-donald-trump-be-president-of-the-usa-on-may-31-2023,Yes,0.03,55555.0,1666.65,3.0%,164189.61860299998,,1366.51,42.991575,42.99,0.0,42.99,0.010151,38.766898,2026-05-28 01:01:09 UTC,2023-02-17 07:22:10+00:00,2023-02-17 07:22:10 UTC,0xb13a6b74aaf36d11df1ccc6031be675c20d8678a3da43a39dbe5954068e0b863,0x7f2de588e3d990d66fef63bf2378dacc87a139a8,True,No,42.99,False,38.7683,100,3333.3333333333335,2.0,0.0,-102.0,-1.0
5821,"Will Donald Trump be President of the USA on May 31, 2023?",will-donald-trump-be-president-of-the-usa-on,248444,will-donald-trump-be-president-of-the-usa-on-may-31-2023,Yes,0.03,55555.0,1666.65,3.0%,164189.61860299998,,1366.51,42.991575,42.99,0.0,42.99,0.010151,38.766898,2026-05-28 01:01:09 UTC,2023-02-10 07:42:53+00:00,2023-02-10 07:42:53 UTC,0x9db9b5dddcf7646deb7ba83006983f59ae674bb4f2ee338905697f8de700d192,0x7f2de588e3d990d66fef63bf2378dacc87a139a8,True,No,42.99,False,38.7683,100,3333.3333333333335,2.0,0.0,-102.0,-1.0
11639,Will Biden resign before the election?,biden-resigns-from-presidency-before-election,503972,biden-resigns-from-presidency-before-election,Yes,0.07,23743.52,1662.05,7.0%,,,,,,,,,,2026-05-28 01:01:51 UTC,2024-08-28 19:01:04+00:00,2024-08-28 19:01:04 UTC,0xe875e77727efac5d8b8d24dc2731f740ca68f0bd4d32dc6284704a76ec3898db,0x235ea9d9c6d71d9e3df5a4e876a7860647467916,True,No,0.0,False,,100,1428.5714285714284,2.0,0.0,-102.0,-1.0
16282,"Will Trump deport 250,000-500,000 people?",how-many-people-will-trump-deport-in-2025,517311,will-trump-deport-250000-500000-people,No,0.099,16784.0,1661.62,9.9%,,,,,,,,,,2026-05-28 01:04:34 UTC,2026-02-17 06:43:43+00:00,2026-02-17 06:43:43 UTC,0x5292cc7bfb8c60c09a941787ff2a2dd75e22981d80e199270fd68cee7082ee15,0xeb76b369acb9b25b4c57bb01d86336718144c7bc,True,Yes,0.0,False,,100,1010.10101010101,2.0,0.0,-102.0,-1.0
10223,"2024 Balance of Power: D Prez, D Senate, R House",balance-of-power-2024-election,500635,2024-balance-of-power-democratic-presidency-and-senate-republican-house,Yes,0.02287719894446231,72152.8,1650.65,2.3%,,,,,,,,,,2026-05-28 01:01:13 UTC,2024-11-05 16:38:45+00:00,2024-11-05 16:38:45 UTC,0xd4b7c1a4e1f6642909abe336cea135d4c7d139358a3e94cb44cfb7bd36de1b56,0x5fad92854594fe545456ccffd92749e65d241d0a,True,No,0.0,False,,100,4371.164505006246,2.0,0.0,-102.0,-1.0
12641,TikTok banned in the US before May 2025?,tiktok-banned-in-the-us-before-may-2025,507276,tiktok-banned-in-the-us-before-may-2025,No,0.025131459591328034,65568.97,1647.84,2.5%,,,,,,,,,,2026-05-28 01:02:43 UTC,2025-01-19 15:05:45+00:00,2025-01-19 15:05:45 UTC,0x0fa72ce0d8b004925dc25104384b0ce8c3da9df0a6ba6eb4a7240fc1db8c59ec,0xc3792d496a2fa647b3d9a2863beb1a2d8607e3a1,True,Yes,0.0,False,,100,3979.07648923449,2.0,0.0,-102.0,-1.0
12645,Nasrallah remains Hezbollah leader through Oct 31?,nasrallah-remains-leader-of-hezbollah-through-october-31,507280,nasrallah-remains-leader-of-hezbollah-through-october-31,Yes,0.044,37447.46,1647.69,4.4%,,,,,,,,,,2026-05-28 01:02:46 UTC,2024-09-28 10:59:25+00:00,2024-09-28 10:59:25 UTC,0xc2765b5be044a7bafbace7a3d486c37ac90955cd8cc4a907d7f9a5eceb530326,0xb31c1774abe8721d1b8c6ff9c495043de389c1c3,True,No,0.0,False,,100,2272.727272727273,2.0,0.0,-102.0,-1.0
11321,Will Biden announce resignation by July 31?,will-biden-resign-by-july-31,503011,will-biden-resign-by-july-31,Yes,0.09973120138603267,16484.46,1644.02,10.0%,,,,,,,,,,2026-05-28 01:01:36 UTC,2024-07-05 22:21:13+00:00,2024-07-05 22:21:13 UTC,0x2a967f7dc4248dfa57168cfaf1e132d3c438df7966aa10920bb1469c95454c56,0x970f9d98fa4ebf6ee0d6aa340f16afd2a4bfd100,True,No,0.0,False,,100,1002.6952308829299,2.0,0.0,-102.0,-1.0
14220,No change in Fed interest rates after January 2025 meeting?,fed-interest-rates-january-2025,512324,no-change-in-fed-interest-rates-after-january-2025-meeting,No,0.016738077215773424,98198.33,1643.65,1.7%,,,,,,,,,,2026-05-28 01:03:45 UTC,2025-01-29 07:19:29+00:00,2025-01-29 07:19:29 UTC,0xd02c21aa16302cd9672d570b649af2203631825f84a0c595fc372eb645758caa,0xd092aa0f3f32ecfdf8fe6669d812c1090566ed07,True,Yes,0.0,False,,100,5974.401880866174,2.0,0.0,-102.0,-1.0
14220,No change in Fed interest rates after January 2025 meeting?,fed-interest-rates-january-2025,512324,no-change-in-fed-interest-rates-after-january-2025-meeting,No,0.013,126412.91,1643.37,1.3%,,,,,,,,,,2026-05-28 01:03:48 UTC,2025-01-22 21:49:26+00:00,2025-01-22 21:49:26 UTC,0x64b279241bd3a2dd6c1b3827dbe34d736d333b48b2be3dad08862989b5211b37,0x8e9eedf20dfa70956d49f608a205e402d9df38e4,True,Yes,0.0,False,,100,7692.307692307692,2.0,0.0,-102.0,-1.0
16108,Russia x Ukraine ceasefire in 2025?,russia-x-ukraine-ceasefire-in-2025,516719,russia-x-ukraine-ceasefire-in-2025,Yes,0.08929715029368542,18397.675554,1642.86,8.9%,,,,,,,,,,2026-05-28 01:04:31 UTC,2025-12-02 16:11:32+00:00,2025-12-02 16:11:32 UTC,0x13b785ce726e9fcece3b36fc6156b999eae0ffe86a9db27d8b3847edf584c21c,0xe4ca1c0cecd4babe07fd193d2a7b266cfaf44ca9,True,No,0.0,False,,100,1119.8565650876255,2.0,0.0,-102.0,-1.0
10214,Will a Republican win Arizona US Senate Election?,arizona-us-senate-election-winner,500615,will-a-republican-win-arizona-us-senate-election,Yes,0.07781163593896234,21081.41,1640.38,7.8%,,,,,,,,,,2026-05-28 01:01:11 UTC,2024-11-07 21:46:17+00:00,2024-11-07 21:46:17 UTC,0x97f5e895ae04f9ae09190d46307f3f52a7d8806b73d35af5e31990ece92687ae,0x9d84ce0306f8551e02efef1680475fc0f1dc1344,True,No,0.0,False,,100,1285.1548331208824,2.0,0.0,-102.0,-1.0
11322,Will Biden finish his term?,will-biden-complete-his-term-as-president,503013,will-biden-complete-his-term-as-president,No,0.09,18226.45,1640.38,9.0%,,,,,,,,,,2026-05-28 01:01:35 UTC,2024-11-12 06:49:48+00:00,2024-11-12 06:49:48 UTC,0xfd49583635a1bb179a89dcd511f823e4d0bb36a3b6983a4c02ffd6e205215b5a,0xf29d18a1f705cd48f729397ece504e2c2840c106,True,Yes,0.0,False,,100,1111.111111111111,2.0,0.0,-102.0,-1.0
17140,Fed decreases interest rates by 50+ bps after May 2025 meeting?,fed-decision-in-may-2025,519776,fed-decreases-interest-rates-by-50-bps-after-may-2025-meeting,Yes,0.041,40000.0,1640.0,4.1%,,,,,,,,,,2026-05-28 01:04:57 UTC,2025-04-06 22:01:47+00:00,2025-04-06 22:01:47 UTC,0x0450edb78070fec3de851ee7fcd05b81dc8515ff1ccc6a085051ed349b9781a6,0xa9ee0279edee743ed85fb293c079994a24635a28,True,No,0.0,False,,100,2439.0243902439024,2.0,0.0,-102.0,-1.0
12641,TikTok banned in the US before May 2025?,tiktok-banned-in-the-us-before-may-2025,507276,tiktok-banned-in-the-us-before-may-2025,No,0.0371723768004736,44109.90475,1639.67,3.7%,,,,,,,,,,2026-05-28 01:02:43 UTC,2025-01-19 15:18:51+00:00,2025-01-19 15:18:51 UTC,0x2d48167f9a14a87b8d159303db03dd05bb3d0f65300580c921b5ed0af82178d6,0xe8589deebb8e78b35f5b3ef7b50da49f5ad78573,True,Yes,0.0,False,,100,2690.169653039941,2.0,0.0,-102.0,-1.0
10170,Will a Democrat win New York Presidential Election?,new-york-presidential-election-winner-2024,500514,will-a-democrat-win-new-york-presidential-election,No,0.028,58509.57,1638.27,2.8%,,,,,,,,,,2026-05-28 01:01:13 UTC,2024-11-05 02:30:14+00:00,2024-11-05 02:30:14 UTC,0xb6995e1544e39c88dc2b842f6d14bbb297ee94304b5349ce32133c505d9932ed,0xdabe48d478da5dc9f60a1d1e3adf61ed3c0ebd89,True,Yes,0.0,False,,100,3571.4285714285716,2.0,0.0,-102.0,-1.0
12641,TikTok banned in the US before May 2025?,tiktok-banned-in-the-us-before-may-2025,507276,tiktok-banned-in-the-us-before-may-2025,No,0.017999999989383904,90993.888887,1637.89,1.8%,,,,,,,,,,2026-05-28 01:02:43 UTC,2025-01-20 04:03:35+00:00,2025-01-20 04:03:35 UTC,0xb08011847e6571b073e9fc6b021b37fd894e00dca40efff468edd6fcdbba2407,0x6fcb423d405bee35c9a5dedf649a7e1bf872e907,True,Yes,0.0,False,,100,5555.555558832129,2.0,0.0,-102.0,-1.0
17140,Fed decreases interest rates by 25 bps after May 2025 meeting?,fed-decision-in-may-2025,519777,fed-decreases-interest-rates-by-25-bps-after-may-2025-meeting,Yes,0.017987462255226325,91008.39111,1637.01,1.8%,,,,,,,,,,2026-05-28 01:04:56 UTC,2025-05-03 16:14:42+00:00,2025-05-03 16:14:42 UTC,0xf81d2ec8e5bf9fb5be198957ebdb671aa929500768b5247084e69dbafa123ea7,0x02d3400a1528db46ae31f40cd0d6fc3976492136,True,No,0.0,False,,100,5559.427927135448,2.0,0.0,-102.0,-1.0
15586,Will  Alice Weidel be the next Chancellor of Germany?,next-chancellor-of-germany,515796,will-alice-weidel-be-the-next-chancellor-of-germany,Yes,0.06999661943320808,23369.12857,1635.76,7.0%,,,,,,,,,,2026-05-28 01:04:17 UTC,2025-01-05 19:59:23+00:00,2025-01-05 19:59:23 UTC,0xfb8060c092b7cf79c31272e566f7bafed92735944cbf095c64c32dfc9ffa0286,0x2cba0285f917c019e45b5a17b1b33f3f89615850,True,No,0.0,False,,100,1428.6404230624544,2.0,0.0,-102.0,-1.0
13464,"Will there be 150,000,000-155,000,000 votes cast in the U.S. Presidential Election?",turnout-in-2024-presidential-election,510524,will-there-be-150000000-155000000-votes-cast-in-the-us-presidential-election,Yes,0.09922727272727273,16478.0,1635.07,9.9%,,,,,,,,,,2026-05-28 01:03:02 UTC,2024-11-20 06:51:01+00:00,2024-11-20 06:51:01 UTC,0x6633cfb017de3a8a17b23ac42bfd2dc72283c0bf7bca6dcf590745076b2bf6d3,0xe2b1fc269d0c2e27da11fadd1d9596fe28227d2a,True,No,0.0,False,,100,1007.7874484654145,2.0,0.0,-102.0,-1.0
14220,No change in Fed interest rates after January 2025 meeting?,fed-interest-rates-january-2025,512324,no-change-in-fed-interest-rates-after-january-2025-meeting,No,0.021677115191999052,75349.07,1633.35,2.2%,,,,,,,,,,2026-05-28 01:03:45 UTC,2025-01-27 22:59:27+00:00,2025-01-27 22:59:27 UTC,0xfb459b2fca3083c9a6bcd66847b84991bec8b1247cb474b7dfbab7654e9dbef6,0x6a9b04663e24b275bf6258a53976eb1a516e4d6c,True,Yes,0.0,False,,100,4613.159966825736,2.0,0.0,-102.0,-1.0
16282,"Will Trump deport 250,000-500,000 people?",how-many-people-will-trump-deport-in-2025,517311,will-trump-deport-250000-500000-people,No,0.096,16970.0,1629.12,9.6%,,,,,,,,,,2026-05-28 01:04:34 UTC,2026-02-17 06:23:17+00:00,2026-02-17 06:23:17 UTC,0x396caeeacad1126c4225f8469d297642780306b7eb565ea5f97849b80705be6c,0x5ff77709510a80537cea7e02d8268795025259a2,True,Yes,0.0,False,,100,1041.6666666666667,2.0,0.0,-102.0,-1.0
14220,No change in Fed interest rates after January 2025 meeting?,fed-interest-rates-january-2025,512324,no-change-in-fed-interest-rates-after-january-2025-meeting,No,0.018999989485364677,85594.98,1626.3,1.9%,,,,,,,,,,2026-05-28 01:03:45 UTC,2025-01-29 14:56:19+00:00,2025-01-29 14:56:19 UTC,0x77873487f5ebe53305458266a3225e79d7903376db027de7edab4c9c5e0ffaeb,0xf359c2c374c7ce573171c00a0e05d208f11e3473,True,Yes,0.0,False,,100,5263.160807379818,2.0,0.0,-102.0,-1.0
11650,JD Vance replaced as Republican VP nominee?,jd-vance-steps-down-as-republican-vp-nominee,503989,jd-vance-steps-down-as-republican-vp-nominee,Yes,0.07164926141886183,22696.22,1626.17,7.2%,,,,,,,,,,2026-05-28 01:01:53 UTC,2024-08-11 01:08:02+00:00,2024-08-11 01:08:02 UTC,0x62412915cc32dc8b39dbc68cc2fde9c1e5b1b30164e2022f5a5be23272398e56,0x9f4a3b8f84511ae35c15a95164854ec872285722,True,No,0.0,False,,100,1395.6877994233557,2.0,0.0,-102.0,-1.0
12641,TikTok banned in the US before May 2025?,tiktok-banned-in-the-us-before-may-2025,507276,tiktok-banned-in-the-us-before-may-2025,No,0.019620907175512365,82708.714,1622.82,2.0%,,,,,,,,,,2026-05-28 01:02:43 UTC,2025-01-20 04:12:39+00:00,2025-01-20 04:12:39 UTC,0xd25995341ac0ec19f3dac325e6ec9b8cd5943ecc50335b7e9421de83529a7dbe,0x6fcb423d405bee35c9a5dedf649a7e1bf872e907,True,Yes,0.0,False,,100,5096.60430608447,2.0,0.0,-102.0,-1.0
14023,Will Donald Trump be inaugurated?,who-will-be-inaugurated-as-president,511754,will-donald-trump-be-inaugurated,No,0.022566967861226642,71804.506922,1620.41,2.3%,,,,,,,,,,2026-05-28 01:03:19 UTC,2025-01-20 03:47:23+00:00,2025-01-20 03:47:23 UTC,0x03c2e4609639be8c268b743220661728a895e2c02495cae5e7bc842b3dea3d1d,0xf71064fc25bf508cd58db5b00a7939cbdf4e7b48,True,Yes,0.0,False,,100,4431.255479909406,2.0,0.0,-102.0,-1.0
11639,Will Biden resign before the election?,biden-resigns-from-presidency-before-election,503972,biden-resigns-from-presidency-before-election,Yes,0.02470523121131786,65573.1568,1620.0,2.5%,,,,,,,,,,2026-05-28 01:01:51 UTC,2024-10-04 14:14:48+00:00,2024-10-04 14:14:48 UTC,0x44906f81ed27018e6ee6f8b0dd0498cef899d891bbae3d909876e8f17b6c783a,0x0f50a317131f6d8b1d8494411baef3da11b24861,True,No,0.0,False,,100,4047.7257283950617,2.0,0.0,-102.0,-1.0
15052,Yoon out as president of South Korea in 2024?,yoon-out-as-president-of-south-korea-in-2024,514550,yoon-out-as-president-of-south-korea-in-2024,Yes,0.06,27000.0,1620.0,6.0%,,,,,,,,,,2026-05-28 01:04:09 UTC,2024-12-16 15:11:06+00:00,2024-12-16 15:11:06 UTC,0x6f64512c72befcc8051018bb0bf34031289d2125ebdde7a2acccf02aec12f33b,0xc7b236995b438747166b8c4338861d0c752bece3,True,No,0.0,False,,100,1666.6666666666667,2.0,0.0,-102.0,-1.0
15625,Will the AfD win over 30% of the vote in the German election?,afd-of-vote-in-german-election,515879,will-the-afd-win-over-30-of-the-vote-in-the-german-election,Yes,0.0491685632265735,32870.04,1616.17,4.9%,0.0,0.0,0.0,,,,,,,2026-05-28 01:04:23 UTC,2025-02-05 19:37:08+00:00,2025-02-05 19:37:08 UTC,0x17830794f685bc78deab664f8dd270170952a884bed48e5de6f5a15681b58e8f,0x36cc547537fdc25339129b6b3c1ef1404ef48642,True,No,0.0,False,,100,2033.8198523147873,2.0,0.0,-102.0,-1.0
10223,"2024 Balance of Power: D Prez, R Senate, R House",balance-of-power-2024-election,500638,2024-balance-of-power-democratic-presidency-republican-house-and-senate,Yes,0.03893975903614458,41500.0,1616.0,3.9%,,,,,,,,,,2026-05-28 01:01:16 UTC,2024-08-06 21:01:50+00:00,2024-08-06 21:01:50 UTC,0x850b95bd5b3ad1e9fff847bd3d6f2bb9f36415f2ccdeb730f6e70246391b6c70,0x0c0e270cf879583d6a0142fc817e05b768d0434e,True,No,0.0,False,,100,2568.069306930693,2.0,0.0,-102.0,-1.0
17792,No change in Fed interest rates after June 2025 meeting?,fed-decision-in-june,521836,no-change-in-fed-interest-rates-after-june-2025-meeting,No,0.03,53734.43,1612.03,3.0%,,,,,,,,,,2026-05-28 01:05:09 UTC,2025-06-13 00:11:47+00:00,2025-06-13 00:11:47 UTC,0xab5831135efa04fdf03872ab8fba4befa5d3a38940300a3973704f573bd23fb4,0x24b1e0c01d30b6e02a4de1ee82011a69893248ee,True,Yes,0.0,False,,100,3333.3333333333335,2.0,0.0,-102.0,-1.0
16180,Maduro out in 2025?,maduro-out-in-2025,516947,maduro-out-in-2025-411,Yes,0.029870787870367073,53920.907811,1610.66,3.0%,,,,,,,,,,2026-05-28 01:04:28 UTC,2025-12-25 03:29:49+00:00,2025-12-25 03:29:49 UTC,0x23f4124c491b85e6d761fe93907044e13d136ce0880e5307182c9ff8ecc5f3fb,0x834079f62fa9b4b0bdfad5b8b7a841e8267da024,True,No,0.0,False,,100,3347.7523403125133,2.0,0.0,-102.0,-1.0
14430,Will Pete Hegseth be Trump's Defense Secretary?,who-will-be-trumps-defense-secretary,513091,will-pete-hegseth-be-trumps-defense-secretary,No,0.06,26834.4,1610.06,6.0%,,,,,,,,,,2026-05-28 01:03:53 UTC,2025-01-21 21:47:52+00:00,2025-01-21 21:47:52 UTC,0xf240f138df01bb045d7697de6a7e671a9d3024205e431c70390ec404325f664f,0x42a6ddf7cf7032972b0bfe32775e8109c5171b64,True,Yes,0.0,False,,100,1666.6666666666667,2.0,0.0,-102.0,-1.0
16108,Russia x Ukraine ceasefire in 2025?,russia-x-ukraine-ceasefire-in-2025,516719,russia-x-ukraine-ceasefire-in-2025,Yes,0.07,23000.91,1610.06,7.0%,,,,,,,,,,2026-05-28 01:04:31 UTC,2025-11-28 03:49:07+00:00,2025-11-28 03:49:07 UTC,0xfbd5001aaf62e9a052851cbbd4e12320d98259b956c8ee7cbc8e946ca18eb33c,0x67f9ac55ba4f65542be8613b76d1f136a369d241,True,No,0.0,False,,100,1428.5714285714284,2.0,0.0,-102.0,-1.0
10842,Trump sentenced to between 12 and 23 months prison time?,trump-sentenced-to-how-much-prison-time,501960,trump-sentenced-to-between-12-and-23-months-prison-time,Yes,0.06636995344635738,24242.8935,1609.0,6.6%,,,,,,,,,,2026-05-28 01:01:27 UTC,2024-06-03 14:48:30+00:00,2024-06-03 14:48:30 UTC,0xd09bfda871f93d110c903511d237f0bd64fc87e3d803c89d8bd7a4766b65fb70,0x46483a45de96eacaf31430c3ed97e0b6a30b5361,True,No,0.0,False,,100,1506.7058933651906,2.0,0.0,-102.0,-1.0
14220,No change in Fed interest rates after January 2025 meeting?,fed-interest-rates-january-2025,512324,no-change-in-fed-interest-rates-after-january-2025-meeting,No,0.07,22964.31,1607.5,7.0%,,,,,,,,,,2026-05-28 01:03:49 UTC,2025-01-09 13:45:39+00:00,2025-01-09 13:45:39 UTC,0x39695036ff8c449433325df78a0e1a904667ebf134df1265526634e06fde6606,0x6f72fea92844c87b9d6683c415e7caef70ee83ad,True,Yes,0.0,False,,100,1428.5714285714284,2.0,0.0,-102.0,-1.0
10164,Will a candidate from another party win Nebraska's 1st congressional district?,congressional-district-1st-nebraska-presidential-election-winner,500504,congressional-district-1st-nebraska-will-a-candidate-from-another-party-win,Yes,0.02645110799901145,60695.0,1605.45,2.6%,,,,,,,,,,2026-05-28 01:01:16 UTC,2024-07-18 17:42:35+00:00,2024-07-18 17:42:35 UTC,0xd5b538ac215336a759fd850c3b6b2eed1fd756ee738342e96607662f2fcc1b0a,0x3cf3e8d5427aed066a7a5926980600f6c3cf87b3,True,No,0.0,False,,100,3780.559967610327,2.0,0.0,-102.0,-1.0
17792,Fed decreases interest rates by 25 bps after June 2025 meeting?,fed-decision-in-june,521835,fed-decreases-interest-rates-by-25-bps-after-june-2025-meeting,Yes,0.021,76442.22,1605.29,2.1%,,,,,,,,,,2026-05-28 01:05:09 UTC,2025-06-09 01:11:26+00:00,2025-06-09 01:11:26 UTC,0x40139c17b2a81265020c2823bd490d5f9938fb2d408c0b3180e2e7461ba88f7d,0x8d5c7253de0b6cd0790d80adf679532d6cc77d29,True,No,0.0,False,,100,4761.9047619047615,2.0,0.0,-102.0,-1.0
11910,Democrats win popular vote by 7% or more?,popular-vote-margin-of-victory-in-presidential-election,504706,democrats-win-popular-vote-by-over-7,Yes,0.08788740977268059,18205.110415,1600.0,8.8%,,,,,,,,,,2026-05-28 01:02:06 UTC,2024-11-05 01:52:28+00:00,2024-11-05 01:52:28 UTC,0xbdab84003135a4a26008129af9a63df4b564dad63ce4bb48c2743342dd4b791c,0x2f0da2c3863b0f405e9670f10f24527a59b0bb33,True,No,0.0,False,,100,1137.819401648637,2.0,0.0,-102.0,-1.0
11910,Democrats win popular vote by 4-5%?,popular-vote-margin-of-victory-in-presidential-election,504703,democrats-win-popular-vote-by-4-5,Yes,0.08,20000.0,1600.0,8.0%,,,,,,,,,,2026-05-28 01:02:06 UTC,2024-10-29 01:51:41+00:00,2024-10-29 01:51:41 UTC,0x0300e6ecb01e118248208b7bd71c2f08977bbca119b0c81a3ee6c4e0ac832a80,0x66d416c913dba412d49580142c0e8f983db4ae10,True,No,0.0,False,,100,1250.0,2.0,0.0,-102.0,-1.0
11887,Tim Walz replaced as Democratic VP nominee?,tim-walz-out-as-democratic-vp-nominee,504598,tim-walz-out-as-democratic-vp-nominee,Yes,0.029718132749495554,53839.18342,1600.0,3.0%,,,,,,,,,,2026-05-28 01:02:08 UTC,2024-10-14 14:42:54+00:00,2024-10-14 14:42:54 UTC,0x2ee3a5e1658d6e1bfe088afd7e62215b026f22a218b9e1b68e3dfc35c34acb66,0xbd58809f0f8fbe2a43ebac3d1577b755193bb17f,True,No,0.0,False,,100,3364.94896375,2.0,0.0,-102.0,-1.0
11889,Harris-Walz Democratic ticket on election day?,harris-walz-final-democratic-ticket,504603,harris-walz-final-democratic-ticket,No,0.030284436477504277,52832.41774,1600.0,3.0%,,,,,,,,,,2026-05-28 01:02:08 UTC,2024-10-14 02:36:28+00:00,2024-10-14 02:36:28 UTC,0x1c9b66e6c5d4dd2be7913ec238606c34b72f45a3ee85a9fd809bfd6d3cb6dda4,0x0677445aca95c5422717a87ff99805e06f581477,True,Yes,0.0,False,,100,3302.026110813766,2.0,0.0,-102.0,-1.0
11889,Harris-Walz Democratic ticket on election day?,harris-walz-final-democratic-ticket,504603,harris-walz-final-democratic-ticket,No,0.0836652011015776,19123.840951,1600.0,8.4%,,,,,,,,,,2026-05-28 01:02:10 UTC,2024-08-17 15:33:25+00:00,2024-08-17 15:33:25 UTC,0xe9e910cac11c7eedb04668cbde484413f7ce3c8ea9b505f8964667d4e6fb3541,0xffb93ac7bdfd32e1551b7da697c690ac69f164df,True,Yes,0.0,False,,100,1195.240060184525,2.0,0.0,-102.0,-1.0
12641,TikTok banned in the US before May 2025?,tiktok-banned-in-the-us-before-may-2025,507276,tiktok-banned-in-the-us-before-may-2025,No,0.016751036928446112,95516.475,1600.0,1.7%,,,,,,,,,,2026-05-28 01:02:43 UTC,2025-01-21 16:04:09+00:00,2025-01-21 16:04:09 UTC,0x6502fa7f309afed755fa61caff1c2ed3f803cba004fdd0839f1a2715ab712043,0x716f28329a2b9c2001a050c759793974c0de9798,True,Yes,0.0,False,,100,5969.7796875,2.0,0.0,-102.0,-1.0
12795,Israel x Hezbollah Ceasefire in 2024?,israel-x-hezbollah-ceasefire-in-2024,507792,israel-x-hezbollah-ceasefire-in-2024,No,0.015435342468857343,103658.211875,1600.0,1.5%,,,,,,,,,,2026-05-28 01:02:49 UTC,2024-11-30 15:44:36+00:00,2024-11-30 15:44:36 UTC,0xfc66ddfdc9c63e1d6186531d9e1a0a2c3f1fb84709ede1ff70799929bdc19eb8,0x325814388cc3fb15177fa730b765151f8a915a4e,True,Yes,0.0,False,,100,6478.6382421875,2.0,0.0,-102.0,-1.0
15929,Yoon arrested by January 31?,yoon-arrested-by-january-31,516497,yoon-arrested-by-january-31,No,0.08,20000.0,1600.0,8.0%,,,,,,,,,,2026-05-28 01:04:26 UTC,2025-01-14 23:41:30+00:00,2025-01-14 23:41:30 UTC,0xc107168a023bf7965b6fb081434b4d8b0c83b95fde926778b5fdd717967716bb,0x889e7f0464c72eb8cda1525ebc12b6aaba9d09e0,True,Yes,0.0,False,,100,1250.0,2.0,0.0,-102.0,-1.0
16108,Russia x Ukraine ceasefire in 2025?,russia-x-ukraine-ceasefire-in-2025,516719,russia-x-ukraine-ceasefire-in-2025,Yes,0.08,20000.0,1600.0,8.0%,,,,,,,,,,2026-05-28 01:04:33 UTC,2025-11-20 06:28:17+00:00,2025-11-20 06:28:17 UTC,0xb7d4985856bca7badef4aecb0412c7628551ac41bacbaba28bedbe49bb55d687,0xa3a39a3746dbd55f3a33ae38bd27ae2804c2c2f9,True,No,0.0,False,,100,1250.0,2.0,0.0,-102.0,-1.0
17140,Fed decreases interest rates by 25 bps after May 2025 meeting?,fed-decision-in-may-2025,519777,fed-decreases-interest-rates-by-25-bps-after-may-2025-meeting,Yes,0.08,20000.0,1600.0,8.0%,,,,,,,,,,2026-05-28 01:04:56 UTC,2025-04-22 14:56:53+00:00,2025-04-22 14:56:53 UTC,0xa96f929769e782549f7f790be016134d0e5ee4572b54d6503b3e1ae0e3d081f5,0x3b5d93e768e79c0974ac0f7d210237988120cc80,True,No,0.0,False,,100,1250.0,2.0,0.0,-102.0,-1.0
17140,Fed decreases interest rates by 50+ bps after May 2025 meeting?,fed-decision-in-may-2025,519776,fed-decreases-interest-rates-by-50-bps-after-may-2025-meeting,Yes,0.041372867804470234,38672.687776,1600.0,4.1%,,,,,,,,,,2026-05-28 01:04:57 UTC,2025-04-07 21:59:01+00:00,2025-04-07 21:59:01 UTC,0xdbc19c37790d977db202192ddb701a6e234bc16a8132af50ecccd56114eaaaf8,0x836405a0b458b8714c21ec53d2df648edd2e2c70,True,No,0.0,False,,100,2417.042987510652,2.0,0.0,-102.0,-1.0
17174,Was JFK assassination an inside job?,was-jfk-assassination-an-inside-job-march-31,519906,was-jfk-assassination-an-inside-job-march-31,Yes,0.027222152513312572,58775.660713,1600.0,2.7%,,,,,,,,,,2026-05-28 01:04:59 UTC,2025-03-18 23:48:46+00:00,2025-03-18 23:48:46 UTC,0x84da5f657c06b34108392f6ba159bb18077baa815bc7462abc46d3d528b68c77,0x3fa32e2a6d9e18cfe6a6e28ec0cbda825402a820,True,No,0.0,False,,100,3673.4787945625,2.0,0.0,-102.0,-1.0
11921,Will Taylor Swift attend the DNC?,will-taylor-swift-attend-the-dnc,504675,will-taylor-swift-attend-the-dnc,Yes,0.06151958202646073,25993.99,1599.14,6.2%,,,,,,,,,,2026-05-28 01:02:10 UTC,2024-08-23 00:49:27+00:00,2024-08-23 00:49:27 UTC,0x3047652f8b6ada7ef3bb8e51763ed9a4815f6b28cc83ecc519f2f32554461174,0x8a458670dd167dc112a9ff1241c9a6dd5f424a71,True,No,0.0,False,,100,1625.4986901079417,2.0,0.0,-102.0,-1.0
11889,Harris-Walz Democratic ticket on election day?,harris-walz-final-democratic-ticket,504603,harris-walz-final-democratic-ticket,No,0.03098363459383156,51572.2,1597.89,3.1%,,,,,,,,,,2026-05-28 01:02:08 UTC,2024-10-14 06:04:09+00:00,2024-10-14 06:04:09 UTC,0xf35e6eab612d407ed695f93e2e3e5958a5ebc5e52398d8029129578e25e1e8f4,0xba1874c48060f54c8e1fc86b30359148b3b2e75c,True,Yes,0.0,False,,100,3227.510307002804,2.0,0.0,-102.0,-1.0
10656,Will a Republican win the popular vote and a Democrat win the Presidency?,which-party-wins-presidency-popular-vote,501588,will-a-republican-win-the-popular-vote-and-a-democrat-win-the-presidency,Yes,0.025,63896.48,1597.41,2.5%,,,,,,,,,,2026-05-28 01:01:21 UTC,2024-11-03 23:30:44+00:00,2024-11-03 23:30:44 UTC,0xde3167524714cfaa8cfbaf0f0c22074b58814685e3dda2527e7a61d22e28ef43,0x9f47f1fcb1701bf9eaf31236ad39875e5d60af93,True,No,0.0,False,,100,4000.0,2.0,0.0,-102.0,-1.0
15437,Will Biden pardon SBF?,who-will-biden-pardon,500502,will-biden-pardon-sbf-this-term,Yes,0.03708612969151265,43020.24,1595.45,3.7%,,,,,,,,,,2026-05-28 01:04:14 UTC,2024-11-18 03:25:44+00:00,2024-11-18 03:25:44 UTC,0x5cb1be89f408c7c5b1fc9fc55caca895b1da946ba041d44a4ccb6cfb569fa56f,0xcd8b783ac0d31d8846ccb8da39db5b447d5fd89d,True,No,0.0,False,,100,2696.425882986801,2.0,0.0,-102.0,-1.0
15625,Will the AfD win over 30% of the vote in the German election?,afd-of-vote-in-german-election,515879,will-the-afd-win-over-30-of-the-vote-in-the-german-election,Yes,0.04556653863611159,34986.44,1594.21,4.6%,0.0,0.0,0.0,,,,,,,2026-05-28 01:04:23 UTC,2025-02-07 20:10:48+00:00,2025-02-07 20:10:48 UTC,0x5fb2457538086afd850e91b40166df89cf4f5b23883aef342f853b1bdc651fb3,0x36cc547537fdc25339129b6b3c1ef1404ef48642,True,No,0.0,False,,100,2194.5928524127517,2.0,0.0,-102.0,-1.0
12327,Will there be a US Government shutdown? ,us-government-shutdown-before-2025,506202,us-government-shutdown-before-2025,No,0.02516266651754203,63329.93357,1593.55,2.5%,,,,,,,,,,2026-05-28 01:02:35 UTC,2024-12-23 01:31:05+00:00,2024-12-23 01:31:05 UTC,0xafa13b764b8865962316397a0293f1e37b3ad57afbd4427eec828e748b0b1f4a,0x927b2ac699ce6bd2d6cb970526b7f3e0991f6416,True,Yes,0.0,False,,100,3974.1416089699987,2.0,0.0,-102.0,-1.0
10223,"2024 Balance of Power: R Prez, R Senate, D House",balance-of-power-2024-election,500637,2024-balance-of-power-republican-presidency-and-senate-democratic-house,Yes,0.02119099217434814,75126.01,1591.99,2.1%,,,,,,,,,,2026-05-28 01:01:11 UTC,2024-11-06 20:32:39+00:00,2024-11-06 20:32:39 UTC,0x5586c35912ece37f0aac84973fa170911c9e0f3fb4ff7747448b6727a938b00d,0xfc695b0a9e369546d92cee09699771e564ab166b,True,No,0.0,False,,100,4718.986217221616,2.0,0.0,-102.0,-1.0
17140,No change in Fed interest rates after May 2025 meeting?,fed-decision-in-may-2025,519778,no-change-in-fed-interest-rates-after-may-2025-meeting,No,0.09,17668.68,1590.18,9.0%,,,,,,,,,,2026-05-28 01:04:56 UTC,2025-04-29 14:01:24+00:00,2025-04-29 14:01:24 UTC,0xf816b0e59d55aa3123cc4517c1014d65563565851cae2e9cf393c447e546f0be,0xbd5dc13522b5cd32c868e9f8467c71a26785aefa,True,Yes,0.0,False,,100,1111.111111111111,2.0,0.0,-102.0,-1.0
12120,Favorite to win on Polymarket day before election?,favorite-to-win-on-polymarket-day-before-election,505437,favorite-to-win-on-polymarket-day-before-election,Kamala,0.085,18700.0,1589.5,8.5%,,,,,,,,,,2026-05-28 01:02:21 UTC,2024-11-04 00:07:01+00:00,2024-11-04 00:07:01 UTC,0x8bdf107e5f774211c02074cfddb00f074a2d613dffe0144d62b3e1f56ca62e91,0xc6208602d8a6295983ebfe0b0aeb51ce92a82da3,True,Trump,0.0,False,,100,1176.4705882352941,2.0,0.0,-102.0,-1.0
15437,Will Biden pardon SBF?,who-will-biden-pardon,500502,will-biden-pardon-sbf-this-term,Yes,0.037129455674006495,42787.32263,1588.67,3.7%,,,,,,,,,,2026-05-28 01:04:14 UTC,2025-01-07 18:23:06+00:00,2025-01-07 18:23:06 UTC,0xfeefba8afdda6e0796551868b8ae10e42fa01b86dae0ed9d9481ca09e3c221eb,0x9d5e8a5502c626334b8718bc588c2f4f32c517f9,True,No,0.0,False,,100,2693.2794511719108,2.0,0.0,-102.0,-1.0
12877,Will Trump be Speaker by January 1?,will-trump-be-speaker-by-january-1,508204,will-trump-be-speaker-by-january-1,Yes,0.021481085542125286,73864.66,1586.69,2.1%,,,,,,,,,,2026-05-28 01:02:51 UTC,2024-12-19 23:32:07+00:00,2024-12-19 23:32:07 UTC,0x053457ffac9c48f3979d6957f2b86b83ae538a3cd0e412bf72e5ed69d4d5ca31,0xcf7c3d0c796b2aaaccfd613236431a0ec7cdf2cb,True,No,0.0,False,,100,4655.258217928322,2.0,0.0,-102.0,-1.0
17140,Fed decreases interest rates by 25 bps after May 2025 meeting?,fed-decision-in-may-2025,519777,fed-decreases-interest-rates-by-25-bps-after-may-2025-meeting,Yes,0.08,19823.31,1585.86,8.0%,,,,,,,,,,2026-05-28 01:04:56 UTC,2025-04-23 09:41:51+00:00,2025-04-23 09:41:51 UTC,0xd7a8241be489b90abf085a33efc996b4f9d285f2b7c17dfbf910e5fb98bb9bf4,0xa58e4adccaa98aba2872f0189ec332324451d9ab,True,No,0.0,False,,100,1250.0,2.0,0.0,-102.0,-1.0
12641,TikTok banned in the US before May 2025?,tiktok-banned-in-the-us-before-may-2025,507276,tiktok-banned-in-the-us-before-may-2025,No,0.016,99056.25,1584.9,1.6%,,,,,,,,,,2026-05-28 01:02:43 UTC,2025-01-21 15:50:05+00:00,2025-01-21 15:50:05 UTC,0xe55ac910beb2b6ea39dbea0b5446956ca29d15d2595857c5a53b48a010f8a370,0x9fbb294975ff7d30381a9321ae0f0b4defd72ba2,True,Yes,0.0,False,,100,6250.0,2.0,0.0,-102.0,-1.0
11650,JD Vance replaced as Republican VP nominee?,jd-vance-steps-down-as-republican-vp-nominee,503989,jd-vance-steps-down-as-republican-vp-nominee,Yes,0.06890552173913043,23000.0,1584.83,6.9%,,,,,,,,,,2026-05-28 01:01:53 UTC,2024-08-15 05:47:46+00:00,2024-08-15 05:47:46 UTC,0x6ceea9f6cc03fbeb3bb5d1d0ec8f9ef02d2304bb5b6a4fce7b2f7066d4acd6ab,0x86a23f3d2841fdf28e26f8dd801a7a190564be38,True,No,0.0,False,,100,1451.2625037306912,2.0,0.0,-102.0,-1.0
15437,Will Biden pardon Trump?,who-will-biden-pardon,506488,will-biden-pardon-trump,Yes,0.045681033811669026,34555.23,1578.52,4.6%,,,,,,,,,,2026-05-28 01:04:14 UTC,2024-12-19 12:41:03+00:00,2024-12-19 12:41:03 UTC,0xe446e2a4b21a4ca1378c58b46d92c7eee9164be480aa47d12f515a419edddf3e,0x542aae10712e812bd71d792861ec5a570aa8a81b,True,No,0.0,False,,100,2189.0923137220116,2.0,0.0,-102.0,-1.0
12641,TikTok banned in the US before May 2025?,tiktok-banned-in-the-us-before-may-2025,507276,tiktok-banned-in-the-us-before-may-2025,No,0.04770177363636364,33000.0,1574.16,4.8%,,,,,,,,,,2026-05-28 01:02:43 UTC,2025-01-19 23:17:20+00:00,2025-01-19 23:17:20 UTC,0x1af598128515d4d90758d18d0c421099ee3ad54b42672038e46e8b755e0b3bd3,0x824c70b95e766341579e89fcac4bbb121a8fd2bb,True,Yes,0.0,False,,100,2096.358109497396,2.0,0.0,-102.0,-1.0
16282,"Will Trump deport 250,000-500,000 people?",how-many-people-will-trump-deport-in-2025,517311,will-trump-deport-250000-500000-people,No,0.098,16060.0,1573.88,9.8%,,,,,,,,,,2026-05-28 01:04:34 UTC,2026-02-17 06:55:31+00:00,2026-02-17 06:55:31 UTC,0xb79b576062a6958fa94c66704543379029cc792406142a6cfe09fdf0216d80f7,0x6474124b86161c3781d85b1c091633669d8a7edc,True,Yes,0.0,False,,100,1020.408163265306,2.0,0.0,-102.0,-1.0
11322,Will Biden finish his term?,will-biden-complete-his-term-as-president,503013,will-biden-complete-his-term-as-president,No,0.06515152343340758,24149.07,1573.35,6.5%,,,,,,,,,,2026-05-28 01:01:34 UTC,2024-12-20 15:49:34+00:00,2024-12-20 15:49:34 UTC,0x8e3c0c7273374239be3ec8f07742081f7714f3ac27aaff03cfae8e182e0e3e89,0xe1e7036279433715711a65fc3254a8af558c5fb6,True,Yes,0.0,False,,100,1534.883525819801,2.0,0.0,-102.0,-1.0
11878,No change in Fed interest rates after December 2024 meeting?,fed-interest-rates-december-2024,504587,no-change-in-fed-interest-rates-after-december-2024-meeting,Yes,0.03932312722398794,39990.1,1572.54,3.9%,,,,,,,,,,2026-05-28 01:01:59 UTC,2024-12-16 05:00:53+00:00,2024-12-16 05:00:53 UTC,0xa4c8f4cfc2ee1b59f2f474058b7270ebfab63b034e356649122d0dc122481354,0x7d3460152403da65313d3abd42ebb30bfdcd33f1,True,No,0.0,False,,100,2543.0327407683358,2.0,0.0,-102.0,-1.0
14039,Will Biden resign in 2024?,will-biden-resign-in-2024,511885,will-biden-resign-in-2024,Yes,0.020561337460183245,76408.453635,1571.06,2.1%,,,,,,,,,,2026-05-28 01:03:33 UTC,2024-12-20 10:53:14+00:00,2024-12-20 10:53:14 UTC,0x14b9267ec6b47b53462f912712ec3d7ea7d4f2576bfbf2a9e25b5ebf52b444bf,0xfa653eaf570bb2d5b405e9e509bcc29f536215bb,True,No,0.0,False,,100,4863.496851488803,2.0,0.0,-102.0,-1.0
11887,Tim Walz replaced as Democratic VP nominee?,tim-walz-out-as-democratic-vp-nominee,504598,tim-walz-out-as-democratic-vp-nominee,Yes,0.028955471458405817,54122.59,1567.15,2.9%,,,,,,,,,,2026-05-28 01:02:08 UTC,2024-09-30 23:38:49+00:00,2024-09-30 23:38:49 UTC,0x96127ed4fdc90c5107232e289780a63dabf8b42f9d5d30501b3d2dc3991aed3b,0x10b30364936b03d26b3fd01a63d1f991454b40d4,True,No,0.0,False,,100,3453.578718055024,2.0,0.0,-102.0,-1.0
13272,Will Trump win no swing states?,how-many-swing-states-will-trump-win,509222,will-trump-win-no-swing-states,Yes,0.09,17408.82,1566.79,9.0%,,,,,,,,,,2026-05-28 01:02:56 UTC,2024-10-31 19:03:07+00:00,2024-10-31 19:03:07 UTC,0x87fafedf2da5c500095402e6c04fd5c50e33e501afd51a2422b72f57e2c9d2fe,0x51cb4211551723b5e722c45a69245cafdc5478ec,True,No,0.0,False,,100,1111.111111111111,2.0,0.0,-102.0,-1.0
13678,Record turnout in 2024 Presidential election?,record-turnout-in-2024-presidential-election,510534,record-turnout-in-2024-presidential-election,Yes,0.07547665873472048,20755.73,1566.57,7.5%,,,,,,,,,,2026-05-28 01:03:11 UTC,2024-11-07 18:44:32+00:00,2024-11-07 18:44:32 UTC,0xa26bfaad5b3f53853727d63921245714199afebc15f13454eb0b00bd39bf3a95,0xd1acd3925d895de9aec98ff95f3a30c5279d08d5,True,No,0.0,False,,100,1324.9129158124535,2.0,0.0,-102.0,-1.0
10214,Will a Democrat win Arizona US Senate Election?,arizona-us-senate-election-winner,500614,will-a-democrat-win-arizona-us-senate-election,No,0.091,17214.49,1566.52,9.1%,,,,,,,,,,2026-05-28 01:01:11 UTC,2024-11-07 00:41:24+00:00,2024-11-07 00:41:24 UTC,0x481a2229d13ee0fdcc991c9986b2530c25bda6db181078281867320eacc998dd,0xacd943c52e0ba8efcabfeaddfa3ca17c1a5a3d87,True,Yes,0.0,False,,100,1098.901098901099,2.0,0.0,-102.0,-1.0
16489,Will Trump be impeached in 2025?,will-trump-be-impeached-in-2025,517855,will-trump-be-impeached-in-2025,Yes,0.03951387608422082,39644.83,1566.52,4.0%,,,,,,,,,,2026-05-28 01:04:36 UTC,2025-09-09 04:03:40+00:00,2025-09-09 04:03:40 UTC,0xa0262d0b89fce29af4246730daaf03d654f58064299a2a1e117eb33788cc9cad,0xd40d350302b884010de067ef84e37095ef60a926,True,No,0.0,False,,100,2530.756531879019,2.0,0.0,-102.0,-1.0
11143,Will Trump launch a coin before the election?,will-trump-launch-a-coin-before-the-election,502571,will-trump-launch-a-coin-before-the-election,No,0.019373404949281452,80832.461,1566.0,1.9%,,,,,,,,,,2026-05-28 01:01:31 UTC,2024-10-16 16:15:57+00:00,2024-10-16 16:15:57 UTC,0x3b3b04f06c4b2a3772eeb58392322574fe3a4d40de7692808f6de2070782ec98,0x2b8b052ee102787926eb98a1be7ea0cfc7934b24,True,Yes,0.0,False,,100,5161.715261813538,2.0,0.0,-102.0,-1.0
17792,Fed decreases interest rates by 25 bps after June 2025 meeting?,fed-decision-in-june,521835,fed-decreases-interest-rates-by-25-bps-after-june-2025-meeting,Yes,0.012520547780342919,124636.82,1560.52,1.3%,,,,,,,,,,2026-05-28 01:05:07 UTC,2025-06-18 10:05:28+00:00,2025-06-18 10:05:28 UTC,0xbd674909482eaf2c6f7389c20008c335b3184f966c0fb82e7fcba9a8dadd3619,0x33acd201d6b02982b3a95b975b331bc225649334,True,No,0.0,False,,100,7986.871002321366,2.0,0.0,-102.0,-1.0
12374,Favorite to win on Polymarket day after debate?,favorite-to-win-on-polymarket-one-day-after-debate,506376,favorite-to-win-on-polymarket-one-day-after-debate,Trump,0.039977783407375254,38896.60375,1555.0,4.0%,,,,,,,,,,2026-05-28 01:02:38 UTC,2024-09-12 03:14:06+00:00,2024-09-12 03:14:06 UTC,0xc2dee4ca63abf6e7ffb3c63c4d4d2b34fe7f3d7f19d42e3a7f5d0d122242b409,0x9dafd5c5a2975ae954eb6fd053fbda0d626eaf52,True,Kamala,0.0,False,,100,2501.389308681672,2.0,0.0,-102.0,-1.0
12700,Israeli forces enters Lebanon in September?,israeli-forces-enters-lebanon-in-september,507472,israeli-forces-enters-lebanon-in-september,No,0.02299184973200813,67537.410739,1552.81,2.3%,,,,,,,,,,2026-05-28 01:02:47 UTC,2024-10-02 22:30:21+00:00,2024-10-02 22:30:21 UTC,0x4788964e0e5e7c4c2f07004c0194d4237edec12122c3429b5233618ba322e4b7,0xb1f52b209295241679ad1e3de8a7178b2caa1757,True,Yes,0.0,False,,100,4349.367326491565,2.0,0.0,-102.0,-1.0
17140,Fed decreases interest rates by 25 bps after May 2025 meeting?,fed-decision-in-may-2025,519777,fed-decreases-interest-rates-by-25-bps-after-may-2025-meeting,Yes,0.02392413599767081,64823.2396,1550.84,2.4%,,,,,,,,,,2026-05-28 01:04:55 UTC,2025-05-07 01:15:42+00:00,2025-05-07 01:15:42 UTC,0x6d60c3439f1b9f00a8d3f0ece912935a136a437b5e2a5ef353e023fcb87c8087,0xe92e1f6fccaead0287b75739e554b0a9f92154ed,True,No,0.0,False,,100,4179.879265430348,2.0,0.0,-102.0,-1.0
11385,Will Andy Beshear be the 2024 Democratic VP nominee?,democratic-vp-nominee,503190,will-andy-beshear-be-the-2024-democratic-vp-nominee,Yes,0.039482820491142864,39270.04,1550.49,3.9%,,,,,,,,,,2026-05-28 01:01:39 UTC,2024-08-04 15:54:21+00:00,2024-08-04 15:54:21 UTC,0x0403f247a0a4bdc7ddcc088626b194cc8d3d3e3503f9c74faffc7436d4d4a3df,0x133ba4d001ae339bfb08631eead95c5dabe92f22,True,No,0.0,False,,100,2532.747122826063,2.0,0.0,-102.0,-1.0
12681,Will Israel invade Lebanon in September?,will-israel-invade-lebanon-in-september,507417,will-israel-invade-lebanon-in-september,Yes,0.09454533536025776,16399.23,1550.47,9.5%,,,,,,,,,,2026-05-28 01:02:46 UTC,2024-09-21 18:14:18+00:00,2024-09-21 18:14:18 UTC,0xdc2dec2cbb5f5deea649c44704a74fc98354c0eee3bfd400fba48ba6c952c33f,0xe64ffa7621459172ad81960762d5760e65d444a5,True,No,0.0,False,,100,1057.6936410343,2.0,0.0,-102.0,-1.0
11322,Will Biden finish his term?,will-biden-complete-his-term-as-president,503013,will-biden-complete-his-term-as-president,No,0.09936790384615385,15600.0,1550.14,9.9%,,,,,,,,,,2026-05-28 01:01:35 UTC,2024-11-08 00:00:37+00:00,2024-11-08 00:00:37 UTC,0x534e68a8038705c5d8d00bee85a0d3dd44bd38bace24b849dc0f937ef4c0eafc,0x80c228786e4940904fccdd54999edce5d3cbec5e,True,Yes,0.0,False,,100,1006.3611702509575,2.0,0.0,-102.0,-1.0
17140,Fed decreases interest rates by 25 bps after May 2025 meeting?,fed-decision-in-may-2025,519777,fed-decreases-interest-rates-by-25-bps-after-may-2025-meeting,Yes,0.024000000000496118,64500.833332,1548.02,2.4%,,,,,,,,,,2026-05-28 01:04:55 UTC,2025-05-04 18:15:09+00:00,2025-05-04 18:15:09 UTC,0xc4357e6adf31e5c5a33f5b4e0918dddd8827532e86319708512b08f538efddca,0x6d82caafa842f3b12c95737b63d3d9e37188672d,True,No,0.0,False,,100,4166.666666580535,2.0,0.0,-102.0,-1.0
11906,Kamala Harris replaced as nominee at DNC?,kamala-swap-at-dnc,504653,kamala-swap-at-dnc,Yes,0.012,128996.78,1547.96,1.2%,,,,,,,,,,2026-05-28 01:02:10 UTC,2024-08-19 01:49:20+00:00,2024-08-19 01:49:20 UTC,0x3ede94f99f9e7556043c663f5c80753efe4b69b45e2614ca43537c2758833429,0x8f67269c629e5d683b03cb5f4df5de0d01535786,True,No,0.0,False,,100,8333.333333333334,2.0,0.0,-102.0,-1.0
15665,Fed decreases interest rates by 50+ bps after March 2025 meeting?,fed-decision-in-march,516008,fed-decreases-interest-rates-by-50-bps-after-march-2025-meeting,Yes,0.01732798053822175,89319.69,1547.73,1.7%,,,,,,,,,,2026-05-28 01:04:20 UTC,2025-03-06 22:22:25+00:00,2025-03-06 22:22:25 UTC,0xcb1eab8fff68c49225a3114d248eafd4ab21b9145845feafc93ed343c4d1d6f1,0x40f43a67b86fedcf2d386239845b04f02ca8c7d7,True,No,0.0,False,,100,5771.012945185492,2.0,0.0,-102.0,-1.0
10223,"2024 Balance of Power: D Prez, D Senate, R House",balance-of-power-2024-election,500635,2024-balance-of-power-democratic-presidency-and-senate-republican-house,Yes,0.022101051142857143,70000.0,1547.07,2.2%,,,,,,,,,,2026-05-28 01:01:13 UTC,2024-11-02 08:04:38+00:00,2024-11-02 08:04:38 UTC,0x7f2aae26ea611930e4bca2bb1e2d4f4e992365374bd4e268830683a6c49d3af6,0x5abbb4f25adbac230a7cd46784a91ca3643c8633,True,No,0.0,False,,100,4524.6716707553105,2.0,0.0,-102.0,-1.0
11322,Will Biden finish his term?,will-biden-complete-his-term-as-president,503013,will-biden-complete-his-term-as-president,No,0.06999999996005576,22030.714284,1542.15,7.0%,,,,,,,,,,2026-05-28 01:01:34 UTC,2024-12-03 22:18:22+00:00,2024-12-03 22:18:22 UTC,0x2f1f364f023edd6521296e9fd5561f11043638c1f5d652866fc6df4350eae552,0x15280073671878ed05fc124545d117dec5e1a52b,True,Yes,0.0,False,,100,1428.571429386617,2.0,0.0,-102.0,-1.0
11322,Will Biden finish his term?,will-biden-complete-his-term-as-president,503013,will-biden-complete-his-term-as-president,No,0.06999999995822197,22021.142856,1541.48,7.0%,,,,,,,,,,2026-05-28 01:01:34 UTC,2024-12-03 22:39:42+00:00,2024-12-03 22:39:42 UTC,0xcfab596ee1e22dcc12e32620aa90b5933aa6e412759a8579e8158bbbcc73dfd9,0x765b0974bb298a7dbc3c0960b4b95aa8834cc9a7,True,Yes,0.0,False,,100,1428.5714294240415,2.0,0.0,-102.0,-1.0
11910,GOP wins popular vote by 2-3%?,popular-vote-margin-of-victory-in-presidential-election,504678,gop-wins-popular-vote-by-2-3,Yes,0.04897598975478066,31444.91,1540.05,4.9%,,,,,,,,,,2026-05-28 01:02:06 UTC,2024-11-05 19:38:50+00:00,2024-11-05 19:38:50 UTC,0x1e05f7962e38888bbc4d5aef9dfb19b71e79849649d99ccde7634d7c40e92c95,0xc10972c04ce8ad1ac5168821463e4a80a98f1ad2,True,No,0.0,False,,100,2041.8168269940634,2.0,0.0,-102.0,-1.0
12681,Will Israel invade Lebanon in September?,will-israel-invade-lebanon-in-september,507417,will-israel-invade-lebanon-in-september,Yes,0.06926761283910049,22232.612557,1540.0,6.9%,,,,,,,,,,2026-05-28 01:02:46 UTC,2024-10-03 04:51:10+00:00,2024-10-03 04:51:10 UTC,0x259750689eb4e884da9c58490f86ac1cd857bd7ebb44c6dbfc9e715287291dc6,0x0f46ff50da184c74f55fb942168a0c7b98380e43,True,No,0.0,False,,100,1443.676141002387,2.0,0.0,-102.0,-1.0
11910,GOP wins popular vote by 1-2%?,popular-vote-margin-of-victory-in-presidential-election,504679,gop-wins-popular-vote-by-1-2,Yes,0.09,17103.08,1539.28,9.0%,,,,,,,,,,2026-05-28 01:02:08 UTC,2024-10-15 09:55:02+00:00,2024-10-15 09:55:02 UTC,0x067dfc640be16c565b81c31a48e7c5605be42ea3022bd2ab4aa9d6943eb5aa5a,0x5bffcf561bcae83af680ad600cb99f1184d6ffbe,True,Yes,0.0,True,,100,1111.111111111111,2.0,1111.111111111111,1009.1111111111111,9.893246187363834
17174,Was JFK assassination an inside job?,was-jfk-assassination-an-inside-job-march-31,519906,was-jfk-assassination-an-inside-job-march-31,Yes,0.022431246122593364,68594.495,1538.66,2.2%,,,,,,,,,,2026-05-28 01:04:59 UTC,2025-03-19 01:21:25+00:00,2025-03-19 01:21:25 UTC,0xdb5709b671ddb8b398740e5f41718c1ba2544d2073c3ad87b51f84a3069f968d,0x668a0e5dcd5eb089f30788b78ed789cffcef33f3,True,No,0.0,False,,100,4458.067084346119,2.0,0.0,-102.0,-1.0
17792,Fed decreases interest rates by 25 bps after June 2025 meeting?,fed-decision-in-june,521835,fed-decreases-interest-rates-by-25-bps-after-june-2025-meeting,Yes,0.019604049555517145,78388.85,1536.74,2.0%,,,,,,,,,,2026-05-28 01:05:09 UTC,2025-06-12 12:30:19+00:00,2025-06-12 12:30:19 UTC,0x03c6b5857dbfca257b58bd7b73ef4c5c8dadb583892237da23803f5b4834bc1c,0xd1acd3925d895de9aec98ff95f3a30c5279d08d5,True,No,0.0,False,,100,5100.986901548467,2.0,0.0,-102.0,-1.0
11385,Will Pete Buttigieg be the 2024 Democratic VP nominee?,democratic-vp-nominee,503175,will-pete-buttigieg-be-the-2024-democratic-vp-nomination,Yes,0.06886533092904153,22276.83,1534.1,6.9%,,,,,,,,,,2026-05-28 01:01:40 UTC,2024-07-30 11:26:50+00:00,2024-07-30 11:26:50 UTC,0x3278d0c6d4b14fc5c2524fe3de5f43a1ebc5e9b4aaa5aaa872f0fa827ed19381,0x0386550f6729b1a8478696280985293f95e299b9,True,No,0.0,False,,100,1452.1094816641405,2.0,0.0,-102.0,-1.0
14220,No change in Fed interest rates after January 2025 meeting?,fed-interest-rates-january-2025,512324,no-change-in-fed-interest-rates-after-january-2025-meeting,No,0.03,51136.0,1534.08,3.0%,,,,,,,,,,2026-05-28 01:03:46 UTC,2025-01-27 10:20:32+00:00,2025-01-27 10:20:32 UTC,0xade554493504966c7ccdb3cc3045c96662159f73d3bea29d56076d95bbe48b9a,0xf359c2c374c7ce573171c00a0e05d208f11e3473,True,Yes,0.0,False,,100,3333.3333333333335,2.0,0.0,-102.0,-1.0
11696,Fed decreases interest rates by 50+ bps after September 2024 meeting?,fed-interest-rates-september-2024,504069,fed-decreases-interest-rates-by-50-bps-after-september-2024-meeting,Yes,0.09,17042.28,1533.81,9.0%,,,,,,,,,,2026-05-28 01:01:55 UTC,2024-09-12 17:07:48+00:00,2024-09-12 17:07:48 UTC,0xb9ec76501b16d7ca1645d9feb422b81e4adf775a3a640b9d458c933584bb5f00,0x7fea691e28d169a33c500607279f2acb49058f74,True,Yes,0.0,True,,100,1111.111111111111,2.0,1111.111111111111,1009.1111111111111,9.893246187363834
11889,Harris-Walz Democratic ticket on election day?,harris-walz-final-democratic-ticket,504603,harris-walz-final-democratic-ticket,No,0.07488034074067358,20470.7936,1532.86,7.5%,,,,,,,,,,2026-05-28 01:02:10 UTC,2024-08-18 06:23:56+00:00,2024-08-18 06:23:56 UTC,0xfbef49ca386adc38781575347ba29e28205a37ddf8b55cea8c837b60a7d45796,0x191c3f360337e881e3da3b64387049edb3c8d9d2,True,Yes,0.0,False,,100,1335.4640084547839,2.0,0.0,-102.0,-1.0
14220,No change in Fed interest rates after January 2025 meeting?,fed-interest-rates-january-2025,512324,no-change-in-fed-interest-rates-after-january-2025-meeting,No,0.02285220641791045,67000.0,1531.1,2.3%,,,,,,,,,,2026-05-28 01:03:45 UTC,2025-01-29 08:36:39+00:00,2025-01-29 08:36:39 UTC,0xf311b1043466d523499f58ce3e5658cfa345c9d1b54893da02c93954cadc7aeb,0xda7edb5fadd9832b589ba5f4562051159b05c1ee,True,Yes,0.0,False,,100,4375.945069427732,2.0,0.0,-102.0,-1.0
11143,Will Trump launch a coin before the election?,will-trump-launch-a-coin-before-the-election,502571,will-trump-launch-a-coin-before-the-election,No,0.039287206077421186,38969.429284,1531.0,3.9%,,,,,,,,,,2026-05-28 01:01:31 UTC,2024-10-16 21:35:53+00:00,2024-10-16 21:35:53 UTC,0xf89fef981b178af8a7959238517c03b4fffe4cd37c268289c228e923ead333e0,0x83654f59361dd2ef0276aedfabfe996684e6bbd1,True,Yes,0.0,False,,100,2545.3578908852764,2.0,0.0,-102.0,-1.0
17140,Fed decreases interest rates by 25 bps after May 2025 meeting?,fed-decision-in-may-2025,519777,fed-decreases-interest-rates-by-25-bps-after-may-2025-meeting,Yes,0.025,61240.0,1531.0,2.5%,,,,,,,,,,2026-05-28 01:04:55 UTC,2025-05-04 15:27:46+00:00,2025-05-04 15:27:46 UTC,0xe3db65586234c4c32f09eba9bd5d3aaaf119444ebcdf256bad510842e1fa7653,0x9e109dea2f5b1eeb2b728722a39ee98c2dbd9b8b,True,No,0.0,False,,100,4000.0,2.0,0.0,-102.0,-1.0
13464,"Will there be 150,000,000-155,000,000 votes cast in the U.S. Presidential Election?",turnout-in-2024-presidential-election,510524,will-there-be-150000000-155000000-votes-cast-in-the-us-presidential-election,Yes,0.085,18005.11,1530.43,8.5%,,,,,,,,,,2026-05-28 01:03:02 UTC,2024-11-18 09:41:05+00:00,2024-11-18 09:41:05 UTC,0x6fb4b22a4448021fc8ae500cfbe17ac19f758e15824cc52a39b32892a77fa96c,0xba169137788e4f1b86d2d22a45986191d86ae4c4,True,No,0.0,False,,100,1176.4705882352941,2.0,0.0,-102.0,-1.0
10995,Biden drops out by July 4? ,biden-drops-out-after-debate,502223,biden-drops-out-after-debate,Yes,0.09196548524228614,16636.676194,1530.0,9.2%,,,,,,,,,,2026-05-28 01:01:30 UTC,2024-06-30 22:44:19+00:00,2024-06-30 22:44:19 UTC,0xc847a19e5d910fd21924b382d4ebfd3216436620d7da7d8fbc84f0ab1c8983ad,0x535c4ac491f8eec89a289ea3d0d082aa5c9ff624,True,No,0.0,False,,100,1087.3644578348787,2.0,0.0,-102.0,-1.0
10588,Will Glenn Youngkin win the 2024 Republican VP nomination?,republican-vp-supplemental,501440,will-glenn-youngkin-win-the-2024-republican-vp-nomination,Yes,0.07643115,20000.0,1528.62,7.6%,,,,,,,,,,2026-05-28 01:01:21 UTC,2024-06-21 18:39:23+00:00,2024-06-21 18:39:23 UTC,0x85608d6724a5cf5e165beee537dbe20df4054a8ebfd8da114c2d3925c983f96c,0xeb60167759881ada23f12de7bef52ee410b86a2e,True,No,0.0,False,,100,1308.3670728492243,2.0,0.0,-102.0,-1.0
12700,Israeli forces enters Lebanon in September?,israeli-forces-enters-lebanon-in-september,507472,israeli-forces-enters-lebanon-in-september,No,0.03291557523151795,46332.169141,1525.05,3.3%,,,,,,,,,,2026-05-28 01:02:47 UTC,2024-10-02 17:13:58+00:00,2024-10-02 17:13:58 UTC,0x219186ef9de1bc475157a93e5e4542c884755e347a95ed1ba5b636081dbaceaf,0x0677445aca95c5422717a87ff99805e06f581477,True,Yes,0.0,False,,100,3038.075418601407,2.0,0.0,-102.0,-1.0
11650,JD Vance replaced as Republican VP nominee?,jd-vance-steps-down-as-republican-vp-nominee,503989,jd-vance-steps-down-as-republican-vp-nominee,Yes,0.056133805649228104,27151.32,1524.11,5.6%,,,,,,,,,,2026-05-28 01:01:53 UTC,2024-08-15 17:05:15+00:00,2024-08-15 17:05:15 UTC,0x57a3a98e8d2135b2f2208636166171b253af87bb1f7480506883851ec67a29ef,0xe64ffa7621459172ad81960762d5760e65d444a5,True,No,0.0,False,,100,1781.4576945822148,2.0,0.0,-102.0,-1.0
17405,Israel and Saudi Arabia normalize relations in 2025?,israel-and-saudi-arabia-normalize-relations-in-2025,520579,israel-and-saudi-arabia-normalize-relations-in-2025,Yes,0.08,19048.15,1523.85,8.0%,,,,,,,,,,2026-05-28 01:05:00 UTC,2025-10-28 19:12:11+00:00,2025-10-28 19:12:11 UTC,0xffd819536016362b76b2e85598fbc4e6911822f9db31581420b0bae9b71c7344,0x8ff6b963f9b1df3a3a5504e306302e1753e572ae,True,No,0.0,False,,100,1250.0,2.0,0.0,-102.0,-1.0
5853,[Single Market] Will Gavin Newsom win the U.S. 2024 Democratic presidential nomination?,who-will-win-the-us-2024-democratic-presidential-nomination,246667,will-gavin-newsom-win-the-us-2024-democratic-presidential-nomination,Yes,0.09,16916.0,1522.44,9.0%,,,2433.88084,,,,46.814468,,32.520716,2026-05-28 01:01:09 UTC,2024-06-28 03:30:46+00:00,2024-06-28 03:30:46 UTC,0xdb99cff87ecc19aa207be09127d005a789138b67d91097aab832946891aca5b6,0x6356fb47642a028bc09df92023c35a21a0b41885,True,No,0.0,False,,100,1111.111111111111,2.0,0.0,-102.0,-1.0
14555,Pete Hegseth confirmed as Secretary of Defense?,which-trump-picks-will-be-confirmed,512954,will-pete-hegseth-be-confirmed-as-secretary-of-defense,No,0.06890598504746237,22071.17,1520.84,6.9%,,,,,,,,,,2026-05-28 01:03:56 UTC,2025-01-23 04:47:24+00:00,2025-01-23 04:47:24 UTC,0xcea48ab8268e144ef0ee17848b57af633fbdbe1a681e9ecc36bc1e4c22c9a110,0xfd2b117412a698f322b0cd18d6827dad262b8e50,True,Yes,0.0,False,,100,1451.2527457683118,2.0,0.0,-102.0,-1.0
15665,Fed decreases interest rates by 25 bps after March 2025 meeting?,fed-decision-in-march,516009,fed-decreases-interest-rates-by-25-bps-after-march-2025-meeting,Yes,0.0303502498,50000.0,1517.51,3.0%,,,,,,,,,,2026-05-28 01:04:22 UTC,2025-02-20 03:11:12+00:00,2025-02-20 03:11:12 UTC,0xaba15b9a99e5cd67bdb7f8cc8ce8531c58e1cd96c64b88e02f0b758d65d6775f,0x23758d1cadfb3b7aabfdfb20a5d6bd4b0dc0e90d,True,No,0.0,False,,100,3294.8657971177554,2.0,0.0,-102.0,-1.0
13431,Israel military action against Iraq before November?,israel-military-action-against-iraq-before-november,509855,israel-military-action-against-iraq-before-november,No,0.023739736534521924,63916.042067,1517.35,2.4%,,,,,,,,,,2026-05-28 01:02:59 UTC,2024-10-28 16:26:32+00:00,2024-10-28 16:26:32 UTC,0x1bef410a53ff9df0268e006975465ae0294f842dd61a35a926296cfc79730814,0x6ad656d10b61c2e1c4cc4cb6cbdf5dcd23e8d30f,True,Yes,0.0,False,,100,4212.346664192405,2.0,0.0,-102.0,-1.0
11385,Will Gavin Newsom be the 2024 Democratic VP nominee?,democratic-vp-nominee,503178,will-gavin-newsom-be-the-2024-democratic-vp-nominee,Yes,0.09387634673732768,16080.53,1509.58,9.4%,,,,,,,,,,2026-05-28 01:01:42 UTC,2024-07-18 18:46:29+00:00,2024-07-18 18:46:29 UTC,0x9b79f3ea1e2f0be1c8ee0af6cf42ba7f3d480195cd8dfa44742e5947b4a9ddb7,0xaed29198b46d25a5b2b3b2556bd1cb39c6138e93,True,No,0.0,False,,100,1065.231056336339,2.0,0.0,-102.0,-1.0
12641,TikTok banned in the US before May 2025?,tiktok-banned-in-the-us-before-may-2025,507276,tiktok-banned-in-the-us-before-may-2025,No,0.025480741340313577,59064.215554,1505.0,2.5%,,,,,,,,,,2026-05-28 01:02:43 UTC,2025-01-19 04:54:21+00:00,2025-01-19 04:54:21 UTC,0x0912233e6d81dbd52564b66edafe012a80489a8589cf819b3bbc701cd162dfcf,0x5e71df7e21df96a40758e3da88d213ce34e217c1,True,Yes,0.0,False,,100,3924.532597557829,2.0,0.0,-102.0,-1.0
14220,Fed decreases interest rates by 25 bps after January 2025 meeting?,fed-interest-rates-january-2025,512323,fed-decreases-interest-rates-by-25-bps-after-january-2025-meeting,Yes,0.011382733257575758,132000.0,1502.52,1.1%,,,,,,,,,,2026-05-28 01:03:46 UTC,2025-01-23 03:52:40+00:00,2025-01-23 03:52:40 UTC,0x82417961fb34992614cef2f28973420b7b5a6eff61612896eddbf285379849a9,0xa55ce71987243538f7e44e199e20def2958274ba,True,No,0.0,False,,100,8785.236176332708,2.0,0.0,-102.0,-1.0
14178,Will Trump pardon SBF in his first 100 days?,trump-pardons,512161,will-trump-pardon-sbf-in-his-first-100-days,Yes,0.05529970023938883,27165.01,1502.22,5.5%,,,,,,,,,,2026-05-28 01:03:39 UTC,2025-01-30 19:23:11+00:00,2025-01-30 19:23:11 UTC,0xaecacdd74eae3d1cf1c65e23d3908ce60ac5397a7550d50f7c808d0e3639136a,0xa3d3da79775f534629a920bfd1c6e4f5fb6fd424,True,No,0.0,False,,100,1808.3280662843824,2.0,0.0,-102.0,-1.0
11797,Will Kamala Harris drop out in August?,will-kamala-drop-out-in-august,504399,will-kamala-drop-out-in-august,Yes,0.023,65225.16,1500.18,2.3%,,,,,,,,,,2026-05-28 01:01:58 UTC,2024-08-18 19:21:58+00:00,2024-08-18 19:21:58 UTC,0x731c59356936991cf0881e630497de086f73e2f4f5288ceb61172fb8708116b8,0xe4f5305ba3cc55013196ad7888e427c06e239663,True,No,0.0,False,,100,4347.826086956522,2.0,0.0,-102.0,-1.0
14874,Will Rafał Trzaskowski be the next President of Poland?,poland-presidential-election,514139,will-rafa-trzaskowski-be-the-next-president-of-poland,Yes,0.09859919075780403,15214.222221,1500.11,9.9%,,,,,,,,,,2026-05-28 01:04:01 UTC,2025-06-01 23:01:37+00:00,2025-06-01 23:01:37 UTC,0x483e0f9cdccef0475e25944d76548816fb5435f3922c05300351949437f11d60,0xd17dba7de23787d235937110791c4836b3bbd0ee,True,No,0.0,False,,100,1014.2071068882997,2.0,0.0,-102.0,-1.0
17792,No change in Fed interest rates after June 2025 meeting?,fed-decision-in-june,521836,no-change-in-fed-interest-rates-after-june-2025-meeting,No,0.027,55559.0,1500.09,2.7%,,,,,,,,,,2026-05-28 01:05:09 UTC,2025-06-14 15:29:44+00:00,2025-06-14 15:29:44 UTC,0xd32319979bffbb33c68e7bd58f4060af09eb9463d08fa9392f4d3871b4e3f057,0x2aa0785974c55c3a98d0a44bb6cc159ce9a9ee01,True,Yes,0.0,False,,100,3703.703703703704,2.0,0.0,-102.0,-1.0
5821,"Will Donald Trump be President of the USA on September 30, 2023?",will-donald-trump-be-president-of-the-usa-on,249164,will-donald-trump-be-president-of-the-usa-on-september-30-2023,Yes,0.031415133090234776,47747.688819,1500.0,3.1%,164189.61860299998,,1366.51,0.058729,0.06,0.0,0.06,0.009136,25541.044458,2026-05-28 01:01:09 UTC,2023-06-08 04:33:26+00:00,2023-06-08 04:33:26 UTC,0x32003e08044f460e577c67a81c9892f0e9b929ba17d075e67f830226fb225197,0x7f2de588e3d990d66fef63bf2378dacc87a139a8,True,No,0.06,False,25000.0,100,3183.1792567221196,2.0,0.0,-102.0,-1.0
10214,Will a Republican win Arizona US Senate Election?,arizona-us-senate-election-winner,500615,will-a-republican-win-arizona-us-senate-election,Yes,0.06629287595006082,22626.86567,1500.0,6.6%,,,,,,,,,,2026-05-28 01:01:11 UTC,2024-11-10 01:06:47+00:00,2024-11-10 01:06:47 UTC,0x5965d8efa3b2d59fdd665dc63b0a3d6d1d21ac5e3b15589920012a6060dbfa07,0x072afc0a066adc5b75c989de372adb952268cee6,True,No,0.0,False,,100,1508.457712338972,2.0,0.0,-102.0,-1.0
10170,Will a Republican win New York Presidential Election?,new-york-presidential-election-winner-2024,500515,will-a-republican-win-new-york-presidential-election,Yes,0.030932360171817577,48492.904863,1500.0,3.1%,,,,,,,,,,2026-05-28 01:01:13 UTC,2024-11-05 02:32:02+00:00,2024-11-05 02:32:02 UTC,0xf86fb991af9e3fef1a14c40cffbfd7d674dfe067e00644e73bcb22c156ca224f,0xdabe48d478da5dc9f60a1d1e3adf61ed3c0ebd89,True,No,0.0,False,,100,3232.86032635524,2.0,0.0,-102.0,-1.0
10656,Will a Democrat win the popular vote and a Republican win the Presidency?,which-party-wins-presidency-popular-vote,501589,will-a-democrat-win-the-popular-vote-and-a-republican-win-the-presidency,Yes,0.06,25000.0,1500.0,6.0%,,,,,,,,,,2026-05-28 01:01:21 UTC,2024-11-06 04:54:27+00:00,2024-11-06 04:54:27 UTC,0xf3a15ebd5bd6f5a48ecd84cc26a838b25e433708658c794ff0dfa1c070c82b2d,0x56812d120646b040e15137d2037a604a17817d6e,True,No,0.0,False,,100,1666.6666666666667,2.0,0.0,-102.0,-1.0
10842,Trump sentenced to 48 or more months prison time?,trump-sentenced-to-how-much-prison-time,501963,trump-sentenced-to-48-or-more-months-prison-time,Yes,0.02569402231419929,58379.337445,1500.0,2.6%,,,,,,,,,,2026-05-28 01:01:27 UTC,2024-08-30 09:43:36+00:00,2024-08-30 09:43:36 UTC,0x2da97632af5ac7e81f43dd918cc8c0e5b14538691a4e8e10f0094f44a81d0d8a,0x46483a45de96eacaf31430c3ed97e0b6a30b5361,True,No,0.0,False,,100,3891.955832261304,2.0,0.0,-102.0,-1.0
11143,Will Trump launch a coin before the election?,will-trump-launch-a-coin-before-the-election,502571,will-trump-launch-a-coin-before-the-election,No,0.010613668686592715,141327.192726,1500.0,1.1%,,,,,,,,,,2026-05-28 01:01:31 UTC,2024-10-17 14:33:49+00:00,2024-10-17 14:33:49 UTC,0xfef297c45f773977c447103eaa85e75950f7308d70d98ca91a38db7382341c1d,0xa7ce6905990451685b70082424ac9129418d6398,True,Yes,0.0,False,,100,9421.8128484,2.0,0.0,-102.0,-1.0
11143,Will Trump launch a coin before the election?,will-trump-launch-a-coin-before-the-election,502571,will-trump-launch-a-coin-before-the-election,No,0.035565419031767034,42175.8,1500.0,3.6%,,,,,,,,,,2026-05-28 01:01:31 UTC,2024-10-16 21:35:29+00:00,2024-10-16 21:35:29 UTC,0xa779f94e836a49688cea522ef534a490f2c08b95bfbd8d6fb190ec651cf05c23,0x83654f59361dd2ef0276aedfabfe996684e6bbd1,True,Yes,0.0,False,,100,2811.72,2.0,0.0,-102.0,-1.0
11321,Will Biden announce resignation by July 31?,will-biden-resign-by-july-31,503011,will-biden-resign-by-july-31,Yes,0.06892074926799677,21764.127856,1500.0,6.9%,,,,,,,,,,2026-05-28 01:01:36 UTC,2024-07-21 18:48:29+00:00,2024-07-21 18:48:29 UTC,0x9f8cd447b32fdbc9812fe63c9af71012fb97701fc4ee9545b5a4d4c7a70dd515,0xa1da37f329911afdced09cc4f4a8ec8afb2c8f6a,True,No,0.0,False,,100,1450.9418580339611,2.0,0.0,-102.0,-1.0
11385,Will Tim Walz be the 2024 Democratic VP nominee?,democratic-vp-nominee,503191,will-tim-walz-be-the-2024-democratic-vp-nominee,Yes,0.0577436821367741,25976.867832,1500.0,5.8%,,,,,,,,,,2026-05-28 01:01:42 UTC,2024-07-27 02:56:09+00:00,2024-07-27 02:56:09 UTC,0x4132975e89fe5e0311bdcb27249bf698f98e5ef9776f3d783d6c8c85a4428d2d,0xa1da37f329911afdced09cc4f4a8ec8afb2c8f6a,True,Yes,0.0,True,,100,1731.7911899545275,2.0,1731.7911899545275,1629.7911899545275,15.97834499955419
11637,Will Trump and Harris debate before election?,trump-x-kamala-debate-before-election,503970,trump-x-kamala-debate-before-election,No,0.04484466588036229,33448.7942,1500.0,4.5%,,,,,,,,,,2026-05-28 01:01:51 UTC,2024-09-02 04:23:20+00:00,2024-09-02 04:23:20 UTC,0x2499f52f093a878cacc2282b63646979cd8a3e7e2f53f1bf35d952d741d9111a,0x233558057fa608f73364d3376c16e5e34ab24ebd,True,Yes,0.0,False,,100,2229.9196133333335,2.0,0.0,-102.0,-1.0
11639,Will Biden resign before the election?,biden-resigns-from-presidency-before-election,503972,biden-resigns-from-presidency-before-election,Yes,0.06,25000.0,1500.0,6.0%,,,,,,,,,,2026-05-28 01:01:51 UTC,2024-08-30 03:03:07+00:00,2024-08-30 03:03:07 UTC,0xc5526ed2d9e0bfc0a64fb9ea90da052b4520f5c554c67e51485c7055182a3bd2,0x7952b654b0e78832a686e2aeeef0bf2a2b9115f4,True,No,0.0,False,,100,1666.6666666666667,2.0,0.0,-102.0,-1.0
11650,JD Vance replaced as Republican VP nominee?,jd-vance-steps-down-as-republican-vp-nominee,503989,jd-vance-steps-down-as-republican-vp-nominee,Yes,0.04749717409229781,31580.8262,1500.0,4.7%,,,,,,,,,,2026-05-28 01:01:53 UTC,2024-08-17 08:05:53+00:00,2024-08-17 08:05:53 UTC,0x9a868a94473bbb23cad9dbdcf4601f06da90fde95f79c7b578a7cb501a6ea2ee,0xad1d214d4a4a8850b80ae3753127a2e97bede2b7,True,No,0.0,False,,100,2105.3884133333336,2.0,0.0,-102.0,-1.0
11696,No change in Fed interest rates after 2024 September meeting?,fed-interest-rates-september-2024,504071,no-change-in-fed-interest-rates-after-2024-september-meeting,Yes,0.015733737024313323,95336.536875,1500.0,1.6%,,,,,,,,,,2026-05-28 01:01:54 UTC,2024-09-18 08:46:27+00:00,2024-09-18 08:46:27 UTC,0x1e1be98ac2278c10cce92cf77b59255378d14121f748e7a20a352359a0684a8d,0x4c02e72cdb0faf602f5441e690596d1b9c0ec44e,True,No,0.0,False,,100,6355.769125000001,2.0,0.0,-102.0,-1.0
11798,Will Kamala Harris drop out of presidential race?,will-kamala-drop-out-before-election,504400,will-kamala-drop-out-before-election,Yes,0.041501911284061874,36142.91375,1500.0,4.2%,,,,,,,,,,2026-05-28 01:01:58 UTC,2024-08-28 01:47:21+00:00,2024-08-28 01:47:21 UTC,0x9d028fc6a570d28b99ee58d70ab28c978057d0e54e61847b13b7c77029b61451,0x68aeb2c54a6009c7e10316411e9bfe3e259d1781,True,No,0.0,False,,100,2409.527583333333,2.0,0.0,-102.0,-1.0
11798,Will Kamala Harris drop out of presidential race?,will-kamala-drop-out-before-election,504400,will-kamala-drop-out-before-election,Yes,0.048636200795804746,30841.224735,1500.0,4.9%,,,,,,,,,,2026-05-28 01:01:58 UTC,2024-08-26 03:07:38+00:00,2024-08-26 03:07:38 UTC,0xfa354cd0737136a5999b359f3074425f11f09f60870ebead51a849a250e3db06,0x68aeb2c54a6009c7e10316411e9bfe3e259d1781,True,No,0.0,False,,100,2056.081650370721,2.0,0.0,-102.0,-1.0
11878,Fed decreases interest rates by 75+ bps after December 2024 meeting?,fed-interest-rates-december-2024,504584,fed-decreases-interest-rates-by-75-bps-after-december-2024-meeting,Yes,0.027868586999333953,53824.042067,1500.0,2.8%,,,,,,,,,,2026-05-28 01:02:03 UTC,2024-10-31 15:07:40+00:00,2024-10-31 15:07:40 UTC,0x69f80df0ba48bea9df049daf024baa9f2639b6ade8f3c128220561cd033faf79,0x4acb0341a6935d918ba6ed51020131a734cd717e,True,No,0.0,False,,100,3588.269473525513,2.0,0.0,-102.0,-1.0
11878,Fed decreases interest rates by 50 bps after December 2024 meeting?,fed-interest-rates-december-2024,504585,fed-decreases-interest-rates-by-50-bps-after-december-2024-meeting,Yes,0.07476589370139478,20062.623808,1500.0,7.5%,,,,,,,,,,2026-05-28 01:02:03 UTC,2024-10-30 14:05:42+00:00,2024-10-30 14:05:42 UTC,0x8ace694f11c9284e024c7b43ed4ffb5b8c18f3d3246c2ae0cd2d8bcbb5bb2a11,0x4acb0341a6935d918ba6ed51020131a734cd717e,True,No,0.0,False,,100,1337.5082547583388,2.0,0.0,-102.0,-1.0
11910,GOP wins popular vote by 1-2%?,popular-vote-margin-of-victory-in-presidential-election,504679,gop-wins-popular-vote-by-1-2,Yes,0.08003526591790218,18741.73818,1500.0,8.0%,,,,,,,,,,2026-05-28 01:02:06 UTC,2024-11-03 00:18:17+00:00,2024-11-03 00:18:17 UTC,0x85c8ca74d0c918db77480772977becaa26945153f321ca7ac3031103fd1b9d08,0x5e3862cf1c83128a055cc2bc48eba3e567c1a1db,True,Yes,0.0,True,,100,1249.4492128329662,2.0,1249.4492128329662,1147.4492128329662,11.249502086597708
11910,Democrats win popular vote by 7% or more?,popular-vote-margin-of-victory-in-presidential-election,504706,democrats-win-popular-vote-by-over-7,Yes,0.04595256344627627,32642.35739,1500.0,4.6%,,,,,,,,,,2026-05-28 01:02:06 UTC,2024-10-30 06:31:32+00:00,2024-10-30 06:31:32 UTC,0x01b57d77dcb5f18bfdea2d115c7bb5de41ed5bbf3a86a81eda1e92f21240e643,0x991e631ce8ed39795d5935a78c9b0cf118c78ffb,True,No,0.0,False,,100,2176.1571607841047,2.0,0.0,-102.0,-1.0
12641,TikTok banned in the US before May 2025?,tiktok-banned-in-the-us-before-may-2025,507276,tiktok-banned-in-the-us-before-may-2025,No,0.03083531884116676,48645.516128,1500.0,3.1%,,,,,,,,,,2026-05-28 01:02:43 UTC,2025-01-20 07:03:38+00:00,2025-01-20 07:03:38 UTC,0x8956170a0af64712f39af139187128582fc838ef2d22c97061504a90e57dadb6,0x716f28329a2b9c2001a050c759793974c0de9798,True,Yes,0.0,False,,100,3243.0344085333336,2.0,0.0,-102.0,-1.0
12641,TikTok banned in the US before May 2025?,tiktok-banned-in-the-us-before-may-2025,507276,tiktok-banned-in-the-us-before-may-2025,No,0.04583563339050068,32725.630433,1500.0,4.6%,,,,,,,,,,2026-05-28 01:02:43 UTC,2025-01-19 16:59:46+00:00,2025-01-19 16:59:46 UTC,0xc685709fb44dea8e3a891bf8d77945f6be2f9a9f52cfed1c8b251dc0f4885e95,0xd5cb3af25c47ff3d53eaaa78a3c7203fd97d6082,True,Yes,0.0,False,,100,2181.7086969878055,2.0,0.0,-102.0,-1.0
12795,Israel x Hezbollah Ceasefire in 2024?,israel-x-hezbollah-ceasefire-in-2024,507792,israel-x-hezbollah-ceasefire-in-2024,No,0.01194484192816914,125577.216427,1500.0,1.2%,,,,,,,,,,2026-05-28 01:02:49 UTC,2024-11-28 18:28:16+00:00,2024-11-28 18:28:16 UTC,0xa9ae96232542193aa4bcd55df88905ccd0a199d170cfcb57971ff4d5c7144102,0xa2f8187bddea4b4e434a4098bb80c7063de65fd1,True,Yes,0.0,False,,100,8371.814428466667,2.0,0.0,-102.0,-1.0
13678,Record turnout in 2024 Presidential election?,record-turnout-in-2024-presidential-election,510534,record-turnout-in-2024-presidential-election,Yes,0.029021071567444455,51686.582162,1500.0,2.9%,,,,,,,,,,2026-05-28 01:03:11 UTC,2024-11-20 08:12:49+00:00,2024-11-20 08:12:49 UTC,0xde4e914dc0da99c402529e31f1cb04024657643f0fa30cfbae7e57b9b5f84c7a,0x43775ec91a15c6af934c5c4f2af2bf95a0de1c60,True,No,0.0,False,,100,3445.7721441333333,2.0,0.0,-102.0,-1.0
14220,No change in Fed interest rates after January 2025 meeting?,fed-interest-rates-january-2025,512324,no-change-in-fed-interest-rates-after-january-2025-meeting,No,0.022171422017512297,67654.659129,1500.0,2.2%,,,,,,,,,,2026-05-28 01:03:45 UTC,2025-01-29 17:51:29+00:00,2025-01-29 17:51:29 UTC,0x7a44f5487f105ef06185d2e1d11f11f61865218e6a2c41fa9881e8fe7fd1b47b,0xd661953ce057a3c1472713be15ab30d9d24f6e34,True,Yes,0.0,False,,100,4510.310611606874,2.0,0.0,-102.0,-1.0
15036,Khamenei out as Supreme Leader of Iran by June 30?,khamenei-out-as-supreme-leader-of-iran-by-june-30,514497,khamenei-out-as-supreme-leader-of-iran-by-june-30,Yes,0.036826210904867415,40731.858156,1500.0,3.7%,,,,,,,,,,2026-05-28 01:04:01 UTC,2025-06-25 16:57:33+00:00,2025-06-25 16:57:33 UTC,0x0e88040167744cfe59016fe4f1248b71b637189be3964fc217b4953295b811ae,0x5e4362d50f981dea3250d4a2b764315ac7870f92,True,No,0.0,False,,100,2715.457212210305,2.0,0.0,-102.0,-1.0
15052,Yoon out as president of South Korea in 2024?,yoon-out-as-president-of-south-korea-in-2024,514550,yoon-out-as-president-of-south-korea-in-2024,Yes,0.09363232172764867,16020.109,1500.0,9.4%,,,,,,,,,,2026-05-28 01:04:09 UTC,2024-12-15 23:28:44+00:00,2024-12-15 23:28:44 UTC,0x36c5eefbb39258bb96271421c0883615c5bf2b34321f5f31fec9985102665971,0x077c3fff7d0ac1e576267cdc346ce64df828ae05,True,No,0.0,False,,100,1068.0072666666667,2.0,0.0,-102.0,-1.0
15437,Will Biden pardon SBF?,who-will-biden-pardon,500502,will-biden-pardon-sbf-this-term,Yes,0.08504212159904588,17638.318151,1500.0,8.5%,,,,,,,,,,2026-05-28 01:04:14 UTC,2024-12-03 09:58:53+00:00,2024-12-03 09:58:53 UTC,0xfd283835d19cd1ced397b6012130401331a9f922d9c5754606332b5f9bacb5a0,0x4124f6919daa006632c70edd120aa1b4b8fe5827,True,No,0.0,False,,100,1175.887879085109,2.0,0.0,-102.0,-1.0
15586,Will Friedrich Merz be the next Chancellor of Germany?,next-chancellor-of-germany,515766,will-friedrich-merz-be-the-next-chancellor-of-germany,No,0.04104076922130258,36549.022532,1500.0,4.1%,,,,,,,,,,2026-05-28 01:04:16 UTC,2025-05-06 08:39:02+00:00,2025-05-06 08:39:02 UTC,0x573fe860427175c4a0205e7aa60a8f0cafd8266f1c369e047795514b2d84edac,0xa289b3324a891d5cab24c92adde4aba24989d95c,True,Yes,0.0,False,,100,2436.6015037577345,2.0,0.0,-102.0,-1.0
16180,Maduro out in 2025?,maduro-out-in-2025,516947,maduro-out-in-2025-411,Yes,0.06939304529076537,21615.99902,1500.0,6.9%,,,,,,,,,,2026-05-28 01:04:28 UTC,2025-12-25 21:34:01+00:00,2025-12-25 21:34:01 UTC,0xd57ef83888cfa0a460bb601860317e6da475f39799597468cdd960d563758b7d,0xfddfd657996c214d4dd2fd0fff4589c0daeaf33d,True,No,0.0,False,,100,1441.0666022940445,2.0,0.0,-102.0,-1.0
16108,Russia x Ukraine ceasefire in 2025?,russia-x-ukraine-ceasefire-in-2025,516719,russia-x-ukraine-ceasefire-in-2025,Yes,0.04300958247574345,34875.948862,1500.0,4.3%,,,,,,,,,,2026-05-28 01:04:29 UTC,2025-12-16 13:15:15+00:00,2025-12-16 13:15:15 UTC,0x73e0d03d5929200cec847a610846bde2fbe393e3c7790cef3cc16ca322f64f26,0x0386b29c318bbb8589724a04240398281a4a3fc8,True,No,0.0,False,,100,2325.063259016709,2.0,0.0,-102.0,-1.0
16166,Will the US confirm that aliens exist in 2025?,will-the-us-confirm-that-aliens-exist-in-2025,516925,will-the-us-confirm-that-aliens-exist-in-2025,Yes,0.0452755040266626,33130.498075,1500.0,4.5%,,,,,,,,,,2026-05-28 01:04:33 UTC,2025-10-28 00:52:33+00:00,2025-10-28 00:52:33 UTC,0x9cfa5f7add70a227f4870342716f431e9e6b884b66c169c5c26d055b8e350b8a,0xbd1154d029416dc93c2da2eff54330ba52da6ea1,True,No,0.0,False,,100,2208.699873139133,2.0,0.0,-102.0,-1.0
16868,Will George Simion win the Romanian presidential election?,romania-presidential-election-winner,519066,romania-presidential-election-winner-will-george-simion-win-the-romanian-presidential-election,Yes,0.03587056179517335,41817.02,1500.0,3.6%,,,,,,,,,,2026-05-28 01:04:47 UTC,2025-05-18 18:59:41+00:00,2025-05-18 18:59:41 UTC,0xec90d827f4f4f1bd224e6aa7bd14d69b7803259c8124835547db2be2a9e20155,0x155fef400dd14367ae873cf686e3973073e6a1a5,True,No,0.0,False,,100,2787.8013333333333,2.0,0.0,-102.0,-1.0
17088,Russia x Ukraine ceasefire before July?,russia-x-ukraine-ceasefire-before-july,519628,russia-x-ukraine-ceasefire-before-july,Yes,0.09142451461810944,16406.978,1500.0,9.1%,,,,,,,,,,2026-05-28 01:04:53 UTC,2025-05-25 08:54:59+00:00,2025-05-25 08:54:59 UTC,0x0d215b0222886fbee96d85c6cf60811001bd8e34e107e47135c8d75431fc5caa,0x74db2780445d9b7b10e8a650db1b94f8e53c4ca5,True,No,0.0,False,,100,1093.7985333333334,2.0,0.0,-102.0,-1.0
17140,Fed decreases interest rates by 25 bps after May 2025 meeting?,fed-decision-in-may-2025,519777,fed-decreases-interest-rates-by-25-bps-after-may-2025-meeting,Yes,0.02134315636807054,70280.139129,1500.0,2.1%,,,,,,,,,,2026-05-28 01:04:55 UTC,2025-05-06 22:31:34+00:00,2025-05-06 22:31:34 UTC,0x8113aae503f7a6abcb64282e76b8698a5f20a133cb63812aa7bb9db81baf666b,0x6bba5e19836f925b718541b803f0a82cda9ed1f7,True,No,0.0,False,,100,4685.342611723562,2.0,0.0,-102.0,-1.0
17140,Fed decreases interest rates by 50+ bps after May 2025 meeting?,fed-decision-in-may-2025,519776,fed-decreases-interest-rates-by-50-bps-after-may-2025-meeting,Yes,0.06,25000.0,1500.0,6.0%,,,,,,,,,,2026-05-28 01:04:57 UTC,2025-03-10 23:41:25+00:00,2025-03-10 23:41:25 UTC,0x8158987c33d05fffd422f7735d71c37556e3a4ebafbfe9ab2fc280d887c8a3c3,0xe1e7036279433715711a65fc3254a8af558c5fb6,True,No,0.0,False,,100,1666.6666666666667,2.0,0.0,-102.0,-1.0
17174,Was JFK assassination an inside job?,was-jfk-assassination-an-inside-job-march-31,519906,was-jfk-assassination-an-inside-job-march-31,Yes,0.05092770026350864,29453.519229,1500.0,5.1%,,,,,,,,,,2026-05-28 01:04:59 UTC,2025-02-11 00:06:18+00:00,2025-02-11 00:06:18 UTC,0x262f47ca2d913b72d88b8af239739d358453c5bd994922a78e0feed0b0c50851,0xe877e0931f31eb6dd5e6bd1ca7e702f84088bb43,True,No,0.0,False,,100,1963.5679499090452,2.0,0.0,-102.0,-1.0
17792,Fed decreases interest rates by 25 bps after June 2025 meeting?,fed-decision-in-june,521835,fed-decreases-interest-rates-by-25-bps-after-june-2025-meeting,Yes,0.02673302616139429,56110.370369,1500.0,2.7%,,,,,,,,,,2026-05-28 01:05:09 UTC,2025-06-10 06:14:12+00:00,2025-06-10 06:14:12 UTC,0xca092c3f8ee3dcc73c1a2ba0896b473dfa74d25b17a9402d080dfc355fa728e2,0x6d82caafa842f3b12c95737b63d3d9e37188672d,True,No,0.0,False,,100,3740.6913604271276,2.0,0.0,-102.0,-1.0
17792,No change in Fed interest rates after June 2025 meeting?,fed-decision-in-june,521836,no-change-in-fed-interest-rates-after-june-2025-meeting,No,0.04067822506276911,36874.765226,1500.0,4.1%,,,,,,,,,,2026-05-28 01:05:11 UTC,2025-06-04 14:19:24+00:00,2025-06-04 14:19:24 UTC,0x52713b443d6257544c34532a1ed0e93e5d4be9f36d521b290866304eabd01dfd,0x7c07dc57ffbdd38d5060fd6f9b8da36919555214,True,Yes,0.0,False,,100,2458.317683372212,2.0,0.0,-102.0,-1.0
12795,Israel x Hezbollah Ceasefire in 2024?,israel-x-hezbollah-ceasefire-in-2024,507792,israel-x-hezbollah-ceasefire-in-2024,No,0.01100000000012472,136304.545453,1499.35,1.1%,,,,,,,,,,2026-05-28 01:02:49 UTC,2024-12-03 17:52:58+00:00,2024-12-03 17:52:58 UTC,0x3f4b7bc3293ece8c6ee37568441613f59d5c14f2b5cb98b98ac08ada0557e503,0x888fea77ba5b95784259be39667f7761b3575c80,True,Yes,0.0,False,,100,9090.909090806015,2.0,0.0,-102.0,-1.0
12700,Israeli forces enters Lebanon in September?,israeli-forces-enters-lebanon-in-september,507472,israeli-forces-enters-lebanon-in-september,No,0.031236266587406872,47989.089695,1499.0,3.1%,,,,,,,,,,2026-05-28 01:02:47 UTC,2024-10-02 15:37:27+00:00,2024-10-02 15:37:27 UTC,0x9d195130bbbde7dce8af9708bd61fb0bb060409f98715222563131d58617b54b,0x1e29756e7b63827cafb9cd39caa55eee77e5740f,True,Yes,0.0,False,,100,3201.4069197474364,2.0,0.0,-102.0,-1.0
12700,Israeli forces enters Lebanon in September?,israeli-forces-enters-lebanon-in-september,507472,israeli-forces-enters-lebanon-in-september,No,0.03364672941851754,44551.135427,1499.0,3.4%,,,,,,,,,,2026-05-28 01:02:47 UTC,2024-10-02 14:05:22+00:00,2024-10-02 14:05:22 UTC,0x9043809b0ecda9a55450eb9ed67b10c993257c5029dcfb742f7100a0c4b297a0,0x1e29756e7b63827cafb9cd39caa55eee77e5740f,True,Yes,0.0,False,,100,2972.0570684937006,2.0,0.0,-102.0,-1.0
11878,Fed decreases interest rates by 25 bps after December 2024 meeting?,fed-interest-rates-december-2024,504586,fed-decreases-interest-rates-by-25-bps-after-december-2024-meeting,No,0.03999722454621998,37471.35,1498.75,4.0%,,,,,,,,,,2026-05-28 01:01:59 UTC,2024-12-18 09:48:55+00:00,2024-12-18 09:48:55 UTC,0x060ceb692dc44fb2018f8e4d228c42c38fc0152568d97cc2ac3bada9a7a878f7,0xe58af92e14d2ec3aba6b2d8e446fd09ee2e9aba6,True,Yes,0.0,False,,100,2500.1734778982486,2.0,0.0,-102.0,-1.0
15586,Will  Alice Weidel be the next Chancellor of Germany?,next-chancellor-of-germany,515796,will-alice-weidel-be-the-next-chancellor-of-germany,Yes,0.056171953800379294,26665.9765,1497.88,5.6%,,,,,,,,,,2026-05-28 01:04:16 UTC,2025-02-01 08:45:23+00:00,2025-02-01 08:45:23 UTC,0x3da4444934337d98244f7635b2f4c84c82ddd6067b4731c79e267bb65c068266,0x85e806939830d5ccf54e4946b76b883300da4e94,True,No,0.0,False,,100,1780.2478502950837,2.0,0.0,-102.0,-1.0
11143,Will Trump launch a coin before the election?,will-trump-launch-a-coin-before-the-election,502571,will-trump-launch-a-coin-before-the-election,No,0.02316323677478316,64630.86375,1497.06,2.3%,,,,,,,,,,2026-05-28 01:01:31 UTC,2024-10-16 19:11:20+00:00,2024-10-16 19:11:20 UTC,0x5ab556cfc7c0c1b6edef6bd8e875728a3e506696322be31d78c6b1399dfcda81,0xabe5334928f63afd39b9a24eb29867863af11d5d,True,Yes,0.0,False,,100,4317.185934431486,2.0,0.0,-102.0,-1.0
15437,Will Biden pardon SBF?,who-will-biden-pardon,500502,will-biden-pardon-sbf-this-term,Yes,0.04699321938600879,31855.659573,1497.0,4.7%,,,,,,,,,,2026-05-28 01:04:14 UTC,2024-12-28 07:04:02+00:00,2024-12-28 07:04:02 UTC,0x77337bd261a00471a38a88e272f0f4d3b8baaa42429501cc5c637819e49195d8,0x0a0a32e6f9a092b024f6d96684c4c939c76d2d5c,True,No,0.0,False,,100,2127.9665727641727,2.0,0.0,-102.0,-1.0
10214,Will a Democrat win Arizona US Senate Election?,arizona-us-senate-election-winner,500614,will-a-democrat-win-arizona-us-senate-election,No,0.09964373333333333,15000.0,1494.66,10.0%,,,,,,,,,,2026-05-28 01:01:11 UTC,2024-11-07 22:00:21+00:00,2024-11-07 22:00:21 UTC,0xff9e1c78a372c8cb53e0ee1264f87af7352693b1ed93bf4623fa64988a546b86,0xd4df65233acbe3cfbfcbe7a5bb6d6f1c70937f8e,True,Yes,0.0,False,,100,1003.5754046416032,2.0,0.0,-102.0,-1.0
17792,Fed decreases interest rates by 25 bps after June 2025 meeting?,fed-decision-in-june,521835,fed-decreases-interest-rates-by-25-bps-after-june-2025-meeting,Yes,0.02,74677.88,1493.56,2.0%,,,,,,,,,,2026-05-28 01:05:11 UTC,2025-06-04 11:37:36+00:00,2025-06-04 11:37:36 UTC,0xfbcef07fb5b384cea1305ca03ac51b6acbc613a74737cdd2cab08aa250c69d3f,0xd1acd3925d895de9aec98ff95f3a30c5279d08d5,True,No,0.0,False,,100,5000.0,2.0,0.0,-102.0,-1.0
17792,Fed decreases interest rates by 25 bps after June 2025 meeting?,fed-decision-in-june,521835,fed-decreases-interest-rates-by-25-bps-after-june-2025-meeting,Yes,0.029855757400000002,50000.0,1492.79,3.0%,,,,,,,,,,2026-05-28 01:05:11 UTC,2025-06-05 17:32:00+00:00,2025-06-05 17:32:00 UTC,0xddace412aba38a3ea5c4895d6a368c25389d57b49f589856315e56d841b9edcf,0xa49becb692927d455924583b5e3e5788246f4c40,True,No,0.0,False,,100,3349.437720176544,2.0,0.0,-102.0,-1.0
16108,Russia x Ukraine ceasefire in 2025?,russia-x-ukraine-ceasefire-in-2025,516719,russia-x-ukraine-ceasefire-in-2025,Yes,0.07458089,20000.0,1491.62,7.5%,,,,,,,,,,2026-05-28 01:04:33 UTC,2025-11-08 08:50:53+00:00,2025-11-08 08:50:53 UTC,0x134341021f1b3177284dcacbe89274de0fc7d35e1238822f941ce6e8c5b97f76,0xb3c2dc5f499a636a5b6b0e977cdb1f552393ce86,True,No,0.0,False,,100,1340.8260480667368,2.0,0.0,-102.0,-1.0
16180,"Maduro out by January 31, 2026?",maduro-out-in-2025,916440,maduro-out-by-january-31-2026-318,Yes,0.08,18604.78,1488.38,8.0%,,,,,,,,,,2026-05-28 01:04:28 UTC,2025-12-31 00:15:19+00:00,2025-12-31 00:15:19 UTC,0xec68af51c953478629c34193faef098f3e12d04f5029a1a231cdd5243a1a9d4c,0x6d7776a0f954be1a7c975a1e8244de6268f7b72c,True,Yes,0.0,True,,100,1250.0,2.0,1250.0,1148.0,11.254901960784315
14199,Will Trump create Bitcoin reserve in first 100 days?,will-trump-create-a-national-bitcoin-reserve-in-his-first-100-days,512250,will-trump-create-a-national-bitcoin-reserve-in-his-first-100-days,Yes,0.09,16497.43,1484.77,9.0%,,,,,,,,,,2026-05-28 01:03:36 UTC,2025-04-27 07:53:55+00:00,2025-04-27 07:53:55 UTC,0x5da0a08d68db24619f726e8da7f8fbce4c9ad00d48b458b475b5ce060d21e51b,0x4d3e59470cd241c4382cabbd2bfd10037cce58c7,True,No,0.0,False,,100,1111.111111111111,2.0,0.0,-102.0,-1.0
12327,Will there be a US Government shutdown? ,us-government-shutdown-before-2025,506202,us-government-shutdown-before-2025,No,0.029391876694697266,50436.384665,1482.42,2.9%,,,,,,,,,,2026-05-28 01:02:35 UTC,2024-12-23 01:26:15+00:00,2024-12-23 01:26:15 UTC,0x0e841d5a627468baebd124606314f0c6e12e3afdbed6c0332fcc68f9f9c82387,0xb887a02871f6cd54c05f00d8942f0ef3b9858048,True,Yes,0.0,False,,100,3402.3006097477773,2.0,0.0,-102.0,-1.0
10170,Will a Republican win New York Presidential Election?,new-york-presidential-election-winner-2024,500515,will-a-republican-win-new-york-presidential-election,Yes,0.02762876223762339,53608.98857,1481.15,2.8%,,,,,,,,,,2026-05-28 01:01:13 UTC,2024-11-04 00:40:49+00:00,2024-11-04 00:40:49 UTC,0xc836909d4347e370c588d44fdeca6ea1a94185548801502c1bf25e98fe41100b,0x737868ef520c3b4f4c38d76f97ca87df8a3112dc,True,No,0.0,False,,100,3619.4165753768466,2.0,0.0,-102.0,-1.0
15437,Will Biden pardon SBF?,who-will-biden-pardon,500502,will-biden-pardon-sbf-this-term,Yes,0.05897052380003983,25105.0,1480.45,5.9%,,,,,,,,,,2026-05-28 01:04:14 UTC,2024-12-02 01:08:00+00:00,2024-12-02 01:08:00 UTC,0xe8be8d3829cbb3ef69e9b472085ae8d39a6b5bed4b8c506b9737733c363816b5,0xcd8b783ac0d31d8846ccb8da39db5b447d5fd89d,True,No,0.0,False,,100,1695.7624514085198,2.0,0.0,-102.0,-1.0
17505,Jerome Powell out as Fed Chair in 2025?,will-trump-remove-jerome-powell,520930,will-trump-remove-jerome-powell,Yes,0.05874201078759438,25201.17,1480.37,5.9%,,,,,,,,,,2026-05-28 01:05:02 UTC,2025-09-09 13:00:46+00:00,2025-09-09 13:00:46 UTC,0x647cf73a1166967353a83020c282316b72dfd9f1275affa063ded1c4fbd5cc36,0x611c20bf7fdc4e88ec4f0172c99efcaa30d5c982,True,No,0.0,False,,100,1702.3591575983098,2.0,0.0,-102.0,-1.0
16432,Conservatives win majority in Canadian election?,will-the-conservative-party-win-a-majority-in-next-canadian-election,517600,will-the-conservative-party-win-a-majority-in-next-canadian-election,Yes,0.09866666666666667,15000.0,1480.0,9.9%,,,,,,,,,,2026-05-28 01:04:36 UTC,2025-04-08 15:37:00+00:00,2025-04-08 15:37:00 UTC,0x449720a155019d4023351c5c3331bfccb59f47b140c0062365d5a4eb57510c0a,0x6ed913ba70f0f5dbcbd6648f2044718bb96bfebf,True,No,0.0,False,,100,1013.5135135135135,2.0,0.0,-102.0,-1.0
12221,Favorite to win on Polymarket on Friday?,favorite-to-win-on-polymarket-this-friday,505809,favorite-to-win-on-polymarket-this-friday,Kamala,0.019727137333333332,75000.0,1479.54,2.0%,,,,,,,,,,2026-05-28 01:02:32 UTC,2024-09-06 16:17:16+00:00,2024-09-06 16:17:16 UTC,0x77816cb406fa044747d1a9c9c5c9d6de5eb8665cae0053b30ed3cc8937d5bba2,0x41a1b843022a60d8d428ec8318123b5e33254c51,True,Trump,0.0,False,,100,5069.159215058945,2.0,0.0,-102.0,-1.0
10656,Will a Republican win the popular vote and a Democrat win the Presidency?,which-party-wins-presidency-popular-vote,501588,will-a-republican-win-the-popular-vote-and-a-democrat-win-the-presidency,Yes,0.02292160773571721,64496.67,1478.37,2.3%,,,,,,,,,,2026-05-28 01:01:23 UTC,2024-10-30 19:42:11+00:00,2024-10-30 19:42:11 UTC,0x221a545057a1c9f5536b5df4fc5eb375c744f6d35cc4287b22a78045dc4355bf,0x8c1f8d06ce48a8c7197081172da2297aae7af2fc,True,No,0.0,False,,100,4362.695721564796,2.0,0.0,-102.0,-1.0
14188,Trump ends Ukraine war before inauguration?,trump-ends-ukraine-war-before-inauguration,512205,trump-ends-ukraine-war-before-inauguration,Yes,0.06,24633.0,1477.98,6.0%,,,,,,,,,,2026-05-28 01:03:41 UTC,2024-11-27 21:44:53+00:00,2024-11-27 21:44:53 UTC,0x37d2d07dac8b760a7fc8ece0f121fa33803a37edf6bb3e75f6d59474d6c6f3e3,0xe274eed0e6e2c168094856a85c07efc747d8ee86,True,No,0.0,False,,100,1666.6666666666667,2.0,0.0,-102.0,-1.0
17174,Was JFK assassination an inside job?,was-jfk-assassination-an-inside-job-march-31,519906,was-jfk-assassination-an-inside-job-march-31,Yes,0.02366912520794389,62355.916665,1475.91,2.4%,,,,,,,,,,2026-05-28 01:04:59 UTC,2025-03-19 01:22:56+00:00,2025-03-19 01:22:56 UTC,0xf728608c4c508bddc54619f686c293206ddccae3a63789f9be7c54713f6e566f,0x668a0e5dcd5eb089f30788b78ed789cffcef33f3,True,No,0.0,False,,100,4224.913220131927,2.0,0.0,-102.0,-1.0
11321,Will Biden announce resignation by July 31?,will-biden-resign-by-july-31,503011,will-biden-resign-by-july-31,Yes,0.08749084176370554,16801.758554,1470.0,8.7%,,,,,,,,,,2026-05-28 01:01:36 UTC,2024-07-23 03:06:42+00:00,2024-07-23 03:06:42 UTC,0x16c6707a44612846028eab82c147d383db0fd9595c8afb0e7d3814a1053fb274,0x1032a276ba73668d8b12aa952c8c074716d58523,True,No,0.0,False,,100,1142.9767731584875,2.0,0.0,-102.0,-1.0
12641,TikTok banned in the US before May 2025?,tiktok-banned-in-the-us-before-may-2025,507276,tiktok-banned-in-the-us-before-may-2025,No,0.016452160624935847,89337.81,1469.8,1.6%,,,,,,,,,,2026-05-28 01:02:43 UTC,2025-01-20 04:42:27+00:00,2025-01-20 04:42:27 UTC,0x9c1ce72aa067a641d2a6c07d7cf89999d6a0cf5d6b32fabadb42f0662c883bf4,0xaee8e802e29a2dd32d6234a3d28e3bd7e2ca6eeb,True,Yes,0.0,False,,100,6078.229010749762,2.0,0.0,-102.0,-1.0
16860,Zelenskyy out as Ukraine president before July?,zelenskyy-out-as-ukraine-president-before-july,519048,zelenskyy-out-as-ukraine-president-before-july,Yes,0.09917528834538006,14817.3,1469.51,9.9%,,,,,,,,,,2026-05-28 01:04:46 UTC,2025-03-31 02:34:28+00:00,2025-03-31 02:34:28 UTC,0xfe3a2c2948f0219fb20581dc429df05e29e761407f49ad1bbf941cae72abe90b,0x93fb8127a1b21a112b11af936361225df0563e4a,True,No,0.0,False,,100,1008.3156970690911,2.0,0.0,-102.0,-1.0
10842,Trump sentenced to 48 or more months prison time?,trump-sentenced-to-how-much-prison-time,501963,trump-sentenced-to-48-or-more-months-prison-time,Yes,0.032322077314597415,45386.934284,1467.0,3.2%,,,,,,,,,,2026-05-28 01:01:27 UTC,2024-09-03 21:35:39+00:00,2024-09-03 21:35:39 UTC,0xed4a87f9660538efb08ce8fc510ebf32977ff3c7e926b28a07e86ffa0f80ad28,0x46483a45de96eacaf31430c3ed97e0b6a30b5361,True,No,0.0,False,,100,3093.860553165549,2.0,0.0,-102.0,-1.0
12221,Favorite to win on Polymarket on Friday?,favorite-to-win-on-polymarket-this-friday,505809,favorite-to-win-on-polymarket-this-friday,Kamala,0.019476340855496155,75206.65,1464.75,1.9%,,,,,,,,,,2026-05-28 01:02:32 UTC,2024-09-06 16:08:00+00:00,2024-09-06 16:08:00 UTC,0x9730bccb20ed12b75984c7235f8394740f6e75c53c430712de03277ea3e42a38,0x41a1b843022a60d8d428ec8318123b5e33254c51,True,Trump,0.0,False,,100,5134.43468369883,2.0,0.0,-102.0,-1.0
11887,Tim Walz replaced as Democratic VP nominee?,tim-walz-out-as-democratic-vp-nominee,504598,tim-walz-out-as-democratic-vp-nominee,Yes,0.022,66575.18,1464.65,2.2%,,,,,,,,,,2026-05-28 01:02:08 UTC,2024-10-13 01:27:27+00:00,2024-10-13 01:27:27 UTC,0xbb2cf16e351e0fc16e0f10cab16a0a2e9ca309ed1bbc04a6589543721b0a0655,0xa8b97b862b95c8c6efcf22cfd6e3bf29558be991,True,No,0.0,False,,100,4545.454545454546,2.0,0.0,-102.0,-1.0
14555,Pete Hegseth confirmed as Secretary of Defense?,which-trump-picks-will-be-confirmed,512954,will-pete-hegseth-be-confirmed-as-secretary-of-defense,No,0.049999658310069944,29266.3,1463.31,5.0%,,,,,,,,,,2026-05-28 01:03:56 UTC,2025-01-21 19:00:50+00:00,2025-01-21 19:00:50 UTC,0x1bdffcc1c0628f58dff858ba961b26f9c1049f8c4fad4b2b0cda528ebb496178,0xfd2b117412a698f322b0cd18d6827dad262b8e50,True,Yes,0.0,False,,100,2000.0136676906045,2.0,0.0,-102.0,-1.0
16108,Russia x Ukraine ceasefire in 2025?,russia-x-ukraine-ceasefire-in-2025,516719,russia-x-ukraine-ceasefire-in-2025,Yes,0.033360827365723725,43858.324704,1463.15,3.3%,,,,,,,,,,2026-05-28 01:04:29 UTC,2025-12-19 05:51:53+00:00,2025-12-19 05:51:53 UTC,0x933886f53d4160e8d36415cfbec39bdb4a12c3902269794448b810b6d1974eda,0xfb30f711d29884b5d856fa63d1550ae42f1c63b4,True,No,0.0,False,,100,2997.527576391708,2.0,0.0,-102.0,-1.0
11143,Will Trump launch a coin before the election?,will-trump-launch-a-coin-before-the-election,502571,will-trump-launch-a-coin-before-the-election,No,0.04797037896895225,30421.8985,1459.35,4.8%,,,,,,,,,,2026-05-28 01:01:31 UTC,2024-10-15 14:37:26+00:00,2024-10-15 14:37:26 UTC,0xb1e528b8df14f125f2eea11b1ce7c9e82398fd4e8c4fc20ecfc07fa6fbc8ce41,0xf7bd9f758e100426a134ebf6d7f0b2eec90f2a37,True,Yes,0.0,False,,100,2084.6197622229074,2.0,0.0,-102.0,-1.0
15665,Fed decreases interest rates by 25 bps after March 2025 meeting?,fed-decision-in-march,516009,fed-decreases-interest-rates-by-25-bps-after-march-2025-meeting,Yes,0.02764548048439386,52647.303447,1455.46,2.8%,,,,,,,,,,2026-05-28 01:04:23 UTC,2025-02-16 01:45:55+00:00,2025-02-16 01:45:55 UTC,0x885d974ff41090b59dacf7a6121734a8ad202ba5c7625f1e7d0e4974a80514f1,0x3b83b230e67d18daebe145d79466237d5f547fb5,True,No,0.0,False,,100,3617.2277800145657,2.0,0.0,-102.0,-1.0
11797,Will Kamala Harris drop out in August?,will-kamala-drop-out-in-august,504399,will-kamala-drop-out-in-august,Yes,0.02629270506302486,55333.72,1454.87,2.6%,,,,,,,,,,2026-05-28 01:01:58 UTC,2024-08-06 17:35:43+00:00,2024-08-06 17:35:43 UTC,0x0c486f56ec6376dd96d80de11e73ec7ec5af977c8cea00f819135001cc4010e5,0xc2a445b6c89c124cb3b4859110dec4aba7a439dc,True,No,0.0,False,,100,3803.3363155405755,2.0,0.0,-102.0,-1.0
11143,Will Trump launch a coin before the election?,will-trump-launch-a-coin-before-the-election,502571,will-trump-launch-a-coin-before-the-election,No,0.01984662788047733,73261.816,1454.0,2.0%,,,,,,,,,,2026-05-28 01:01:31 UTC,2024-10-16 16:29:31+00:00,2024-10-16 16:29:31 UTC,0xa1f2d6ed8967480bc208569d94a025811925fc3656506d271f34b5a684ce27b3,0x2b8b052ee102787926eb98a1be7ea0cfc7934b24,True,Yes,0.0,False,,100,5038.639339752407,2.0,0.0,-102.0,-1.0
14220,No change in Fed interest rates after January 2025 meeting?,fed-interest-rates-january-2025,512324,no-change-in-fed-interest-rates-after-january-2025-meeting,No,0.023171845744423953,62678.6496,1452.38,2.3%,,,,,,,,,,2026-05-28 01:03:45 UTC,2025-01-29 18:29:49+00:00,2025-01-29 18:29:49 UTC,0xea953a2e386bd7de33795678758e50b29e204afa9f7d36e0ef3b6c5dd1c96cc3,0xa160064e3a68f5fbfb5efa9f3afdf393baf1db85,True,Yes,0.0,False,,100,4315.581982676709,2.0,0.0,-102.0,-1.0
16105,Khamenei out as Supreme Leader of Iran in 2025?,khamenei-out-as-supreme-leader-of-iran-in-2025,516716,khamenei-out-as-supreme-leader-of-iran-in-2025,Yes,0.09,16132.69,1451.94,9.0%,,,,,,,,,,2026-05-28 01:04:25 UTC,2025-11-02 17:57:59+00:00,2025-11-02 17:57:59 UTC,0xa31daa4c316140077cf44598664b559364c96cc845ed6f02a0538f48efa19c8a,0x34d27af7413310a83ee83566ecd5a193e63c75a8,True,No,0.0,False,,100,1111.111111111111,2.0,0.0,-102.0,-1.0
15036,Khamenei out as Supreme Leader of Iran by June 30?,khamenei-out-as-supreme-leader-of-iran-by-june-30,514497,khamenei-out-as-supreme-leader-of-iran-by-june-30,Yes,0.094,15434.28,1450.82,9.4%,,,,,,,,,,2026-05-28 01:04:01 UTC,2025-06-23 23:54:55+00:00,2025-06-23 23:54:55 UTC,0x3f0cc44f673b46b935dbe6dadf7ff89061212d8cf3f1021e024334b51a0c2b37,0xdd225a03cd7ed89e3931906c67c75ab31cf89ef1,True,No,0.0,False,,100,1063.8297872340424,2.0,0.0,-102.0,-1.0
16180,Maduro out in 2025?,maduro-out-in-2025,516947,maduro-out-in-2025-411,Yes,0.029689567206373522,48838.704516,1450.0,3.0%,,,,,,,,,,2026-05-28 01:04:29 UTC,2025-12-21 18:01:33+00:00,2025-12-21 18:01:33 UTC,0xf45bf50f232b016c126aa84a530fbdfbde479e5461872c54a788b7417377102b,0x4206d3b0a425955d4eb291186fe09c8013aabb16,True,No,0.0,False,,100,3368.1865183448276,2.0,0.0,-102.0,-1.0
17792,No change in Fed interest rates after June 2025 meeting?,fed-decision-in-june,521836,no-change-in-fed-interest-rates-after-june-2025-meeting,No,0.03588930653594778,40381.38763,1449.26,3.6%,,,,,,,,,,2026-05-28 01:05:11 UTC,2025-06-05 17:48:00+00:00,2025-06-05 17:48:00 UTC,0x5c484bd488d915536772c46d64894609a1270db7e8802ec1b9784e8d6ca3fc59,0x40b078960902ce9e7223d4ee6426bdf794071f0a,True,Yes,0.0,False,,100,2786.3452836525853,2.0,0.0,-102.0,-1.0
16180,Maduro out in 2025?,maduro-out-in-2025,516947,maduro-out-in-2025-411,Yes,0.03480243085036454,41561.752,1446.45,3.5%,,,,,,,,,,2026-05-28 01:04:29 UTC,2025-12-22 14:36:59+00:00,2025-12-22 14:36:59 UTC,0xb336d9c804ffa5133f44a14525ace11492ebd1432771a0000c38e70feb59e28e,0x9ed9fb24166d7aae9ec0f8eef267c46cb34ef365,True,No,0.0,False,,100,2873.3625082097547,2.0,0.0,-102.0,-1.0
12327,Will there be a US Government shutdown? ,us-government-shutdown-before-2025,506202,us-government-shutdown-before-2025,No,0.018816968222581217,76792.392,1445.0,1.9%,,,,,,,,,,2026-05-28 01:02:35 UTC,2024-12-23 02:48:19+00:00,2024-12-23 02:48:19 UTC,0x692da56d0b91761ff5ba1318f594fe0354f0f0a1d7d8212ebcc7e5cd0d5d2e8b,0x0b8a32a408eb0ae2ccd6f9897a4f153730c03840,True,Yes,0.0,False,,100,5314.352387543252,2.0,0.0,-102.0,-1.0
14199,Will Trump create Bitcoin reserve in first 100 days?,will-trump-create-a-national-bitcoin-reserve-in-his-first-100-days,512250,will-trump-create-a-national-bitcoin-reserve-in-his-first-100-days,Yes,0.07,20600.78,1442.05,7.0%,,,,,,,,,,2026-05-28 01:03:36 UTC,2025-04-22 21:07:21+00:00,2025-04-22 21:07:21 UTC,0x5a9c25b03dcf2e630c3107e02e3392c097d428e3f158f3860157d998a2be3ae4,0x889e7f0464c72eb8cda1525ebc12b6aaba9d09e0,True,No,0.0,False,,100,1428.5714285714284,2.0,0.0,-102.0,-1.0
10656,Will a Democrat win the popular vote and a Republican win the Presidency?,which-party-wins-presidency-popular-vote,501589,will-a-democrat-win-the-popular-vote-and-a-republican-win-the-presidency,Yes,0.09,16021.01,1441.89,9.0%,,,,,,,,,,2026-05-28 01:01:21 UTC,2024-11-06 04:05:13+00:00,2024-11-06 04:05:13 UTC,0xeaa36a860bbca68fc3b07716e4deaf36135bd1bbd19a48ea4f921246e150bc5d,0xdb755e4a081f2e94c268548d9b8d41536c36fd95,True,No,0.0,False,,100,1111.111111111111,2.0,0.0,-102.0,-1.0
10349,Israel military action against Iran by Friday?,israel-military-action-against-iran-by-friday,500943,israel-military-action-against-iran-by-friday,Yes,0.097428940838114,14780.002601,1440.0,9.7%,,,,,,,,,,2026-05-28 01:01:19 UTC,2024-04-17 17:22:02+00:00,2024-04-17 17:22:02 UTC,0x80281bafb96f2b5358e931cadb7b400baccf28914636fd08c0597f960fb98ac9,0x4dc29e3dba1a0d3ac0c9c356778c201830d90f7e,True,Yes,0.0,True,,100,1026.389070226659,2.0,1026.389070226659,924.389070226659,9.062637943398618
16108,Russia x Ukraine ceasefire in 2025?,russia-x-ukraine-ceasefire-in-2025,516719,russia-x-ukraine-ceasefire-in-2025,Yes,0.09,16000.0,1440.0,9.0%,,,,,,,,,,2026-05-28 01:04:31 UTC,2025-11-30 07:04:09+00:00,2025-11-30 07:04:09 UTC,0xd6510f41475d135f571333a96170cbf2f0cbf75ebcb2c8a5561cbd89756087a2,0x3015836ea584d864102490a21457b1d8d18b09f1,True,No,0.0,False,,100,1111.111111111111,2.0,0.0,-102.0,-1.0
17105,Will Iran close the Strait of Hormuz in 2025?,will-iran-close-the-strait-of-hormuz-in-2025,519695,will-iran-close-the-strait-of-hormuz-in-2025,Yes,0.08,18000.0,1440.0,8.0%,,,,,,,,,,2026-05-28 01:04:55 UTC,2025-10-02 14:17:59+00:00,2025-10-02 14:17:59 UTC,0x23ca3685ff8e98493ca4ffe7c85316ebfec7a1774146ebb50da206418a16b68c,0x74db2780445d9b7b10e8a650db1b94f8e53c4ca5,True,No,0.0,False,,100,1250.0,2.0,0.0,-102.0,-1.0
16432,Conservatives win majority in Canadian election?,will-the-conservative-party-win-a-majority-in-next-canadian-election,517600,will-the-conservative-party-win-a-majority-in-next-canadian-election,Yes,0.07,20542.0,1437.94,7.0%,,,,,,,,,,2026-05-28 01:04:36 UTC,2025-04-24 02:31:47+00:00,2025-04-24 02:31:47 UTC,0xae52dac3f117a923bc52e0d55661accc81ce68395d0b0a7b7f5f8c6b6ca798ce,0xce63d8637cb0ac610195939ac31c4eafcd175ce8,True,No,0.0,False,,100,1428.5714285714284,2.0,0.0,-102.0,-1.0
10269,Will Don Samuels win the MN-5 Democratic House District?,mn-5-democratic-primary-winner,500761,will-don-samuels-win-the-mn-5-democratic-house-district,Yes,0.058499711135522194,24579.0,1437.86,5.8%,,,,,,,,,,2026-05-28 01:01:19 UTC,2024-08-08 16:40:02+00:00,2024-08-08 16:40:02 UTC,0xb2c7c344fdb0987df83f3e70b28938d5f169de9ea6caea0e75c8a29ec94e5f83,0xc8c80d5ce8abe19e72ead720599e12cb8fa67407,True,No,0.0,False,,100,1709.410150220007,2.0,0.0,-102.0,-1.0
11910,Democrats win popular vote by 0-1%?,popular-vote-margin-of-victory-in-presidential-election,504681,democrats-win-popular-vote-by-0-1,Yes,0.07,20521.99,1436.54,7.0%,,,,,,,,,,2026-05-28 01:02:10 UTC,2024-08-21 03:28:20+00:00,2024-08-21 03:28:20 UTC,0xe6859b9fd2c3844ac87d708c2199231357fa80ad481c99c421a9f89bdd1cb49c,0xf2f6af4f27ec2dcf4072095ab804016e14cd5817,True,No,0.0,False,,100,1428.5714285714284,2.0,0.0,-102.0,-1.0
11536,RFK Jr. endorses Trump in August?,rfk-jr-endorses-trump,503535,rfk-jr-endorses-trump,No,0.056511511310244476,25414.57,1436.22,5.7%,,,,,,,,,,2026-05-28 01:01:49 UTC,2024-08-25 14:15:49+00:00,2024-08-25 14:15:49 UTC,0x1c5514d86d6d42c5311745690ad5458896fa202ba4f163c5d0da4057321ffa58,0xb404c41dc29a113bb984f9b86ad556b5bfb40a05,True,Yes,0.0,False,,100,1769.550976101251,2.0,0.0,-102.0,-1.0
15437,Will Biden pardon SBF?,who-will-biden-pardon,500502,will-biden-pardon-sbf-this-term,Yes,0.03786401554020585,37893.233946,1434.79,3.8%,,,,,,,,,,2026-05-28 01:04:13 UTC,2025-01-16 23:12:15+00:00,2025-01-16 23:12:15 UTC,0x0475838555c57a3193e80ffe045954f7f1ff49209abf374b327b7b9fbe2fbea7,0x421e006e5e07d0617031ec5e731b1a05379f5caa,True,No,0.0,False,,100,2641.0299745893335,2.0,0.0,-102.0,-1.0
13433,Will Kamala go on Joe Rogan before election?,will-kamala-go-on-joe-rogan-before-election,509872,will-kamala-go-on-joe-rogan-before-election,Yes,0.09545109,15000.0,1431.77,9.5%,,,,,,,,,,2026-05-28 01:02:59 UTC,2024-10-26 12:54:08+00:00,2024-10-26 12:54:08 UTC,0xaa3fe8f53003ec5d41c93b512aa4bb67ceda2692ac915cd758c39540d96d838c,0xc6587b11a2209e46dfe3928b31c5514a8e33b784,True,No,0.0,False,,100,1047.656972801463,2.0,0.0,-102.0,-1.0
17792,No change in Fed interest rates after June 2025 meeting?,fed-decision-in-june,521836,no-change-in-fed-interest-rates-after-june-2025-meeting,No,0.027,53000.0,1431.0,2.7%,,,,,,,,,,2026-05-28 01:05:09 UTC,2025-06-11 16:14:40+00:00,2025-06-11 16:14:40 UTC,0x3eda69c9973d38492cf14c3b561acd5b6d1f4de740636391038dcc601daf4776,0xd1dee063c0590d204ec973c323f266c36d475834,True,Yes,0.0,False,,100,3703.703703703704,2.0,0.0,-102.0,-1.0
10656,Will a Republican win the popular vote and a Democrat win the Presidency?,which-party-wins-presidency-popular-vote,501588,will-a-republican-win-the-popular-vote-and-a-democrat-win-the-presidency,Yes,0.029,49293.91,1429.52,2.9%,,,,,,,,,,2026-05-28 01:01:21 UTC,2024-11-04 02:31:07+00:00,2024-11-04 02:31:07 UTC,0x078512c5bb550e4aa106d703343a3cc830d6e18c32f9b56030b380fcb20ba22c,0xaf2830f2dd4dfa32e3dffac60531bb4ba5147f92,True,No,0.0,False,,100,3448.275862068965,2.0,0.0,-102.0,-1.0
10656,Will a Republican win the popular vote and a Democrat win the Presidency?,which-party-wins-presidency-popular-vote,501588,will-a-republican-win-the-popular-vote-and-a-democrat-win-the-presidency,Yes,0.023,62098.8,1428.27,2.3%,,,,,,,,,,2026-05-28 01:01:23 UTC,2024-10-30 03:59:16+00:00,2024-10-30 03:59:16 UTC,0x5ba751d2d1c826e9295fbe2b9a61c6030d676d76d75c23989fb970296ed5ee5f,0x45580feac3b916a88b7513929e26f86b3adea2b3,True,No,0.0,False,,100,4347.826086956522,2.0,0.0,-102.0,-1.0
11913,Will Israel invade Lebanon before November?,will-israel-enter-lebanon-before-November,504664,will-israel-enter-lebanon-before-November,No,0.097,14721.67,1428.0,9.7%,,,,,,,,,,2026-05-28 01:02:08 UTC,2024-10-03 21:08:40+00:00,2024-10-03 21:08:40 UTC,0x79d4814935a04fd91e0c11f1a362e78c44619f4ded5b8ac1a864a2168b3e1450,0x9c8542f9f7de9418da0842776e414935dc419e34,True,Yes,0.0,False,,100,1030.9278350515463,2.0,0.0,-102.0,-1.0
14874,Will Karol Nawrocki be the next President of Poland?,poland-presidential-election,514138,will-karol-nawrocki-be-the-next-president-of-poland,No,0.013125073314466959,108625.678946,1425.72,1.3%,,,,,,,,,,2026-05-28 01:04:01 UTC,2025-06-02 01:15:11+00:00,2025-06-02 01:15:11 UTC,0x708ffe1d61841de3eea8c20cac538083d50e085ba6c8ce5ad80c54b3051d71d3,0x8cd8c1de4f236e66b32912afa4128a0bff2b773b,True,Yes,0.0,False,,100,7619.0050603204,2.0,0.0,-102.0,-1.0
14162,Trump signs national abortion ban?,trump-signs-national-abortion-ban-in-first-100-days,512128,trump-signs-national-abortion-ban-in-first-100-days,Yes,0.06690399587234504,21300.23,1425.07,6.7%,,,,,,,,,,2026-05-28 01:03:33 UTC,2025-03-25 16:57:24+00:00,2025-03-25 16:57:24 UTC,0xf5a59494f3d6526e16f8256099bdacff75626dbb251d1bc518fd059e2700cb66,0xb404c41dc29a113bb984f9b86ad556b5bfb40a05,True,No,0.0,False,,100,1494.679035177558,2.0,0.0,-102.0,-1.0
11321,Will Biden announce resignation by July 31?,will-biden-resign-by-july-31,503011,will-biden-resign-by-july-31,Yes,0.05464677623348851,26069.790337,1424.63,5.5%,,,,,,,,,,2026-05-28 01:01:36 UTC,2024-07-17 22:10:56+00:00,2024-07-17 22:10:56 UTC,0x7f21d53301fac98644f4ddb267712c379578883cc701fbd1e718496d3f95a09f,0x881be7d2c8af74a7e447f366cfaf681122909893,True,No,0.0,False,,100,1829.9341130889663,2.0,0.0,-102.0,-1.0
11639,Will Biden resign before the election?,biden-resigns-from-presidency-before-election,503972,biden-resigns-from-presidency-before-election,Yes,0.012456977102354376,114270.09846,1423.46,1.2%,,,,,,,,,,2026-05-28 01:01:51 UTC,2024-10-30 06:34:28+00:00,2024-10-30 06:34:28 UTC,0x58f4dd8d091533b17d51d2478ce35e4a911db723179eacf224ba7168d85bd2ca,0x0e74d70b99f3cfa4d8b7895c8ea1f8b0d87571bb,True,No,0.0,False,,100,8027.6297514506905,2.0,0.0,-102.0,-1.0
15665,Fed decreases interest rates by 25 bps after March 2025 meeting?,fed-decision-in-march,516009,fed-decreases-interest-rates-by-25-bps-after-march-2025-meeting,Yes,0.04029882810122275,35321.31,1423.41,4.0%,,,,,,,,,,2026-05-28 01:04:20 UTC,2025-02-28 03:39:32+00:00,2025-02-28 03:39:32 UTC,0xa5b07337fbc491c1106701f2ff1465de3864ae18a9e73e668990034950154fbb,0x6a9b04663e24b275bf6258a53976eb1a516e4d6c,True,No,0.0,False,,100,2481.4617375180146,2.0,0.0,-102.0,-1.0
17140,Fed decreases interest rates by 50+ bps after May 2025 meeting?,fed-decision-in-may-2025,519776,fed-decreases-interest-rates-by-50-bps-after-may-2025-meeting,Yes,0.019443334944096675,73195.11,1423.16,1.9%,,,,,,,,,,2026-05-28 01:04:56 UTC,2025-04-19 14:49:26+00:00,2025-04-19 14:49:26 UTC,0x3aac8021ac5fe789307b37f9d4b0037cd40cb4e7b7ebef8c179ffff6c84ce48c,0xcd8b783ac0d31d8846ccb8da39db5b447d5fd89d,True,No,0.0,False,,100,5143.150611123,2.0,0.0,-102.0,-1.0
10656,Will a Republican win the popular vote and a Democrat win the Presidency?,which-party-wins-presidency-popular-vote,501588,will-a-republican-win-the-popular-vote-and-a-democrat-win-the-presidency,Yes,0.058,24530.95,1422.8,5.8%,,,,,,,,,,2026-05-28 01:01:21 UTC,2024-11-06 02:57:39+00:00,2024-11-06 02:57:39 UTC,0x9501b75faf0f2385aa9f54e1afb0ce8043939d74549fcc6792ea093f1a4df9cf,0xd3a6e523c440f94f9259398fbcf7b5cc5ccffd55,True,No,0.0,False,,100,1724.1379310344826,2.0,0.0,-102.0,-1.0
13545,Evidence released that Kamala worked at McDonald's?,did-kamala-work-at-mcdonalds,510289,did-kamala-work-at-mcdonalds,Yes,0.08,17759.52,1420.76,8.0%,,,,,,,,,,2026-05-28 01:03:09 UTC,2024-10-22 07:50:00+00:00,2024-10-22 07:50:00 UTC,0xf2509d8676bd180533bf569d4bcb6647ff8b98e0f04ae0e47f17164ecdcb8ab4,0x854dd4db9230143f19bccfd6850aacb6facbdeb0,True,No,0.0,False,,100,1250.0,2.0,0.0,-102.0,-1.0
11910,GOP wins popular vote by 0-1%?,popular-vote-margin-of-victory-in-presidential-election,504680,gop-wins-popular-vote-by-0-1,Yes,0.09569586561856035,14838.67657,1420.0,9.6%,,,,,,,,,,2026-05-28 01:02:08 UTC,2024-10-12 16:07:55+00:00,2024-10-12 16:07:55 UTC,0x127ca3d5c2f6710bc4b0788922ed0e40fb425efb2aab8d6901b6f323010178d0,0x6236a163db74732a2004c0c162d8536dbf2d15f1,True,No,0.0,False,,100,1044.977223975336,2.0,0.0,-102.0,-1.0
12641,TikTok banned in the US before May 2025?,tiktok-banned-in-the-us-before-may-2025,507276,tiktok-banned-in-the-us-before-may-2025,No,0.01606794726219126,88374.698823,1420.0,1.6%,,,,,,,,,,2026-05-28 01:02:43 UTC,2025-01-21 15:53:25+00:00,2025-01-21 15:53:25 UTC,0xe87e9076a563e5b68b511f1a530451d2f58848ae7c8061a3b8c1926d95890e44,0x716f28329a2b9c2001a050c759793974c0de9798,True,Yes,0.0,False,,100,6223.570339647887,2.0,0.0,-102.0,-1.0
12795,Israel x Hezbollah Ceasefire in 2024?,israel-x-hezbollah-ceasefire-in-2024,507792,israel-x-hezbollah-ceasefire-in-2024,No,0.01615009919829546,87925.156469,1420.0,1.6%,,,,,,,,,,2026-05-28 01:02:49 UTC,2024-11-30 05:11:55+00:00,2024-11-30 05:11:55 UTC,0x135330fb7d8128f5113b2cafa5b2bef38c525288cb536f91c92613a2b1c8214c,0x29a95de5057f5c1c930aca18089047e248835668,True,Yes,0.0,False,,100,6191.9124317548685,2.0,0.0,-102.0,-1.0
14874,Will Rafał Trzaskowski be the next President of Poland?,poland-presidential-election,514139,will-rafa-trzaskowski-be-the-next-president-of-poland,Yes,0.05816325250871791,24396.847456,1419.0,5.8%,,,,,,,,,,2026-05-28 01:04:01 UTC,2025-06-01 23:10:23+00:00,2025-06-01 23:10:23 UTC,0xf233cdafdcb41cfc26f314e55f332d70bac326881e9667e21a112ae2581fbde7,0x3a3041bed370a9feb1fef889a8e0119db1de906e,True,No,0.0,False,,100,1719.2986239036634,2.0,0.0,-102.0,-1.0
11639,Will Biden resign before the election?,biden-resigns-from-presidency-before-election,503972,biden-resigns-from-presidency-before-election,Yes,0.07,20269.71,1418.88,7.0%,,,,,,,,,,2026-05-28 01:01:51 UTC,2024-08-27 20:35:03+00:00,2024-08-27 20:35:03 UTC,0xd07853c07693bac203941b04311b5b95a1c192650e27473a5816c47ff6a10be3,0x926580d1b5264b727e2a023807602938e9c8bff9,True,No,0.0,False,,100,1428.5714285714284,2.0,0.0,-102.0,-1.0
11910,GOP wins popular vote by 0-1%?,popular-vote-margin-of-victory-in-presidential-election,504680,gop-wins-popular-vote-by-0-1,Yes,0.08287189377417316,17121.26,1418.87,8.3%,,,,,,,,,,2026-05-28 01:02:08 UTC,2024-10-10 19:11:28+00:00,2024-10-10 19:11:28 UTC,0xa05c9028346f8194a082a34bedd01dcda9687970b5ba473c30565eb08fcb0483,0xd42f6a1634a3707e27cbae14ca966068e5d1047d,True,No,0.0,False,,100,1206.6817282165787,2.0,0.0,-102.0,-1.0
17792,Fed decreases interest rates by 25 bps after June 2025 meeting?,fed-decision-in-june,521835,fed-decreases-interest-rates-by-25-bps-after-june-2025-meeting,Yes,0.012820944718236091,110562.055383,1417.51,1.3%,,,,,,,,,,2026-05-28 01:05:07 UTC,2025-06-18 15:29:38+00:00,2025-06-18 15:29:38 UTC,0xe4a7f514138fcf16de724f7c0875236be5c5cf807517a25cbc510de215f8f178,0xf8fb43a0f2e8ffc29408261a0fee4c7648fe19dc,True,No,0.0,False,,100,7799.73724227695,2.0,0.0,-102.0,-1.0
11889,Harris-Walz Democratic ticket on election day?,harris-walz-final-democratic-ticket,504603,harris-walz-final-democratic-ticket,No,0.0749545788693461,18894.73,1416.25,7.5%,,,,,,,,,,2026-05-28 01:02:10 UTC,2024-08-18 07:47:43+00:00,2024-08-18 07:47:43 UTC,0xd06edde1de50b3f7897be341803d7fb3aa53ebe6bfcbf4aefaf33b0e70c35aac,0xe4f5305ba3cc55013196ad7888e427c06e239663,True,Yes,0.0,False,,100,1334.1413094230143,2.0,0.0,-102.0,-1.0
15625,Will the AfD win over 30% of the vote in the German election?,afd-of-vote-in-german-election,515879,will-the-afd-win-over-30-of-the-vote-in-the-german-election,Yes,0.05698747747737206,24839.316665,1415.53,5.7%,0.0,0.0,0.0,,,,,,,2026-05-28 01:04:23 UTC,2025-02-05 21:21:01+00:00,2025-02-05 21:21:01 UTC,0x2c7b49c71fe2e48b5b1e793f420f1ccc378422e3de77f8f8c94aa9769870dbe7,0x9b2695f816669a5da7246b51e4722d4728082211,True,No,0.0,False,,100,1754.771476588113,2.0,0.0,-102.0,-1.0
11639,Will Biden resign before the election?,biden-resigns-from-presidency-before-election,503972,biden-resigns-from-presidency-before-election,Yes,0.01,141352.27,1413.52,1.0%,,,,,,,,,,2026-05-28 01:01:51 UTC,2024-10-12 01:11:11+00:00,2024-10-12 01:11:11 UTC,0x50c294ae0f23c0794121024ddc2d5e202b77139e615e4e2e5a97bc6735671af6,0xa9b44dca52ed35e59ac2a6f49d1203b8155464ed,True,No,0.0,False,,100,10000.0,2.0,0.0,-102.0,-1.0
15915,Israel x Hamas ceasefire by January 31?,israel-x-hamas-ceasefire-by-january-31,516468,israel-x-hamas-ceasefire-by-january-31,No,0.044753286480760116,31565.68,1412.67,4.5%,,,,,,,,,,2026-05-28 01:04:26 UTC,2025-01-16 01:41:50+00:00,2025-01-16 01:41:50 UTC,0xd50bbe804dd6945f13ab9309af94d4455a0899d0cb8d9fc989b761c9d42d4b96,0xfd2b117412a698f322b0cd18d6827dad262b8e50,True,Yes,0.0,False,,100,2234.472769792918,2.0,0.0,-102.0,-1.0
12221,Favorite to win on Polymarket on Friday?,favorite-to-win-on-polymarket-this-friday,505809,favorite-to-win-on-polymarket-this-friday,Kamala,0.019727096061627078,71527.0,1411.02,2.0%,,,,,,,,,,2026-05-28 01:02:32 UTC,2024-09-06 16:09:18+00:00,2024-09-06 16:09:18 UTC,0xddd194dc3b3c1ad2fdc4732423016779c2899f40b554e8ba8e693be9147c1100,0x41a1b843022a60d8d428ec8318123b5e33254c51,True,Trump,0.0,False,,100,5069.169820413602,2.0,0.0,-102.0,-1.0
16282,"Will Trump deport 250,000-500,000 people?",how-many-people-will-trump-deport-in-2025,517311,will-trump-deport-250000-500000-people,No,0.086,16381.0,1408.77,8.6%,,,,,,,,,,2026-05-28 01:04:34 UTC,2026-02-11 16:22:59+00:00,2026-02-11 16:22:59 UTC,0xc590957093cfa5bb05bc7046fe1564055cbfd8e58efa7e0c95eb38b47d23283f,0xb86a06f029fb70f25ad5e66fe92d712bc5f0acdb,True,Yes,0.0,False,,100,1162.7906976744187,2.0,0.0,-102.0,-1.0
15437,Will Biden pardon Hillary?,who-will-biden-pardon,515446,will-biden-pardon-hillary,Yes,0.04979667988012342,28232.2035,1405.87,5.0%,,,,,,,,,,2026-05-28 01:04:14 UTC,2025-01-04 21:22:58+00:00,2025-01-04 21:22:58 UTC,0x2ec1958a3758e2dd248395ef5b09d9aa9bca1da855b169f602cad3d88fce6350,0xe6fd12e65bb694dcc447092f99fa69970d10658c,True,No,0.0,False,,100,2008.1660110821056,2.0,0.0,-102.0,-1.0
11960,Election certified on January 6?,us-presidential-election-certified-on-january-6,504830,us-presidential-election-certified-on-january-6,No,0.02733964524982915,51375.31,1404.58,2.7%,,,,,,,,,,2026-05-28 01:02:06 UTC,2024-12-30 02:00:52+00:00,2024-12-30 02:00:52 UTC,0xdbef985ab8a8c5bc7a07c731c09f91f1d99ef9444a4b69e0693afc8444dbe398,0xc3c60a0d58566666f2441be7f0263b42e1a3ebef,True,Yes,0.0,False,,100,3657.6919373386863,2.0,0.0,-102.0,-1.0
5821,"Will Donald Trump be President of the USA on September 30, 2023?",will-donald-trump-be-president-of-the-usa-on,249164,will-donald-trump-be-president-of-the-usa-on-september-30-2023,Yes,0.04540540537493645,30833.333332,1400.0,4.5%,164189.61860299998,,1366.51,0.058729,0.06,0.0,0.06,0.008527,23838.308161,2026-05-28 01:01:09 UTC,2023-06-20 13:49:33+00:00,2023-06-20 13:49:33 UTC,0xc20f73c2ecc57a0a655eced98fedee9c5b99c6ed05c20b9bcd7ff5d56c640cc9,0xcf7c3d0c796b2aaaccfd613236431a0ec7cdf2cb,True,No,0.06,False,23333.3333,100,2202.3809538588434,2.0,0.0,-102.0,-1.0
5821,"Will Donald Trump be President of the USA on July 31, 2023?",will-donald-trump-be-president-of-the-usa-on,250822,will-donald-trump-be-president-of-the-usa-on-july-31-2023,Yes,0.016648648637134725,84090.909089,1400.0,1.7%,164189.61860299998,,1366.51,14820.100504,14820.1,0.0,0.1,0.008527,0.094466,2026-05-28 01:01:09 UTC,2023-06-20 13:48:25+00:00,2023-06-20 13:48:25 UTC,0x3c16cd95c607ff02a6be74f63444fbeece09373779b00cc903a9de7ff22886df,0xcf7c3d0c796b2aaaccfd613236431a0ec7cdf2cb,True,No,14820.1,False,0.0945,100,6006.493510647496,2.0,0.0,-102.0,-1.0
11650,JD Vance replaced as Republican VP nominee?,jd-vance-steps-down-as-republican-vp-nominee,503989,jd-vance-steps-down-as-republican-vp-nominee,Yes,0.09343820526840364,14983.164488,1400.0,9.3%,,,,,,,,,,2026-05-28 01:01:53 UTC,2024-08-11 01:08:20+00:00,2024-08-11 01:08:20 UTC,0x293f595cc712b7deaa65d42e3ae8151804db1b0555e80255a3d63b1c657a486a,0x86a23f3d2841fdf28e26f8dd801a7a190564be38,True,No,0.0,False,,100,1070.22603562159,2.0,0.0,-102.0,-1.0
11910,Democrats win popular vote by 5-6%?,popular-vote-margin-of-victory-in-presidential-election,504704,democrats-win-popular-vote-by-5-6,Yes,0.07,20000.0,1400.0,7.0%,,,,,,,,,,2026-05-28 01:02:06 UTC,2024-11-05 04:57:38+00:00,2024-11-05 04:57:38 UTC,0x8e6aaf0354e03fe5999e1c695442e094d7ffae84c746389510f5a019a1ca54ff,0x8714136f9925a568f1d069babd54772009ad4750,True,No,0.0,False,,100,1428.5714285714284,2.0,0.0,-102.0,-1.0
11910,Democrats win popular vote by 5-6%?,popular-vote-margin-of-victory-in-presidential-election,504704,democrats-win-popular-vote-by-5-6,Yes,0.07,20000.0,1400.0,7.0%,,,,,,,,,,2026-05-28 01:02:06 UTC,2024-11-05 04:28:18+00:00,2024-11-05 04:28:18 UTC,0xf7984819a29df439508ec81f28549316319cd323f90ea9b8e4a6f8bf58cea7de,0x8714136f9925a568f1d069babd54772009ad4750,True,No,0.0,False,,100,1428.5714285714284,2.0,0.0,-102.0,-1.0
11910,Democrats win popular vote by 5-6%?,popular-vote-margin-of-victory-in-presidential-election,504704,democrats-win-popular-vote-by-5-6,Yes,0.07,20000.0,1400.0,7.0%,,,,,,,,,,2026-05-28 01:02:06 UTC,2024-11-05 03:37:02+00:00,2024-11-05 03:37:02 UTC,0x23ceb2c9975889aed38cbedd0e66f63c195edb91aee72857c83b67a51980da84,0x8714136f9925a568f1d069babd54772009ad4750,True,No,0.0,False,,100,1428.5714285714284,2.0,0.0,-102.0,-1.0
12089,Trump posts 30-39 times on X?,donald-trump-of-tweets-august-16-23,505270,trump-posts-30-39-times-on-x,Yes,0.067403516776562,20770.4296,1400.0,6.7%,,,,,,,,,,2026-05-28 01:02:20 UTC,2024-08-22 18:15:50+00:00,2024-08-22 18:15:50 UTC,0x50c3e591d9472518953752f815c1a0de0f0ceb633d4ce5a1f0c89f9b75cc4e00,0x8a458670dd167dc112a9ff1241c9a6dd5f424a71,True,No,0.0,False,,100,1483.6021142857142,2.0,0.0,-102.0,-1.0
12327,Will there be a US Government shutdown? ,us-government-shutdown-before-2025,506202,us-government-shutdown-before-2025,No,0.032237723667556104,43427.383845,1400.0,3.2%,,,,,,,,,,2026-05-28 01:02:35 UTC,2024-12-21 14:06:21+00:00,2024-12-21 14:06:21 UTC,0x970646e8ab92673f4bf8a220624771196beb0b394ac72bc58a7a4905829e4d13,0xd9bf4932d0f8f6e1e9f035d604f94754572dd95a,True,Yes,0.0,False,,100,3101.955988928571,2.0,0.0,-102.0,-1.0
15665,Fed decreases interest rates by 25 bps after March 2025 meeting?,fed-decision-in-march,516009,fed-decreases-interest-rates-by-25-bps-after-march-2025-meeting,Yes,0.011291351262486782,123988.703075,1400.0,1.1%,,,,,,,,,,2026-05-28 01:04:18 UTC,2025-03-17 09:18:23+00:00,2025-03-17 09:18:23 UTC,0x12c0117c628965a834d08538630326b2cf763abe315f8eb6ea1cb9bf94ac194e,0x48898de94e70ca0c06c62c57483b3a8d5890e2d8,True,No,0.0,False,,100,8856.335940254525,2.0,0.0,-102.0,-1.0
16108,Russia x Ukraine ceasefire in 2025?,russia-x-ukraine-ceasefire-in-2025,516719,russia-x-ukraine-ceasefire-in-2025,Yes,0.048043766354919325,29140.096733,1400.0,4.8%,,,,,,,,,,2026-05-28 01:04:29 UTC,2025-12-15 16:38:35+00:00,2025-12-15 16:38:35 UTC,0xc6611b1a24040434569c29c1c98132d7c0cc64d3b3d2f66eeec39aa57ca829c7,0x3b5eef69a50ae5a27365aa40ef53a3baadb1e4a4,True,No,0.0,False,,100,2081.435482415311,2.0,0.0,-102.0,-1.0
17088,Russia x Ukraine ceasefire before July?,russia-x-ukraine-ceasefire-before-july,519628,russia-x-ukraine-ceasefire-before-july,Yes,0.08987609937728702,15577.0,1400.0,9.0%,,,,,,,,,,2026-05-28 01:04:53 UTC,2025-06-01 18:09:35+00:00,2025-06-01 18:09:35 UTC,0x643a98047fc8b421b9055455a530df669ab0e389fda2e3ffd10b1680dc597ad2,0x0e59619fa92d71d4f1ee5d9d4271c3d08cadb85a,True,No,0.0,False,,100,1112.642857142857,2.0,0.0,-102.0,-1.0
17140,Fed decreases interest rates by 25 bps after May 2025 meeting?,fed-decision-in-may-2025,519777,fed-decreases-interest-rates-by-25-bps-after-may-2025-meeting,Yes,0.02230856744398812,62756.15875,1400.0,2.2%,,,,,,,,,,2026-05-28 01:04:55 UTC,2025-05-07 16:11:09+00:00,2025-05-07 16:11:09 UTC,0x5812caa1679f119e99db3043cedff65e28a0f652818a50e71c766fa740afde44,0x93b33614739613d8faba18b027da20d5074b6436,True,No,0.0,False,,100,4482.582767857142,2.0,0.0,-102.0,-1.0
17792,Fed decreases interest rates by 25 bps after June 2025 meeting?,fed-decision-in-june,521835,fed-decreases-interest-rates-by-25-bps-after-june-2025-meeting,Yes,0.016600019911712026,84337.248235,1400.0,1.7%,,,,,,,,,,2026-05-28 01:05:07 UTC,2025-06-17 12:08:36+00:00,2025-06-17 12:08:36 UTC,0x57e5ebbb19d9ed4cde94341e8b568f954c09d0e814baa893ad7817b1fc7779d1,0x0c2fefe72d7840667cffcfe7fe6041c74025f472,True,No,0.0,False,,100,6024.089159642857,2.0,0.0,-102.0,-1.0
17792,Fed decreases interest rates by 25 bps after June 2025 meeting?,fed-decision-in-june,521835,fed-decreases-interest-rates-by-25-bps-after-june-2025-meeting,Yes,0.049873822621877666,28070.838075,1400.0,5.0%,,,,,,,,,,2026-05-28 01:05:11 UTC,2025-06-02 00:54:41+00:00,2025-06-02 00:54:41 UTC,0x384390d62ebb9e133c081ec5b498ce722d2b86ae10f51cda98e394ce431d9ee0,0xdfa450b7cfe3fc50a4671f11949095c1d6179350,True,No,0.0,False,,100,2005.0598639321859,2.0,0.0,-102.0,-1.0
15064,South Korean President impeached in 2024?,south-korean-president-impeached-in-2024,514580,south-korean-president-impeached-in-2024,No,0.07371553742212712,18989.48375,1399.82,7.4%,,,,,,,,,,2026-05-28 01:04:09 UTC,2024-12-14 06:46:48+00:00,2024-12-14 06:46:48 UTC,0x4366d618e49dd18094342b7d87972ed3d15582b2c3adc9e5ec00e3cdb1ce8fee,0x687536b734d191f5606cef4d2056973ad0222789,True,Yes,0.0,False,,100,1356.5661120715522,2.0,0.0,-102.0,-1.0
12877,Will Trump be Speaker by January 1?,will-trump-be-speaker-by-january-1,508204,will-trump-be-speaker-by-january-1,Yes,0.025843550263514585,54152.6,1399.5,2.6%,,,,,,,,,,2026-05-28 01:02:51 UTC,2024-12-19 23:50:47+00:00,2024-12-19 23:50:47 UTC,0x8b0496d61893847f1e99dbb5366afb7f72f1100ab1a276d0c27ec2995137d642,0xcf7c3d0c796b2aaaccfd613236431a0ec7cdf2cb,True,No,0.0,False,,100,3869.4374023826763,2.0,0.0,-102.0,-1.0
12795,Israel x Hezbollah Ceasefire in 2024?,israel-x-hezbollah-ceasefire-in-2024,507792,israel-x-hezbollah-ceasefire-in-2024,No,0.016158412924249653,86603.183528,1399.37,1.6%,,,,,,,,,,2026-05-28 01:02:49 UTC,2024-11-30 16:59:16+00:00,2024-11-30 16:59:16 UTC,0x5dfcf89ba36cb505ceb66be5d66308195a406230fdb9d15bc0fd31b413e50b00,0x29a95de5057f5c1c930aca18089047e248835668,True,Yes,0.0,False,,100,6188.726607544824,2.0,0.0,-102.0,-1.0
11143,Will Trump launch a coin before the election?,will-trump-launch-a-coin-before-the-election,502571,will-trump-launch-a-coin-before-the-election,No,0.014208143056060489,98347.827333,1397.34,1.4%,,,,,,,,,,2026-05-28 01:01:31 UTC,2024-10-17 10:00:10+00:00,2024-10-17 10:00:10 UTC,0x26c767a3fa0f9eddcd6d75d22b8fc0130c550227eec288af7d79c65e5c02cbae,0x2e88785d7b32363420da5d2899290a34957a4c93,True,Yes,0.0,False,,100,7038.217422602946,2.0,0.0,-102.0,-1.0
10223,"2024 Balance of Power: R Prez, D Senate, D House",balance-of-power-2024-election,500639,2024-balance-of-power-republican-presidency-democratic-house-and-senate,Yes,0.012328524968230477,113190.24,1395.47,1.2%,,,,,,,,,,2026-05-28 01:01:13 UTC,2024-10-23 12:33:36+00:00,2024-10-23 12:33:36 UTC,0xfdff3bdeda45812121d10f31d468f4aec388f0de051d6c5e26245db7222d37ef,0xb74711992caf6d04fa55eecc46b8efc95311b050,True,No,0.0,False,,100,8111.27042835142,2.0,0.0,-102.0,-1.0
12641,TikTok banned in the US before May 2025?,tiktok-banned-in-the-us-before-may-2025,507276,tiktok-banned-in-the-us-before-may-2025,No,0.038483600795884615,36248.946828,1394.99,3.8%,,,,,,,,,,2026-05-28 01:02:43 UTC,2025-01-19 10:28:31+00:00,2025-01-19 10:28:31 UTC,0xa5da1d5462dad512dd79e069ff27d35f2c619c39f3b72b43fce6da0f18fff698,0x4e9a9d801b785457549d034b47cfc2a775762e51,True,Yes,0.0,False,,100,2598.509441213564,2.0,0.0,-102.0,-1.0
12795,Israel x Hezbollah Ceasefire in 2024?,israel-x-hezbollah-ceasefire-in-2024,507792,israel-x-hezbollah-ceasefire-in-2024,No,0.01173998726021879,118724.913333,1393.83,1.2%,,,,,,,,,,2026-05-28 01:02:49 UTC,2024-12-04 10:11:56+00:00,2024-12-04 10:11:56 UTC,0xbda9ec19bc2405d63a544f9d436a1e6d9189cb022aae20a11248c2d6bb5b9db6,0x81e639365bd144b95a0007dac7b2092092c1beb9,True,Yes,0.0,False,,100,8517.896807167095,2.0,0.0,-102.0,-1.0
11638,Obama endorses Kamala as Dem Nominee?,who-will-endorse-kamala,503965,will-obama-endorse-kamala-as-democratic-nominee,No,0.05445590376648214,25550.765,1391.39,5.4%,,,,,,,,,,2026-05-28 01:01:51 UTC,2024-07-26 00:41:19+00:00,2024-07-26 00:41:19 UTC,0x49b0583ee30c382df16e3f47440e1bb17c3e8da4550047767d0660e5e40cbf6c,0x45e0884673c02cfff7bd5c7659c0aeae3251f68a,True,Yes,0.0,False,,100,1836.3481841899106,2.0,0.0,-102.0,-1.0
10214,Will a Democrat win Arizona US Senate Election?,arizona-us-senate-election-winner,500614,will-a-democrat-win-arizona-us-senate-election,No,0.0715293156627547,19446.26,1390.98,7.2%,,,,,,,,,,2026-05-28 01:01:11 UTC,2024-11-07 21:46:27+00:00,2024-11-07 21:46:27 UTC,0x57314f4b408822485a4d687619697e7ab8affeb61106ccf80c92104df12e3e2b,0x9d84ce0306f8551e02efef1680475fc0f1dc1344,True,Yes,0.0,False,,100,1398.0281940830869,2.0,0.0,-102.0,-1.0
10223,"2024 Balance of Power: D Prez, D Senate, R House",balance-of-power-2024-election,500635,2024-balance-of-power-democratic-presidency-and-senate-republican-house,Yes,0.030871823327044724,45055.0,1390.93,3.1%,,,,,,,,,,2026-05-28 01:01:16 UTC,2024-07-24 08:12:18+00:00,2024-07-24 08:12:18 UTC,0x18c4b9fb4ca31fd92e5dae62e948a99258f796f57e79b2db5201a6731fc8e12c,0x3f82652df61a99232fc67e7e3c0d6e0c212f00b4,True,No,0.0,False,,100,3239.199672161791,2.0,0.0,-102.0,-1.0
16180,"Maduro out by January 31, 2026?",maduro-out-in-2025,916440,maduro-out-by-january-31-2026-318,Yes,0.07427571458946121,18712.71125,1389.9,7.4%,,,,,,,,,,2026-05-28 01:04:28 UTC,2025-12-30 14:52:43+00:00,2025-12-30 14:52:43 UTC,0x0a81bfa0a2589ae101ee77eef8441ca0d7250a0c4fb26877d2fd9a693469b392,0xbf32f7a77ccea8bba647fea63d438ce1778b1762,True,Yes,0.0,True,,100,1346.3350780631702,2.0,1346.3350780631702,1244.3350780631702,12.199363510423236
11887,Tim Walz replaced as Democratic VP nominee?,tim-walz-out-as-democratic-vp-nominee,504598,tim-walz-out-as-democratic-vp-nominee,Yes,0.07545532808752682,18412.881293,1389.35,7.5%,,,,,,,,,,2026-05-28 01:02:11 UTC,2024-08-08 11:52:39+00:00,2024-08-08 11:52:39 UTC,0x1ecb957933f204b5e31a5173b298334b1cd5d347a8d5af6e0945d5d7533f2cc5,0xa8b97b862b95c8c6efcf22cfd6e3bf29558be991,True,No,0.0,False,,100,1325.2874586139471,2.0,0.0,-102.0,-1.0
11322,Will Biden finish his term?,will-biden-complete-his-term-as-president,503013,will-biden-complete-his-term-as-president,No,0.0699999999546495,19845.42857,1389.18,7.0%,,,,,,,,,,2026-05-28 01:01:34 UTC,2024-12-20 07:30:28+00:00,2024-12-20 07:30:28 UTC,0x5df1ac23881fde712a9a20a76728291b36e6bd6f150917172470ea0950b7fc1e,0x8a91d93c3fa5f72e30ffe756c7c0cb410a7dcc42,True,Yes,0.0,False,,100,1428.571429496949,2.0,0.0,-102.0,-1.0
12641,TikTok banned in the US before May 2025?,tiktok-banned-in-the-us-before-may-2025,507276,tiktok-banned-in-the-us-before-may-2025,No,0.02317064069636533,59946.55125,1389.0,2.3%,,,,,,,,,,2026-05-28 01:02:43 UTC,2025-01-19 08:41:01+00:00,2025-01-19 08:41:01 UTC,0xbbeebf236bd1c052934d1d86ed1bba5eaa4f03c2a99e2e6fba865ac0e3c44017,0x08a452f98ec4ffb234a23f81d14b4a10faa06380,True,Yes,0.0,False,,100,4315.806425485962,2.0,0.0,-102.0,-1.0
11889,Harris-Walz Democratic ticket on election day?,harris-walz-final-democratic-ticket,504603,harris-walz-final-democratic-ticket,No,0.085,16326.34,1387.74,8.5%,,,,,,,,,,2026-05-28 01:02:10 UTC,2024-08-17 17:16:12+00:00,2024-08-17 17:16:12 UTC,0xe1d48c289e3b2ac7ec2a01ce363da30e93fc07bdc579b1f49e1c0c37dc2f5076,0x033bf8f7060936e040f37a026b156a1644449165,True,Yes,0.0,False,,100,1176.4705882352941,2.0,0.0,-102.0,-1.0
15665,No change in Fed interest rates after March 2025 meeting?,fed-decision-in-march,516010,no-change-in-fed-interest-rates-after-march-2025-meeting,No,0.05642761783591225,24514.81,1383.31,5.6%,,,,,,,,,,2026-05-28 01:04:20 UTC,2025-02-28 18:21:40+00:00,2025-02-28 18:21:40 UTC,0x9c7e3a128c91a3fa99a4a6004411779bbd5704cedfbde255f0eecdfb5444d947,0x6a9b04663e24b275bf6258a53976eb1a516e4d6c,True,Yes,0.0,False,,100,1772.1818470308872,2.0,0.0,-102.0,-1.0
15586,Will  Alice Weidel be the next Chancellor of Germany?,next-chancellor-of-germany,515796,will-alice-weidel-be-the-next-chancellor-of-germany,Yes,0.07,19714.28,1380.0,7.0%,,,,,,,,,,2026-05-28 01:04:17 UTC,2025-01-05 20:27:23+00:00,2025-01-05 20:27:23 UTC,0xaf4231ba6e9331bc96010cdd59e6a2974ffa08dfef25077f481cf9f164f52ef9,0x2cba0285f917c019e45b5a17b1b33f3f89615850,True,No,0.0,False,,100,1428.5714285714284,2.0,0.0,-102.0,-1.0
17727,Milei out as President of Argentina in 2025?,milei-out-as-president-of-argentina-in-2025,521534,milei-out-as-president-of-argentina-in-2025,Yes,0.099,13900.0,1376.1,9.9%,,,,,,,,,,2026-05-28 01:05:06 UTC,2025-09-26 20:41:11+00:00,2025-09-26 20:41:11 UTC,0x0e590ed32f65a0e85ae009bc3edeac34c204507996d9b8c82466b284f7acb86c,0x1d379e322ef813587a3e13ad79857c45edc7f4a4,True,No,0.0,False,,100,1010.10101010101,2.0,0.0,-102.0,-1.0
10588,Will Tulsi Gabbard win the 2024 Republican VP nomination?,republican-vp-supplemental,501432,will-tulsi-gabbard-win-the-2024-republican-vp-nomination,Yes,0.05609253597488892,24531.0,1376.01,5.6%,,,,,,,,,,2026-05-28 01:01:21 UTC,2024-06-19 22:24:18+00:00,2024-06-19 22:24:18 UTC,0x1f02483d076b4274b819b7231d3174b73b85c484380adbfa996ce8b2fd3d2e4e,0x50bcabfd0fb9665916b6d821c8b427deda7278c2,True,No,0.0,False,,100,1782.7683890913265,2.0,0.0,-102.0,-1.0
10995,Biden drops out by July 4? ,biden-drops-out-after-debate,502223,biden-drops-out-after-debate,Yes,0.04797409094689116,28619.34,1372.99,4.8%,,,,,,,,,,2026-05-28 01:01:30 UTC,2024-07-02 17:04:28+00:00,2024-07-02 17:04:28 UTC,0xc578c42dff80304772946d317b5174c471ff3058c4b48a532673d16f9387e0eb,0x9d84ce0306f8551e02efef1680475fc0f1dc1344,True,No,0.0,False,,100,2084.458465522633,2.0,0.0,-102.0,-1.0
11385,Will Mark Kelly be the 2024 Democratic VP nominee?,democratic-vp-nominee,503228,will-mark-kelly-be-the-2024-democratic-vp-nominee,Yes,0.08073878470588235,17000.0,1372.56,8.1%,,,,,,,,,,2026-05-28 01:01:39 UTC,2024-08-04 23:10:43+00:00,2024-08-04 23:10:43 UTC,0xb4de13f2496aa7dfde0ef2253afa3b04220d5f0223ef7f638368f61e4c2ae873,0xaaf4acafbb7980ce93631d238eb10a5c4ca67883,True,No,0.0,False,,100,1238.5621156459438,2.0,0.0,-102.0,-1.0
11385,Will Andy Beshear be the 2024 Democratic VP nominee?,democratic-vp-nominee,503190,will-andy-beshear-be-the-2024-democratic-vp-nominee,Yes,0.07553160191767234,18147.0,1370.67,7.6%,,,,,,,,,,2026-05-28 01:01:39 UTC,2024-08-03 15:32:55+00:00,2024-08-03 15:32:55 UTC,0xf7a0cb3cce57d40d9186020c1487c2f269770a351f778ec10097686986279d75,0xd352f30eed085d974d01430fc919b1702acd4ad6,True,No,0.0,False,,100,1323.9491479208614,2.0,0.0,-102.0,-1.0
12327,Will there be a US Government shutdown? ,us-government-shutdown-before-2025,506202,us-government-shutdown-before-2025,No,0.018843525508016074,72729.49,1370.48,1.9%,,,,,,,,,,2026-05-28 01:02:35 UTC,2024-12-23 01:19:53+00:00,2024-12-23 01:19:53 UTC,0x098a5de848a709644468a386f6a57eef7e6459b146badcefb6a4169fe5db4e17,0x927b2ac699ce6bd2d6cb970526b7f3e0991f6416,True,Yes,0.0,False,,100,5306.86255910338,2.0,0.0,-102.0,-1.0
14220,Fed decreases interest rates by 25 bps after January 2025 meeting?,fed-interest-rates-january-2025,512323,fed-decreases-interest-rates-by-25-bps-after-january-2025-meeting,Yes,0.015425710134610594,88834.808125,1370.34,1.5%,,,,,,,,,,2026-05-28 01:03:46 UTC,2025-01-25 03:57:51+00:00,2025-01-25 03:57:51 UTC,0x5b64a620e0d442010ef816bd13120d8a17e78edbc141cdfae3da0987cc14403a,0x764adde7cc34ef672ed785eca6d30380a5d546a7,True,No,0.0,False,,100,6482.683722652772,2.0,0.0,-102.0,-1.0
11887,Tim Walz replaced as Democratic VP nominee?,tim-walz-out-as-democratic-vp-nominee,504598,tim-walz-out-as-democratic-vp-nominee,Yes,0.03,45589.46,1367.68,3.0%,,,,,,,,,,2026-05-28 01:02:08 UTC,2024-10-01 13:08:28+00:00,2024-10-01 13:08:28 UTC,0x6c23dce94a3f6e249bffec291347e1543ab4c13fd9c642e9c1ab17ca7d79b636,0x0f50a317131f6d8b1d8494411baef3da11b24861,True,No,0.0,False,,100,3333.3333333333335,2.0,0.0,-102.0,-1.0
14188,Trump ends Ukraine war before inauguration?,trump-ends-ukraine-war-before-inauguration,512205,trump-ends-ukraine-war-before-inauguration,Yes,0.07,19522.33,1366.56,7.0%,,,,,,,,,,2026-05-28 01:03:41 UTC,2024-12-02 14:41:20+00:00,2024-12-02 14:41:20 UTC,0x8e1f7ffe6702bb9712c681b20451590b46c528bd95dd15ab289c28bc6c5c8659,0x6922e43084a5ee01991af7e912ebc7b889be7f8f,True,No,0.0,False,,100,1428.5714285714284,2.0,0.0,-102.0,-1.0
11321,Will Biden announce resignation by July 31?,will-biden-resign-by-july-31,503011,will-biden-resign-by-july-31,Yes,0.042539539558238935,32118.72,1366.32,4.3%,,,,,,,,,,2026-05-28 01:01:36 UTC,2024-07-10 05:23:24+00:00,2024-07-10 05:23:24 UTC,0xab8c3978c87b03e29df23a3b03f8fc16420cb5afcc7a850778c0d748f03f452e,0x9d84ce0306f8551e02efef1680475fc0f1dc1344,True,No,0.0,False,,100,2350.7541698493133,2.0,0.0,-102.0,-1.0
11887,Tim Walz replaced as Democratic VP nominee?,tim-walz-out-as-democratic-vp-nominee,504598,tim-walz-out-as-democratic-vp-nominee,Yes,0.07062957366626438,19326.182053,1365.0,7.1%,,,,,,,,,,2026-05-28 01:02:11 UTC,2024-08-11 23:47:43+00:00,2024-08-11 23:47:43 UTC,0x579395b5fb785d14807ffa84ff524613a920bc93a9f9119ca37e4f5a74ea8a31,0x4769f42ddc613d91092cdba624f3c7d4382c95fd,True,No,0.0,False,,100,1415.8375140775365,2.0,0.0,-102.0,-1.0
11797,Will Kamala Harris drop out in August?,will-kamala-drop-out-in-august,504399,will-kamala-drop-out-in-august,Yes,0.01964887241527999,69451.3136,1364.64,2.0%,,,,,,,,,,2026-05-28 01:01:58 UTC,2024-08-18 07:06:16+00:00,2024-08-18 07:06:16 UTC,0x1b97637df8fa193fa623f3c0d16dbe61857ff19fbffd8ed9c78ebc41c34f0dce,0xa41107886adb1edb5e02c0e7306469a2550e2f46,True,No,0.0,False,,100,5089.350568648142,2.0,0.0,-102.0,-1.0
11322,Will Biden finish his term?,will-biden-complete-his-term-as-president,503013,will-biden-complete-his-term-as-president,No,0.07,19468.36,1362.79,7.0%,,,,,,,,,,2026-05-28 01:01:34 UTC,2024-12-20 10:26:55+00:00,2024-12-20 10:26:55 UTC,0x57b3cee705f97f62a3d24fa119a351e26bc259b57371339348e934a27799e944,0x9e6826719160ea474596a5910e74a1f6b947d03f,True,Yes,0.0,False,,100,1428.5714285714284,2.0,0.0,-102.0,-1.0
16103,Weed rescheduled in 2025?,weed-rescheduled-in-2025,516714,weed-rescheduled-in-2025,Yes,0.051098439720674856,26659.97,1362.28,5.1%,,,,,,,,,,2026-05-28 01:04:25 UTC,2025-12-17 01:04:23+00:00,2025-12-17 01:04:23 UTC,0x4abd1d65962e3cd14bc787638e40f0f5b5ea8745c324707429d5216f203e9eb3,0xd2628f6b3bf98b05b2f246b8bcfa5f47849d8553,True,No,0.0,False,,100,1957.0069173665818,2.0,0.0,-102.0,-1.0
17792,No change in Fed interest rates after June 2025 meeting?,fed-decision-in-june,521836,no-change-in-fed-interest-rates-after-june-2025-meeting,No,0.024,56731.98,1361.57,2.4%,,,,,,,,,,2026-05-28 01:05:09 UTC,2025-06-09 07:47:34+00:00,2025-06-09 07:47:34 UTC,0xd5e0eda81d020196ad9369c0de93b11bc0c1e04da829f6b554cd61962ee76423,0xa0e7dc9e0e5f0aff68dc4e634fcf7bf218b35872,True,Yes,0.0,False,,100,4166.666666666667,2.0,0.0,-102.0,-1.0
11696,No change in Fed interest rates after 2024 September meeting?,fed-interest-rates-september-2024,504071,no-change-in-fed-interest-rates-after-2024-september-meeting,Yes,0.07316353219558927,18590.59,1360.15,7.3%,,,,,,,,,,2026-05-28 01:01:55 UTC,2024-08-20 09:59:53+00:00,2024-08-20 09:59:53 UTC,0xcf3f1f8bc1a5b706d33311701fd6f3026dd3e8b03724867babc01de27f0d9bb0,0xf13d8deb2d7e279c732d06ce97901e28ec5c72fd,True,No,0.0,False,,100,1366.8011507791664,2.0,0.0,-102.0,-1.0
11910,Democrats win popular vote by 5-6%?,popular-vote-margin-of-victory-in-presidential-election,504704,democrats-win-popular-vote-by-5-6,Yes,0.08,17000.0,1360.0,8.0%,,,,,,,,,,2026-05-28 01:02:08 UTC,2024-09-30 23:11:08+00:00,2024-09-30 23:11:08 UTC,0x6841880670124c9b3d32cd46db43ea6c001147d1d45c4ae5665958da7d2654a2,0x8076518e218a01628c5837c84111b4f7b4366114,True,No,0.0,False,,100,1250.0,2.0,0.0,-102.0,-1.0
11385,Will Tim Walz be the 2024 Democratic VP nominee?,democratic-vp-nominee,503191,will-tim-walz-be-the-2024-democratic-vp-nominee,Yes,0.07488376803289684,18114.81,1356.51,7.5%,,,,,,,,,,2026-05-28 01:01:42 UTC,2024-07-27 15:14:10+00:00,2024-07-27 15:14:10 UTC,0xb23e9dd60738a768dfc90d96cf485eded769ba2b6b9fd036039663177b864691,0xe899b5ea69afb161da7a35597b6fe70398860899,True,Yes,0.0,True,,100,1335.4028867253244,2.0,1335.4028867253244,1233.4028867253244,12.092185163973769
16282,"Will Trump deport 250,000-500,000 people?",how-many-people-will-trump-deport-in-2025,517311,will-trump-deport-250000-500000-people,No,0.084,16134.0,1355.26,8.4%,,,,,,,,,,2026-05-28 01:04:34 UTC,2026-02-10 09:03:15+00:00,2026-02-10 09:03:15 UTC,0xf9493760c98673caa74bec958e15bfe04d282d39126072ca093104aa5eb27e65,0xc0d90889c5136826c41c2ee0257936084cb5b513,True,Yes,0.0,False,,100,1190.4761904761904,2.0,0.0,-102.0,-1.0
11798,Will Kamala Harris drop out of presidential race?,will-kamala-drop-out-before-election,504400,will-kamala-drop-out-before-election,Yes,0.07,19347.0,1354.29,7.0%,,,,,,,,,,2026-05-28 01:01:58 UTC,2024-08-08 19:39:18+00:00,2024-08-08 19:39:18 UTC,0x8016e4395bad59a0bf130e23254a2e76df0cb4de84e691cdfaad056eadb09fae,0x1d04d5b13ba31ca6f3b9526ded9cfe43519ced05,True,No,0.0,False,,100,1428.5714285714284,2.0,0.0,-102.0,-1.0
11974,Kamala Harris blowout victory?,kamala-harris-blowout-victory,504898,kamala-harris-blowout-victory,Yes,0.09,15000.0,1350.0,9.0%,,,,,,,,,,2026-05-28 01:02:13 UTC,2024-10-30 22:56:41+00:00,2024-10-30 22:56:41 UTC,0xd88c501a491dcf26af74a6183d694c92c002ab7eb0c1be23b7e46aa98fccca6c,0x48e2c002146e7a104f6b12a1e43c2b747f1d5fd9,True,No,0.0,False,,100,1111.111111111111,2.0,0.0,-102.0,-1.0
16180,Maduro out in 2025?,maduro-out-in-2025,516947,maduro-out-in-2025-411,Yes,0.05,27000.0,1350.0,5.0%,,,,,,,,,,2026-05-28 01:04:29 UTC,2025-12-16 11:12:49+00:00,2025-12-16 11:12:49 UTC,0x9d3fd1b7e68e071bb05d8c0e67b7d254aa2b6580a5d79a47ccda5d9eb8c39b9c,0xa66c20d2dcc15cd2d14766a53295cea11406f291,True,No,0.0,False,,100,2000.0,2.0,0.0,-102.0,-1.0
16108,Russia x Ukraine ceasefire in 2025?,russia-x-ukraine-ceasefire-in-2025,516719,russia-x-ukraine-ceasefire-in-2025,Yes,0.09,15000.0,1350.0,9.0%,,,,,,,,,,2026-05-28 01:04:31 UTC,2025-11-29 02:32:19+00:00,2025-11-29 02:32:19 UTC,0xccce446145bcedcea0377bc928bc476afaf8bc32e399b0d6ec99f0d0c103fd0e,0xff12dd4d972f7720849134c90c22bd7aed6b17a8,True,No,0.0,False,,100,1111.111111111111,2.0,0.0,-102.0,-1.0
11798,Will Kamala Harris drop out of presidential race?,will-kamala-drop-out-before-election,504400,will-kamala-drop-out-before-election,Yes,0.08,16863.87,1349.11,8.0%,,,,,,,,,,2026-05-28 01:01:58 UTC,2024-08-08 14:54:10+00:00,2024-08-08 14:54:10 UTC,0x8354938ce33f53136408ca00a05f67f16c4520faf549676715fae5262c1eccdc,0x10b30364936b03d26b3fd01a63d1f991454b40d4,True,No,0.0,False,,100,1250.0,2.0,0.0,-102.0,-1.0
14874,Will Rafał Trzaskowski be the next President of Poland?,poland-presidential-election,514139,will-rafa-trzaskowski-be-the-next-president-of-poland,Yes,0.04359430280582903,30944.410443,1349.0,4.4%,,,,,,,,,,2026-05-28 01:04:01 UTC,2025-06-01 23:13:05+00:00,2025-06-01 23:13:05 UTC,0x697435aead2957677ef5e90d9583af9d5b5d244774fc208425314b42937789a8,0xc6b2168af016928da10e17209989bbfd2725072b,True,No,0.0,False,,100,2293.877721715254,2.0,0.0,-102.0,-1.0
14199,Will Trump create Bitcoin reserve in first 100 days?,will-trump-create-a-national-bitcoin-reserve-in-his-first-100-days,512250,will-trump-create-a-national-bitcoin-reserve-in-his-first-100-days,Yes,0.08,16850.0,1348.0,8.0%,,,,,,,,,,2026-05-28 01:03:36 UTC,2025-04-26 03:02:39+00:00,2025-04-26 03:02:39 UTC,0x97240350b54e76f31347ad0af58c0a63d383a060733f6b6533166913856513cf,0x78555ead94c805f5a3f0806109fa27967df55c68,True,No,0.0,False,,100,1250.0,2.0,0.0,-102.0,-1.0
17792,No change in Fed interest rates after June 2025 meeting?,fed-decision-in-june,521836,no-change-in-fed-interest-rates-after-june-2025-meeting,No,0.026,51839.68,1347.83,2.6%,,,,,,,,,,2026-05-28 01:05:09 UTC,2025-06-11 20:06:10+00:00,2025-06-11 20:06:10 UTC,0xb02d63045ab7fd0331a92e45618c1a7ade6eaa8fb0dbd42c02084cea372fa850,0xd1dee063c0590d204ec973c323f266c36d475834,True,Yes,0.0,False,,100,3846.153846153846,2.0,0.0,-102.0,-1.0
14162,Trump signs national abortion ban?,trump-signs-national-abortion-ban-in-first-100-days,512128,trump-signs-national-abortion-ban-in-first-100-days,Yes,0.09,14971.13,1347.4,9.0%,,,,,,,,,,2026-05-28 01:03:33 UTC,2024-12-27 10:53:50+00:00,2024-12-27 10:53:50 UTC,0x6bd59d898e324525a02e5ba345560825aa0e9dd699ebca8b1ae0470c3a657627,0xcb59e5caeadaa61fc3648f67ad2fa603f6ec4e58,True,No,0.0,False,,100,1111.111111111111,2.0,0.0,-102.0,-1.0
10656,Will a Democrat win the popular vote and a Republican win the Presidency?,which-party-wins-presidency-popular-vote,501589,will-a-democrat-win-the-popular-vote-and-a-republican-win-the-presidency,Yes,0.08,16805.57,1344.45,8.0%,,,,,,,,,,2026-05-28 01:01:21 UTC,2024-11-06 04:04:05+00:00,2024-11-06 04:04:05 UTC,0x019536445b429b9ad0e7d398e9f3aa8f3cd6fdccf64c70664b4125a7dc965971,0xb532895e91e79422299d365c6bd0367ac35a916b,True,No,0.0,False,,100,1250.0,2.0,0.0,-102.0,-1.0
10170,Will a Republican win New York Presidential Election?,new-york-presidential-election-winner-2024,500515,will-a-republican-win-new-york-presidential-election,Yes,0.034031218789713075,39453.185832,1342.64,3.4%,,,,,,,,,,2026-05-28 01:01:16 UTC,2024-09-25 16:00:32+00:00,2024-09-25 16:00:32 UTC,0x828656b37d61f83db8fb0bc615314ef920cf4a9265b36bb88fdc7acf4901b3e7,0x2cd9a466e114adea4549b6952d109b131733f05e,True,No,0.0,False,,100,2938.4783606465458,2.0,0.0,-102.0,-1.0
11637,Will Trump and Harris debate before election?,trump-x-kamala-debate-before-election,503970,trump-x-kamala-debate-before-election,No,0.029171009782608694,46000.0,1341.87,2.9%,,,,,,,,,,2026-05-28 01:01:51 UTC,2024-09-06 08:07:05+00:00,2024-09-06 08:07:05 UTC,0xca1e65dd3a80acd2c6806c81b02e79ac4a6826d2523171d2988bed0ae76f827d,0xb3a7248f8587bd09ad2860494332e35303d8e661,True,Yes,0.0,False,,100,3428.060966871927,2.0,0.0,-102.0,-1.0
12641,TikTok banned in the US before May 2025?,tiktok-banned-in-the-us-before-may-2025,507276,tiktok-banned-in-the-us-before-may-2025,No,0.019335500234228753,69390.4985,1341.7,1.9%,,,,,,,,,,2026-05-28 01:02:43 UTC,2025-01-20 05:17:57+00:00,2025-01-20 05:17:57 UTC,0xe8c8b8bf249a35bbae1a0edfeb48564bd3b6700ab45929b5525c7754c0d49dc9,0x8fcae1e33b69988f0a725324024832b29c93ed37,True,Yes,0.0,False,,100,5171.834128344638,2.0,0.0,-102.0,-1.0
11696,No change in Fed interest rates after 2024 September meeting?,fed-interest-rates-september-2024,504071,no-change-in-fed-interest-rates-after-2024-september-meeting,Yes,0.016759628504831998,80013.706665,1341.0,1.7%,,,,,,,,,,2026-05-28 01:01:54 UTC,2024-09-16 22:27:54+00:00,2024-09-16 22:27:54 UTC,0x0423664e3784dd79735ef8f6d19e131d327273c14cd6fd21cd6b18ef953af8c1,0x2373809dadc2c73d05038df89e9399560f445b7f,True,No,0.0,False,,100,5966.719367984131,2.0,0.0,-102.0,-1.0
17792,No change in Fed interest rates after June 2025 meeting?,fed-decision-in-june,521836,no-change-in-fed-interest-rates-after-june-2025-meeting,No,0.03655378435616129,36659.131841,1340.03,3.7%,,,,,,,,,,2026-05-28 01:05:11 UTC,2025-06-05 12:49:15+00:00,2025-06-05 12:49:15 UTC,0x9edaa7fd27cd23b80ab54da86a55c8b311df0e2b7831aab3505afdd31d534d6c,0x9921df381f775ccbf505da9a7df56b1e74596258,True,Yes,0.0,False,,100,2735.6948606374485,2.0,0.0,-102.0,-1.0
11637,Will Trump and Harris debate before election?,trump-x-kamala-debate-before-election,503970,trump-x-kamala-debate-before-election,No,0.048,27900.96,1339.25,4.8%,,,,,,,,,,2026-05-28 01:01:51 UTC,2024-08-26 02:29:26+00:00,2024-08-26 02:29:26 UTC,0x5044222c3f885227f5bb4d4652f59d13c4313b61341ecda44723aa3fe2c727f6,0xf8ba34bf0e95d952d05b578bfbc0833f9242a286,True,Yes,0.0,False,,100,2083.3333333333335,2.0,0.0,-102.0,-1.0
16180,"Maduro out by November 30, 2025?",maduro-out-in-2025,663849,maduro-out-by-november-30-2025,Yes,0.07305107637591471,18332.35,1339.2,7.3%,,,,,,,,,,2026-05-28 01:04:33 UTC,2025-11-05 16:36:17+00:00,2025-11-05 16:36:17 UTC,0x29e527699d5d2cd106fb7a8a1eaec5017b4559fd84a01dbd63eb9b3037364b37,0xae0d7b437f018627c73316048000860034a9b73d,True,No,0.0,False,,100,1368.9052230443313,2.0,0.0,-102.0,-1.0
10223,"2024 Balance of Power: D Prez, R Senate, R House",balance-of-power-2024-election,500638,2024-balance-of-power-democratic-presidency-republican-house-and-senate,Yes,0.066959385,20000.0,1339.19,6.7%,,,,,,,,,,2026-05-28 01:01:13 UTC,2024-11-05 21:31:26+00:00,2024-11-05 21:31:26 UTC,0xedf9b85ba88b029cd0df311fa16afd118d3e17968a29be6ede5ddd3471f6177f,0x30e443872ddf63b2908a49f92cd690c304a55102,True,No,0.0,False,,100,1493.4426294387263,2.0,0.0,-102.0,-1.0
15437,Will Biden pardon SBF?,who-will-biden-pardon,500502,will-biden-pardon-sbf-this-term,Yes,0.034,39375.08,1338.75,3.4%,,,,,,,,,,2026-05-28 01:04:13 UTC,2025-01-13 03:26:29+00:00,2025-01-13 03:26:29 UTC,0x280a5160e3650f5bfbce69cb9863a9fce98d75121e9fa40715da211d29a2ff41,0x6701e88dff07a0f053cfb98ef54e154f8839575c,True,No,0.0,False,,100,2941.176470588235,2.0,0.0,-102.0,-1.0
16589,Will the Liberal–National Coalition win the most seats in the next Australian parliamentary election?,australia-parliamentary-election-winner,518332,will-the-liberalnational-coalition-win-the-most-seats-in-the-next-australian-parliamentary-election,Yes,0.048279138689127324,27726.11,1338.59,4.8%,,,,,,,,,,2026-05-28 01:04:44 UTC,2025-05-01 21:50:08+00:00,2025-05-01 21:50:08 UTC,0x72f32436501a455f775c012b95ab24ebc737805401606b4a62d565b3ba5ed3b3,0x767816781ed31e7eda8656a2adc14a1a9a48e5f0,True,No,0.0,False,,100,2071.287987217561,2.0,0.0,-102.0,-1.0
17140,Fed decreases interest rates by 50+ bps after May 2025 meeting?,fed-decision-in-may-2025,519776,fed-decreases-interest-rates-by-50-bps-after-may-2025-meeting,Yes,0.05,26721.6,1336.08,5.0%,,,,,,,,,,2026-05-28 01:04:57 UTC,2025-04-11 01:08:43+00:00,2025-04-11 01:08:43 UTC,0x4e97bdc034527a28c8287a515719bf9e36af55fa88fe31ec60a5d06f1ec144ab,0xa9ee0279edee743ed85fb293c079994a24635a28,True,No,0.0,False,,100,2000.0,2.0,0.0,-102.0,-1.0
10223,"2024 Balance of Power: D Prez, D Senate, R House",balance-of-power-2024-election,500635,2024-balance-of-power-democratic-presidency-and-senate-republican-house,Yes,0.017,78557.08,1335.47,1.7%,,,,,,,,,,2026-05-28 01:01:13 UTC,2024-11-01 20:40:39+00:00,2024-11-01 20:40:39 UTC,0x2ab0a1f83e4ae15a318b11b5da8ff46fe07d6a65452f759780750cea48fd63ff,0xd42f6a1634a3707e27cbae14ca966068e5d1047d,True,No,0.0,False,,100,5882.35294117647,2.0,0.0,-102.0,-1.0
10656,Will a Republican win the popular vote and a Democrat win the Presidency?,which-party-wins-presidency-popular-vote,501588,will-a-republican-win-the-popular-vote-and-a-democrat-win-the-presidency,Yes,0.02408099251324858,55428.58,1334.78,2.4%,,,,,,,,,,2026-05-28 01:01:23 UTC,2024-10-25 11:41:37+00:00,2024-10-25 11:41:37 UTC,0x4fc2fe64db1400878495af00a23b4dc75fc87b18934155eaf6aedd426269520d,0xb367ff6041204e97a80ca68e6cd39e26f8a93f7c,True,No,0.0,False,,100,4152.652759016608,2.0,0.0,-102.0,-1.0
11960,Election certified on January 6?,us-presidential-election-certified-on-january-6,504830,us-presidential-election-certified-on-january-6,No,0.05459503869555334,24414.95,1332.94,5.5%,,,,,,,,,,2026-05-28 01:02:06 UTC,2024-12-27 01:58:07+00:00,2024-12-27 01:58:07 UTC,0x96ef8344ffa89cd4e87c9ee22021a4325ba84b5e23e73868f075314ebe606525,0xc3c60a0d58566666f2441be7f0263b42e1a3ebef,True,Yes,0.0,False,,100,1831.668268570067,2.0,0.0,-102.0,-1.0
10656,Will a Republican win the popular vote and a Democrat win the Presidency?,which-party-wins-presidency-popular-vote,501588,will-a-republican-win-the-popular-vote-and-a-democrat-win-the-presidency,Yes,0.02719342453505957,48944.98,1330.98,2.7%,,,,,,,,,,2026-05-28 01:01:21 UTC,2024-11-06 00:19:01+00:00,2024-11-06 00:19:01 UTC,0x7269507084c413c26448a4c460a3a362a8ceb0365f21519deb3ace6fb5ba9681,0x5fad92854594fe545456ccffd92749e65d241d0a,True,No,0.0,False,,100,3677.3595716520863,2.0,0.0,-102.0,-1.0
15725,Will Trump acquire Greenland before July?,will-the-us-acquire-greenland-before-july,516184,will-the-us-acquire-greenland-before-july,Yes,0.0664467765,20000.0,1328.94,6.6%,,,,,,,,,,2026-05-28 01:04:24 UTC,2025-01-09 01:53:20+00:00,2025-01-09 01:53:20 UTC,0xaec7c79d51fa01d4c2815c3450087c82a355dd24bcdfd209ed1263ac2d599892,0xe1e7036279433715711a65fc3254a8af558c5fb6,True,No,0.0,False,,100,1504.9639014467466,2.0,0.0,-102.0,-1.0
13792,Another Iran strike on Israel in 2024?,another-iran-strike-on-israel-in-2024,511042,another-iran-strike-on-israel-in-2024,Yes,0.07942087704283132,16731.68,1328.84,7.9%,,,,,,,,,,2026-05-28 01:03:12 UTC,2024-12-03 13:20:13+00:00,2024-12-03 13:20:13 UTC,0xae874bc83dcdf833b1ac530b1c06514be38f501f4cc072215d9fb642eda77bdc,0x2370d48501dbbe1974b6cf228e77d459f4870e10,True,No,0.0,False,,100,1259.114778423694,2.0,0.0,-102.0,-1.0
12641,TikTok banned in the US before May 2025?,tiktok-banned-in-the-us-before-may-2025,507276,tiktok-banned-in-the-us-before-may-2025,No,0.04357273001745888,30471.6,1327.73,4.4%,,,,,,,,,,2026-05-28 01:02:43 UTC,2025-01-19 17:29:12+00:00,2025-01-19 17:29:12 UTC,0x62bff342b03c8b41509bafef6c4d5d789c823c73e7ed4e3b33c67723155b2f1d,0x0027afe19cdef13568f5cdd43ebe67b5b5516e97,True,Yes,0.0,False,,100,2295.013416876373,2.0,0.0,-102.0,-1.0
15619,Will AfD win the second most seats in the next German election?,which-party-wins-2nd-most-seats-in-german-election,515862,will-afd-win-the-second-most-seats-in-the-next-german-election,No,0.05,26552.42,1327.62,5.0%,0.0,0.0,0.0,,,,,,,2026-05-28 01:04:23 UTC,2025-02-17 16:36:47+00:00,2025-02-17 16:36:47 UTC,0xa20a4bd1effadf324ae46a05fcbdf0991563bcf7a15395aa7014eebc6e9c7bdb,0xbf5bf2730e1d679eb9d6ee37ef48d03959e823ca,True,Yes,0.0,False,,100,2000.0,2.0,0.0,-102.0,-1.0
14182,Will Trump end Department of Education in first 100 days?,trump-ends-department-of-education-in-first-100-days,512172,trump-ends-department-of-education-in-first-100-days,Yes,0.08674441803766636,15303.31,1327.48,8.7%,,,,,,,,,,2026-05-28 01:03:39 UTC,2025-02-02 21:36:35+00:00,2025-02-02 21:36:35 UTC,0x76a030eeacaba3f905de02283ead31441ea77f912c52d510157ca9140c8f5042,0x889e7f0464c72eb8cda1525ebc12b6aaba9d09e0,True,No,0.0,False,,100,1152.8119302913274,2.0,0.0,-102.0,-1.0
11322,Will Biden finish his term?,will-biden-complete-his-term-as-president,503013,will-biden-complete-his-term-as-president,No,0.025,53083.99,1327.1,2.5%,,,,,,,,,,2026-05-28 01:01:34 UTC,2024-12-28 06:55:16+00:00,2024-12-28 06:55:16 UTC,0xf0139bf97de728d2e6ce49927300a1f0e9c87b5c0c6d0a3382118e9638b2dd9f,0xd2980fd36f3da2baa0760153f7b32be0ee0b42ae,True,Yes,0.0,False,,100,4000.0,2.0,0.0,-102.0,-1.0
10223,"2024 Balance of Power: R Prez, R Senate, D House",balance-of-power-2024-election,500637,2024-balance-of-power-republican-presidency-and-senate-democratic-house,Yes,0.09977246280113945,13294.09,1326.38,10.0%,,,,,,,,,,2026-05-28 01:01:11 UTC,2024-11-06 03:36:09+00:00,2024-11-06 03:36:09 UTC,0x3736468694d3a2b3fae5f0791265badc04e8cd3d213feb6235420a3148f11041,0x030a01fff8762c0747b6dbc589b28ee6cea8acfc,True,No,0.0,False,,100,1002.2805611134814,2.0,0.0,-102.0,-1.0
16180,Maduro out in 2025?,maduro-out-in-2025,516947,maduro-out-in-2025-411,Yes,0.07717270029673591,17187.0,1326.37,7.7%,,,,,,,,,,2026-05-28 01:04:29 UTC,2025-12-09 15:59:56+00:00,2025-12-09 15:59:56 UTC,0xcdb28acc5e70b68330a610412a4e7bdc32d93c6affc4c20fcb2ef48b32738a7b,0xae0d7b437f018627c73316048000860034a9b73d,True,No,0.0,False,,100,1295.7950106124456,2.0,0.0,-102.0,-1.0
17792,No change in Fed interest rates after June 2025 meeting?,fed-decision-in-june,521836,no-change-in-fed-interest-rates-after-june-2025-meeting,No,0.021047937500574772,62999.046817,1326.0,2.1%,,,,,,,,,,2026-05-28 01:05:11 UTC,2025-06-07 07:56:16+00:00,2025-06-07 07:56:16 UTC,0x5aac975c5ec93ff0ec56a47ceced6fdf5c65d89876f4d38a9eaf9c40115bcc07,0x2a21da2e20fa5b69381d7d44bd73f879c1aefb6c,True,Yes,0.0,False,,100,4751.059337631976,2.0,0.0,-102.0,-1.0
12641,TikTok banned in the US before May 2025?,tiktok-banned-in-the-us-before-may-2025,507276,tiktok-banned-in-the-us-before-may-2025,No,0.011572476206357495,114506.176152,1325.12,1.2%,,,,,,,,,,2026-05-28 01:02:43 UTC,2025-01-20 03:25:18+00:00,2025-01-20 03:25:18 UTC,0x08dfe3fc8a0ac1780e7e99c5cd23ad6afdc3c9f7fbcd0edf5a6a6f371b0360ff,0x6fcb423d405bee35c9a5dedf649a7e1bf872e907,True,Yes,0.0,False,,100,8641.192966554872,2.0,0.0,-102.0,-1.0
11385,Will Tim Walz be the 2024 Democratic VP nominee?,democratic-vp-nominee,503191,will-tim-walz-be-the-2024-democratic-vp-nominee,Yes,0.05743349155775191,23068.5,1324.9,5.7%,,,,,,,,,,2026-05-28 01:01:40 UTC,2024-08-02 16:58:54+00:00,2024-08-02 16:58:54 UTC,0x18468606e64a3d4f77e4a6ffa880c9fa32fb4ba614081209fdd622cc134a1e35,0xe5c8026239919339b988fdb150a7ef4ea196d3e7,True,Yes,0.0,True,,100,1741.1443617256944,2.0,1741.1443617256944,1639.1443617256944,16.070042762016612
11565,Biden resigns from presidency by August 31?,will-biden-announce-resignation-by-august-31,503656,will-biden-announce-resignation-by-august-31,Yes,0.0278432551714844,47491.2,1322.31,2.8%,,,,,,,,,,2026-05-28 01:01:49 UTC,2024-08-19 20:25:23+00:00,2024-08-19 20:25:23 UTC,0xe014955e3d8d87d37740a520a9bb054fefb8e917763fb53f11df8680eae5bb20,0x9c1e644f3ebcf4b14228d201de1edfe4c6911a20,True,No,0.0,False,,100,3591.534085512198,2.0,0.0,-102.0,-1.0
10717,Will Republicans have 56 or more seats in Senate after election?,of-republican-senate-seats-after-election,501701,will-republicans-have-56-or-more-seats-in-senate-after-election,Yes,0.07360929542258082,17961.0468,1322.1,7.4%,,,,,,,,,,2026-05-28 01:01:26 UTC,2024-10-22 15:04:28+00:00,2024-10-22 15:04:28 UTC,0x1ee6da47b65abef00703245c602e96a7004b9735d20282d40cf6f7cad6621984,0x84d53c4d2cee9a19c6015e2866b5cd2d409c682b,True,No,0.0,False,,100,1358.5240753346948,2.0,0.0,-102.0,-1.0
12681,Will Israel invade Lebanon in September?,will-israel-invade-lebanon-in-september,507417,will-israel-invade-lebanon-in-september,Yes,0.088,15000.0,1320.0,8.8%,,,,,,,,,,2026-05-28 01:02:46 UTC,2024-10-03 05:49:16+00:00,2024-10-03 05:49:16 UTC,0x69b17f0fdbab7b3ccaa531210834e8b6d53691f4c5325f87279824730a5183cc,0x86a23f3d2841fdf28e26f8dd801a7a190564be38,True,No,0.0,False,,100,1136.3636363636365,2.0,0.0,-102.0,-1.0
11385,Will another man be the 2024 Democratic VP nominee?,democratic-vp-nominee,504033,will-another-man-be-the-2024-democratic-vp-nominee,Yes,0.09877095328345205,13359.72,1319.55,9.9%,,,,,,,,,,2026-05-28 01:01:42 UTC,2024-07-24 22:49:11+00:00,2024-07-24 22:49:11 UTC,0xfa03c4f8e3aaf28626ab673773c09dd52e99228fe6fe60f435142eb1c812f2f5,0x4769f42ddc613d91092cdba624f3c7d4382c95fd,True,No,0.0,False,,100,1012.4434023940302,2.0,0.0,-102.0,-1.0
11321,Will Biden announce resignation by July 31?,will-biden-resign-by-july-31,503011,will-biden-resign-by-july-31,Yes,0.09120065279352639,14444.633439,1317.36,9.1%,,,,,,,,,,2026-05-28 01:01:36 UTC,2024-07-11 21:47:30+00:00,2024-07-11 21:47:30 UTC,0xd8c4c0f39c83a7e353ffd608f6f8712f4654ab09e9dfc55b90080d3e96962549,0xff11dce4cdb9280d198a27ae1c178533650d3690,True,No,0.0,False,,100,1096.4833796353946,2.0,0.0,-102.0,-1.0
11385,Will Hillary Clinton be the 2024 Democratic VP nominee?,democratic-vp-nominee,503188,will-hillary-clinton-be-the-2024-democratic-vp-nominee,Yes,0.04777630383427221,27515.0,1314.56,4.8%,,,,,,,,,,2026-05-28 01:01:42 UTC,2024-07-24 11:23:30+00:00,2024-07-24 11:23:30 UTC,0xe299cf444160e5dc85a0db9e8ef2b189727c3cbf333054b4468e28653faf98b8,0xc2a445b6c89c124cb3b4859110dec4aba7a439dc,True,No,0.0,False,,100,2093.0878275323016,2.0,0.0,-102.0,-1.0
11599,Will Michelle Obama be the Democratic Presidential Nominee?,democratic-presidential-nominee,503849,will-michelle-obama-be-the-democratic-presidential-nomination,Yes,0.04852140844643555,27055.91,1312.79,4.9%,,,,,,,,,,2026-05-28 01:01:51 UTC,2024-07-24 19:35:57+00:00,2024-07-24 19:35:57 UTC,0xf416c351d3e3c206746737e3bf9ef21e709c11b0014b4d9781d03044d5431157,0x1a90080d404eccb81324c2ed6adebe25964f9bd2,True,No,0.0,False,,100,2060.9459453427335,2.0,0.0,-102.0,-1.0
13794,Will Russia capture Pokrovsk in 2024?,will-russia-capture-pokrovsk-in-2024,511044,will-russia-capture-pokrovsk-in-2024,Yes,0.06999999995141558,18730.285713,1311.12,7.0%,,,,,,,,,,2026-05-28 01:03:12 UTC,2024-12-13 17:01:17+00:00,2024-12-13 17:01:17 UTC,0xc0cfe3d6816ef9142d0f9aafa6398374ba8970e54dd198815e27a6f7456c3642,0x6c54dfd1d17ccb83c6e887e69908a5258b9b99be,True,No,0.0,False,,100,1428.5714295629473,2.0,0.0,-102.0,-1.0
12578,"Will Trump say ""Border"" during the X space?",what-will-trump-say-during-x-space,507051,will-trump-say-border-during-the-x-space,No,0.026462689227061825,49503.661089,1310.0,2.6%,,,,,,,,,,2026-05-28 01:02:40 UTC,2024-09-17 00:39:36+00:00,2024-09-17 00:39:36 UTC,0x54df0f1073544a7a4bc72b06715558bd609d5938ad7d1fc47cdc196f13aaf4f9,0xe50d01cd401a461d8c0a5ba573fe268aec08a36b,True,Yes,0.0,False,,100,3778.905429525882,2.0,0.0,-102.0,-1.0
15394,Will the U.S. recognize Syrian government by March 31?,who-will-recognize-syrian-government-by-march-31,515427,will-the-us-recognize-syrian-government-by-march-31,Yes,0.07209341367331965,18167.79,1309.78,7.2%,,,,,,,,,,2026-05-28 01:04:13 UTC,2025-03-29 06:15:03+00:00,2025-03-29 06:15:03 UTC,0x0b7a8bc9bee9fce1ed95df348d19c522a71c0574dc9b8c73a2da17701d52f3b6,0x551e72eda42a5ab39d6d78239a1d9bbb5db6b0e0,True,No,0.0,False,,100,1387.0892624551643,2.0,0.0,-102.0,-1.0
16258,Starmer out before July?,starmer-out-before-july,517227,starmer-out-before-july,Yes,0.09750685145742415,13427.8,1309.3,9.8%,,,,,,,,,,2026-05-28 01:04:35 UTC,2025-02-02 12:20:58+00:00,2025-02-02 12:20:58 UTC,0x6ac4ea6ed8bd11f95734951f8db7f054066c5f4d5fb5a56103f9020dcdaf55fd,0xc3c3b3ef304ddbea39fa2246e683a71da5d0eec8,True,No,0.0,False,,100,1025.568957517457,2.0,0.0,-102.0,-1.0
10397,Mike Johnson out as Speaker before June?,mike-johnson-out-as-speaker-before-june,501029,mike-johnson-out-as-speaker-before-june,Yes,0.054464105662264076,24001.0,1307.19,5.4%,,,,,,,,,,2026-05-28 01:01:19 UTC,2024-05-08 21:20:42+00:00,2024-05-08 21:20:42 UTC,0x31744d9cbe83c60c81b10299fef2ed93b4500da54e5cba51de1199917d332c79,0x8e5a5d37a354f4e05badd0d9e91b519774e44ef5,True,No,0.0,False,,100,1836.0716435905026,2.0,0.0,-102.0,-1.0
17792,Fed decreases interest rates by 50+ bps after June 2025 meeting?,fed-decision-in-june,521834,fed-decreases-interest-rates-by-50-bps-after-june-2025-meeting,Yes,0.056844920334996114,22992.028,1306.98,5.7%,,,,,,,,,,2026-05-28 01:05:12 UTC,2025-03-18 14:03:30+00:00,2025-03-18 14:03:30 UTC,0x077519998e8f035b9b635f87f740d16f06ffa92b615db254dc7a9a14f5aaa313,0xd150233168ec46f01f2a032d4ef6a4c28509264f,True,No,0.0,False,,100,1759.172137293608,2.0,0.0,-102.0,-1.0
5853,[Single Market] Will Gavin Newsom win the U.S. 2024 Democratic presidential nomination?,who-will-win-the-us-2024-democratic-presidential-nomination,246667,will-gavin-newsom-win-the-us-2024-democratic-presidential-nomination,Yes,0.08,16327.5,1306.2,8.0%,,,2433.88084,,,,46.814468,,27.901631,2026-05-28 01:01:09 UTC,2024-06-28 03:18:48+00:00,2024-06-28 03:18:48 UTC,0x556cc0b254454546c389f799a49d388efc978ba3866b88c16472943b134ac948,0x7d90e1b9ee9427bf90de177157e3df53186a5572,True,No,0.0,False,,100,1250.0,2.0,0.0,-102.0,-1.0
15437,Will Biden pardon SBF?,who-will-biden-pardon,500502,will-biden-pardon-sbf-this-term,Yes,0.08958008776497044,14577.57,1305.86,9.0%,,,,,,,,,,2026-05-28 01:04:14 UTC,2024-12-24 18:46:09+00:00,2024-12-24 18:46:09 UTC,0xf146fa11e12f5980d23e6d7f317bd643c7c23cdd75b8424bf9a7735ca11f72e3,0x3c5233d797c37024c3dd7389394cf3b86084e19d,True,No,0.0,False,,100,1116.3195135772594,2.0,0.0,-102.0,-1.0
17140,Fed decreases interest rates by 25 bps after May 2025 meeting?,fed-decision-in-may-2025,519777,fed-decreases-interest-rates-by-25-bps-after-may-2025-meeting,Yes,0.09,14500.0,1305.0,9.0%,,,,,,,,,,2026-05-28 01:04:56 UTC,2025-04-21 22:35:56+00:00,2025-04-21 22:35:56 UTC,0x31f6a1d1c3333b089c6462e5251e65d795af7264e6332f729f7c09f0aa5fe894,0x3b5d93e768e79c0974ac0f7d210237988120cc80,True,No,0.0,False,,100,1111.111111111111,2.0,0.0,-102.0,-1.0
16103,Weed rescheduled in 2025?,weed-rescheduled-in-2025,516714,weed-rescheduled-in-2025,Yes,0.06700808684503547,19452.58,1303.48,6.7%,,,,,,,,,,2026-05-28 01:04:25 UTC,2025-12-17 10:21:56+00:00,2025-12-17 10:21:56 UTC,0x9fd48f39f38b794ab93736157dd79a7557f2d3fe3c6233e7d24c0cd75d02ccc5,0xd2628f6b3bf98b05b2f246b8bcfa5f47849d8553,True,No,0.0,False,,100,1492.3571871446268,2.0,0.0,-102.0,-1.0
11385,Will Tim Walz be the 2024 Democratic VP nominee?,democratic-vp-nominee,503191,will-tim-walz-be-the-2024-democratic-vp-nominee,Yes,0.09894926354583294,13167.8595,1302.95,9.9%,,,,,,,,,,2026-05-28 01:01:42 UTC,2024-07-23 14:30:43+00:00,2024-07-23 14:30:43 UTC,0x72706ee0e212bdae6cc1d2aa60bce37872653071a0edd787ea4b1fc9f7268c92,0xa2c5a99c373a7a722a211ea021a254f1ddf870d9,True,Yes,0.0,True,,100,1010.6189416324494,2.0,1010.6189416324494,908.6189416324494,8.908028839533818
10842,Trump sentenced to 48 or more months prison time?,trump-sentenced-to-how-much-prison-time,501963,trump-sentenced-to-48-or-more-months-prison-time,Yes,0.02482676352668707,52362.846152,1300.0,2.5%,,,,,,,,,,2026-05-28 01:01:27 UTC,2024-06-03 14:47:44+00:00,2024-06-03 14:47:44 UTC,0xe111bb04daaef3ff18346aca4c10537e82b3392b2beccadc104355e95edcea38,0x46483a45de96eacaf31430c3ed97e0b6a30b5361,True,No,0.0,False,,100,4027.9112455599316,2.0,0.0,-102.0,-1.0
11827,Fed decreases interest rates by 50 bps after November 2024 meeting?,fed-interest-rates-november-2024,504491,fed-decreases-interest-rates-by-50-bps-after-november-2024-meeting,Yes,0.05,26000.0,1300.0,5.0%,,,,,,,,,,2026-05-28 01:02:04 UTC,2024-10-17 11:21:58+00:00,2024-10-17 11:21:58 UTC,0xdeda63430ed77d7fbb1f005904c9243db75241b7582324d3b6333d0c4d37cb7b,0x6596207989c0be94cd070f17b08c4d9660df4e48,True,No,0.0,False,,100,2000.0,2.0,0.0,-102.0,-1.0
11906,Kamala Harris replaced as nominee at DNC?,kamala-swap-at-dnc,504653,kamala-swap-at-dnc,Yes,0.013,100000.0,1300.0,1.3%,,,,,,,,,,2026-05-28 01:02:10 UTC,2024-08-18 17:20:00+00:00,2024-08-18 17:20:00 UTC,0xf41dbc2ddf48633d4c192d8d6a500cde8eeae512a28df2392620ccceb7ea2346,0x9c1e644f3ebcf4b14228d201de1edfe4c6911a20,True,No,0.0,False,,100,7692.307692307692,2.0,0.0,-102.0,-1.0
12355,"Will Kamala say ""DEI"" at debate?",what-will-kamala-say-at-the-debate,506278,will-kamala-say-dei-at-debate,Yes,0.06980114526229089,18624.33625,1300.0,7.0%,,,,,,,,,,2026-05-28 01:02:36 UTC,2024-09-10 22:07:44+00:00,2024-09-10 22:07:44 UTC,0xf7c30b2c2c0ce994ad35a2a225943cc3f0002e2fd691c823916006463b7b8323,0x430629fdd3cdef150348965ec8108a7316756cd3,True,No,0.0,False,,100,1432.64125,2.0,0.0,-102.0,-1.0
15665,Fed decreases interest rates by 25 bps after March 2025 meeting?,fed-decision-in-march,516009,fed-decreases-interest-rates-by-25-bps-after-march-2025-meeting,Yes,0.01536027183993179,84633.918823,1300.0,1.5%,,,,,,,,,,2026-05-28 01:04:18 UTC,2025-03-15 11:57:03+00:00,2025-03-15 11:57:03 UTC,0x4b0a17dc1aa5410f5f36efa298a413af6ac15f79a1d9534f76e22ebbe8084293,0xda85601b3f022cdbf858961037955348a0585e72,True,No,0.0,False,,100,6510.301447923077,2.0,0.0,-102.0,-1.0
16180,Maduro out in 2025?,maduro-out-in-2025,516947,maduro-out-in-2025-411,Yes,0.03188923760165987,40766.104704,1300.0,3.2%,,,,,,,,,,2026-05-28 01:04:28 UTC,2025-12-25 09:28:15+00:00,2025-12-25 09:28:15 UTC,0x0b2325423dc35f805a1c3dca7446313d0fb631313a25d7cb6aea6b6cfad80754,0x5ec284748d0abdc6aa3eadb108ba2dbaa88f2482,True,No,0.0,False,,100,3135.8542104121952,2.0,0.0,-102.0,-1.0
16108,Russia x Ukraine ceasefire in 2025?,russia-x-ukraine-ceasefire-in-2025,516719,russia-x-ukraine-ceasefire-in-2025,Yes,0.029390075208725663,44232.619031,1300.0,2.9%,,,,,,,,,,2026-05-28 01:04:29 UTC,2025-12-14 19:52:09+00:00,2025-12-14 19:52:09 UTC,0x317cdaa4691d05faefe17196999f62fc62c8a9185c4f8e2580894d06c8d6114a,0xc95505b2aec7d423f6c148ed50944632bf639ffc,True,No,0.0,False,,100,3402.509156230769,2.0,0.0,-102.0,-1.0
15586,Will  Alice Weidel be the next Chancellor of Germany?,next-chancellor-of-germany,515796,will-alice-weidel-be-the-next-chancellor-of-germany,Yes,0.053924793942466326,24102.271033,1299.71,5.4%,,,,,,,,,,2026-05-28 01:04:16 UTC,2025-01-31 20:59:52+00:00,2025-01-31 20:59:52 UTC,0xcfe59a59d5014bc039e48281db68ffbdd131ef73218300e77dd45edf5714043b,0x85e806939830d5ccf54e4946b76b883300da4e94,True,No,0.0,False,,100,1854.434531668168,2.0,0.0,-102.0,-1.0
10656,Will a Republican win the popular vote and a Democrat win the Presidency?,which-party-wins-presidency-popular-vote,501588,will-a-republican-win-the-popular-vote-and-a-democrat-win-the-presidency,Yes,0.02599398,50000.0,1299.7,2.6%,,,,,,,,,,2026-05-28 01:01:21 UTC,2024-11-05 16:21:51+00:00,2024-11-05 16:21:51 UTC,0x0fac78556fc879a2920f7da5ccec9dadc554762eb0ea331a59ef387bba27ab6d,0x5fad92854594fe545456ccffd92749e65d241d0a,True,No,0.0,False,,100,3847.044584938513,2.0,0.0,-102.0,-1.0
12641,TikTok banned in the US before May 2025?,tiktok-banned-in-the-us-before-may-2025,507276,tiktok-banned-in-the-us-before-may-2025,No,0.010628451102903499,122132.565454,1298.08,1.1%,,,,,,,,,,2026-05-28 01:02:43 UTC,2025-01-20 03:14:09+00:00,2025-01-20 03:14:09 UTC,0x9b0250df3142e9418aebd188a08be42c909fb1d591601951c9e52d0a38d34469,0x6fcb423d405bee35c9a5dedf649a7e1bf872e907,True,Yes,0.0,False,,100,9408.708666183902,2.0,0.0,-102.0,-1.0
10588,Will Tulsi Gabbard win the 2024 Republican VP nomination?,republican-vp-supplemental,501432,will-tulsi-gabbard-win-the-2024-republican-vp-nomination,Yes,0.06510190677582839,19896.62153,1295.31,6.5%,,,,,,,,,,2026-05-28 01:01:21 UTC,2024-05-30 17:30:25+00:00,2024-05-30 17:30:25 UTC,0x97531eacd1ebfa45be0f4b1ca31712a3005f647b8b2476c549cad952b1209214,0x50bcabfd0fb9665916b6d821c8b427deda7278c2,True,No,0.0,False,,100,1536.0533193649696,2.0,0.0,-102.0,-1.0
15625,Will the AfD win 15-20% of the vote in the German election?,afd-of-vote-in-german-election,515897,will-the-afd-win-15-20-of-the-vote-in-the-german-election,Yes,0.033090925704459255,39124.69,1294.67,3.3%,0.0,0.0,0.0,,,,,,,2026-05-28 01:04:22 UTC,2025-02-23 20:47:21+00:00,2025-02-23 20:47:21 UTC,0x50987b1c0fee007c0a785d2a33c8e65c2cdc1b601e32ad2ff5fd0c494502a92e,0xf7bd5b48d473a10a993afd315b110d4502fd6c26,True,No,0.0,False,,100,3021.9765047710416,2.0,0.0,-102.0,-1.0
11910,GOP wins popular vote by 3-4%?,popular-vote-margin-of-victory-in-presidential-election,504677,gop-wins-popular-vote-by-3-4,Yes,0.066,19606.19,1294.01,6.6%,,,,,,,,,,2026-05-28 01:02:06 UTC,2024-10-30 02:35:19+00:00,2024-10-30 02:35:19 UTC,0xb488fab7478ca21c4fe2261246f4bcc3dfd1a77b0aa8245b91d9ea4253ee5db6,0x35132d9f20ae5e421b32a723669c145cab7f33f6,True,No,0.0,False,,100,1515.151515151515,2.0,0.0,-102.0,-1.0
12795,Israel x Hezbollah Ceasefire in 2024?,israel-x-hezbollah-ceasefire-in-2024,507792,israel-x-hezbollah-ceasefire-in-2024,No,0.013,99506.52,1293.58,1.3%,,,,,,,,,,2026-05-28 01:02:49 UTC,2024-12-01 01:35:25+00:00,2024-12-01 01:35:25 UTC,0x35bd9a521394af7cc9cdfc242574066e71ee3d48e6024801623b6b39bfa89492,0x684bc3eb000bff0979d14b60cc74861736150601,True,Yes,0.0,False,,100,7692.307692307692,2.0,0.0,-102.0,-1.0
11696,Fed decreases interest rates by 50+ bps after September 2024 meeting?,fed-interest-rates-september-2024,504069,fed-decreases-interest-rates-by-50-bps-after-september-2024-meeting,Yes,0.09952278325123153,12992.0,1293.0,10.0%,,,,,,,,,,2026-05-28 01:01:55 UTC,2024-08-01 14:10:22+00:00,2024-08-01 14:10:22 UTC,0xe23cf46360991fc1f4427c81f09eab9e397b059531442391b9178dbde24749bf,0x9d84ce0306f8551e02efef1680475fc0f1dc1344,True,Yes,0.0,True,,100,1004.7950502706883,2.0,1004.7950502706883,902.7950502706883,8.850931865398906
10588,Will Tulsi Gabbard win the 2024 Republican VP nomination?,republican-vp-supplemental,501432,will-tulsi-gabbard-win-the-2024-republican-vp-nomination,Yes,0.04563251969338373,28309.0,1291.81,4.6%,,,,,,,,,,2026-05-28 01:01:21 UTC,2024-07-13 23:46:45+00:00,2024-07-13 23:46:45 UTC,0xbd4df53860de956578efb691e400e0e278bbd17ce47d55debb8f110917ce8bb6,0x4abb035f4fe007fb13b2fc98d74cba53d3e6e789,True,No,0.0,False,,100,2191.4196426567046,2.0,0.0,-102.0,-1.0
11669,Kamala president by Friday?,kamala-president-by-friday,504021,kamala-president-by-friday,Yes,0.09912040853443757,13030.97,1291.64,9.9%,,,,,,,,,,2026-05-28 01:01:53 UTC,2024-07-24 19:25:23+00:00,2024-07-24 19:25:23 UTC,0xe706e1fa6aeefb10206c1d00e3fc52d79150f9b1e754df8103c60b5b7ddfcc24,0xb1a279adb096d316b1b168993e8ed976d3cd372a,True,No,0.0,False,,100,1008.8739693325299,2.0,0.0,-102.0,-1.0
10223,"2024 Balance of Power: D Prez, R Senate, R House",balance-of-power-2024-election,500638,2024-balance-of-power-democratic-presidency-republican-house-and-senate,Yes,0.08486765661273012,15215.808372,1291.33,8.5%,,,,,,,,,,2026-05-28 01:01:13 UTC,2024-11-06 01:41:49+00:00,2024-11-06 01:41:49 UTC,0xc0956014cc47a67bfbc59abd2f3a0208fd7e8dd89409f8f3fa88b6ea9f564009,0xa4a2e7f95562314ae8e368107f67b21eb8d063cd,True,No,0.0,False,,100,1178.3051870552065,2.0,0.0,-102.0,-1.0
12603,Russia x Ukraine Ceasefire in 2024?,russia-x-ukraine-ceasefire-in-2024,507115,russia-x-ukraine-ceasefire-in-2024,Yes,0.08999937125936,14343.100201,1290.87,9.0%,,,,,,,,,,2026-05-28 01:02:44 UTC,2024-12-09 15:20:08+00:00,2024-12-09 15:20:08 UTC,0x05238dcc6c75e5a52f2673fea4031683472188c45eaf3c4fa13c78fb58356636,0x840a06e74bdaa2f8d91e70ef335525076560c5ae,True,No,0.0,False,,100,1111.1188733954618,2.0,0.0,-102.0,-1.0
12327,Will there be a US Government shutdown? ,us-government-shutdown-before-2025,506202,us-government-shutdown-before-2025,No,0.018,71702.27,1290.64,1.8%,,,,,,,,,,2026-05-28 01:02:35 UTC,2024-12-21 06:46:01+00:00,2024-12-21 06:46:01 UTC,0x25f25dfc3a6b0ee401262827c6075150376f1a6d1b216ac047acd261b7b35dad,0xeb214d487c4f531ef7a3398631d56d3de5e08145,True,Yes,0.0,False,,100,5555.555555555556,2.0,0.0,-102.0,-1.0
11827,No change in Fed interest rates after 2024 November meeting?,fed-interest-rates-november-2024,504493,no-change-in-fed-interest-rates-after-2024-november-meeting,Yes,0.02769242188985871,46532.05,1288.59,2.8%,,,,,,,,,,2026-05-28 01:02:03 UTC,2024-11-03 06:36:35+00:00,2024-11-03 06:36:35 UTC,0xf7ffecf4c2ca0e9be6c49a94d2fd9aab32d881adc554da40939839afab4d8119,0xc3c3b3ef304ddbea39fa2246e683a71da5d0eec8,True,No,0.0,False,,100,3611.0962196708833,2.0,0.0,-102.0,-1.0
10223,"2024 Balance of Power: D Prez, R Senate, R House",balance-of-power-2024-election,500638,2024-balance-of-power-democratic-presidency-republican-house-and-senate,Yes,0.059995343377048156,21474.79,1288.39,6.0%,,,,,,,,,,2026-05-28 01:01:15 UTC,2024-10-18 01:34:40+00:00,2024-10-18 01:34:40 UTC,0xbc403b695e53d04c07a52eea2d6666e3a3ea3390ee3b4a1700f018ee44eb35cd,0x2012d39a398ff9c4c3c148a40ce2a79d441aa7bd,True,No,0.0,False,,100,1666.7960273439496,2.0,0.0,-102.0,-1.0
11143,Will Trump launch a coin before the election?,will-trump-launch-a-coin-before-the-election,502571,will-trump-launch-a-coin-before-the-election,No,0.023994428549621846,53637.4516,1287.0,2.4%,,,,,,,,,,2026-05-28 01:01:31 UTC,2024-10-16 22:41:45+00:00,2024-10-16 22:41:45 UTC,0x1719a3297cae8f9cb543f07f36177ba0442de4b37dcbbd31ad59888de813be32,0x2c15973578913fb6ad182e797257ac0cf6368b65,True,Yes,0.0,False,,100,4167.634156954157,2.0,0.0,-102.0,-1.0
16711,Will Anthony Albanese be the next Prime Minister of Australia after the 2025 election?,next-prime-minister-of-australia,518400,will-anthony-albanese-be-the-next-prime-minister-of-australia-after-the-2025-election,No,0.049487986153846156,26000.0,1286.69,4.9%,,,,,,,,,,2026-05-28 01:04:44 UTC,2025-05-03 00:46:54+00:00,2025-05-03 00:46:54 UTC,0xed133d4e2ce9f204477d359a5d03e9d7c0c4a87b06fa12bcde89d7e93a2cf5f9,0x7d607701278238ed55b82f6bc06536343b6203d8,True,Yes,0.0,False,,100,2020.6924502671059,2.0,0.0,-102.0,-1.0
11385,Will Tim Walz be the 2024 Democratic VP nominee?,democratic-vp-nominee,503191,will-tim-walz-be-the-2024-democratic-vp-nominee,Yes,0.049883634269046226,25780.7,1286.04,5.0%,,,,,,,,,,2026-05-28 01:01:42 UTC,2024-07-26 03:55:59+00:00,2024-07-26 03:55:59 UTC,0x196c3c7a55497d85184bcd18d5df4b156e928d15d161bedd61b78800b6f2cbf2,0x4e56f1ddaa8f5328036c449b89e731ec748cdee1,True,Yes,0.0,True,,100,2004.6654872949375,2.0,2004.6654872949375,1902.6654872949375,18.6535832087739
11143,Will Trump launch a coin before the election?,will-trump-launch-a-coin-before-the-election,502571,will-trump-launch-a-coin-before-the-election,No,0.012000000000186957,106976.666665,1283.72,1.2%,,,,,,,,,,2026-05-28 01:01:31 UTC,2024-10-16 23:56:57+00:00,2024-10-16 23:56:57 UTC,0xcae618f477169316acc76f652dcde73badab08968f6d2c668079eeed088847d1,0x48f77f251448273e4a14a7a83f653b4038c71656,True,Yes,0.0,False,,100,8333.333333203502,2.0,0.0,-102.0,-1.0
10172,Will a candidate from another party win Nebraska's 2nd congressional district?,congressional-district-2nd-nebraska-presidential-election-winner,500543,congressional-district-2nd-nebraska-will-a-candidate-from-another-party-win,Yes,0.026516510311195604,48394.0,1283.24,2.7%,,,,0,0.0,0.0,0.0,,,2026-05-28 01:01:16 UTC,2024-07-18 17:43:43+00:00,2024-07-18 17:43:43 UTC,0x2d268c5361a129e49a14b36145607054378edec90f819c1151354c0b2b502b44,0x3cf3e8d5427aed066a7a5926980600f6c3cf87b3,True,No,0.0,False,,100,3771.235310619993,2.0,0.0,-102.0,-1.0
11385,Will Roy Cooper be the 2024 Democratic VP nominee?,democratic-vp-nominee,503189,will-roy-cooper-be-the-2024-democratic-vp-nominee,Yes,0.05182636980766123,24748.0,1282.6,5.2%,,,,,,,,,,2026-05-28 01:01:40 UTC,2024-07-29 20:13:48+00:00,2024-07-29 20:13:48 UTC,0x43b16073b0822da70bb524c64aa42c55c3362b8f3a2c5e29d65bad63742a3ab8,0x40324412290b9d311f03b707467c61d88cf141a2,True,No,0.0,False,,100,1929.5196706063234,2.0,0.0,-102.0,-1.0
16547,U.S. Government funding lapse on March 15?,us-government-funding-lapse-on-march-15,518009,us-government-funding-lapse-on-march-15,No,0.023000000000484532,55723.835651,1281.65,2.3%,,,,,,,,,,2026-05-28 01:04:41 UTC,2025-03-17 07:29:28+00:00,2025-03-17 07:29:28 UTC,0x534958cdd0ba25ddf57b14ac2676c2cae2dbccb573345125ce3e5893e5ecbe4d,0x696e12c81e330b7f4d948344ad98feffbbeb7593,True,Yes,0.0,False,,100,4347.826086864928,2.0,0.0,-102.0,-1.0
17140,Fed decreases interest rates by 25 bps after May 2025 meeting?,fed-decision-in-may-2025,519777,fed-decreases-interest-rates-by-25-bps-after-may-2025-meeting,Yes,0.09,14231.76,1280.86,9.0%,,,,,,,,,,2026-05-28 01:04:56 UTC,2025-04-28 19:25:20+00:00,2025-04-28 19:25:20 UTC,0x9590d802a2b6b2b45f1fb421d42a64973b16b21f6230b61ff6eb3cddb4911364,0xa9ee0279edee743ed85fb293c079994a24635a28,True,No,0.0,False,,100,1111.111111111111,2.0,0.0,-102.0,-1.0
11910,GOP wins popular vote by 1-2%?,popular-vote-margin-of-victory-in-presidential-election,504679,gop-wins-popular-vote-by-1-2,Yes,0.07676216366024355,16673.579,1279.9,7.7%,,,,,,,,,,2026-05-28 01:02:08 UTC,2024-09-13 10:49:35+00:00,2024-09-13 10:49:35 UTC,0x8d0ca5935dd7d222ccb944a3e179e94b094bb6754d8f5f12dda995d4e98d9996,0x4124f6919daa006632c70edd120aa1b4b8fe5827,True,Yes,0.0,True,,100,1302.7251347761544,2.0,1302.7251347761544,1200.7251347761544,11.771815046825044
15437,Will Biden pardon SBF?,who-will-biden-pardon,500502,will-biden-pardon-sbf-this-term,Yes,0.06121377244180208,20906.896405,1279.79,6.1%,,,,,,,,,,2026-05-28 01:04:14 UTC,2024-12-26 07:14:33+00:00,2024-12-26 07:14:33 UTC,0x6a0f47e359bd9f17f54d26bc19d73c8dcdcc3b204276fdd6f6d71217cedd7bda,0xc388d4ac8fa40f30b94e010a8f35ccf1d8a83b36,True,No,0.0,False,,100,1633.619298583064,2.0,0.0,-102.0,-1.0
15586,Will  Alice Weidel be the next Chancellor of Germany?,next-chancellor-of-germany,515796,will-alice-weidel-be-the-next-chancellor-of-germany,Yes,0.08846559623092698,14423.686194,1276.0,8.8%,,,,,,,,,,2026-05-28 01:04:17 UTC,2025-01-08 22:36:49+00:00,2025-01-08 22:36:49 UTC,0x1aff7512251ff662adb0963c0a16203a1568a9fcc1f925a4c7b6a36c6af05895,0x1c2bc94dcc31490be06d41f40f30e979e566cb74,True,No,0.0,False,,100,1130.3829314501434,2.0,0.0,-102.0,-1.0
11797,Will Kamala Harris drop out in August?,will-kamala-drop-out-in-august,504399,will-kamala-drop-out-in-august,Yes,0.024086930229042257,52916.0,1274.58,2.4%,,,,,,,,,,2026-05-28 01:01:58 UTC,2024-08-07 18:19:21+00:00,2024-08-07 18:19:21 UTC,0x715b27030a96f4d7630fea0434cf6fff9c05c2a8f382831384e8c0df0ccc09d2,0x10b30364936b03d26b3fd01a63d1f991454b40d4,True,No,0.0,False,,100,4151.629080547064,2.0,0.0,-102.0,-1.0
12700,Israeli forces enters Lebanon in September?,israeli-forces-enters-lebanon-in-september,507472,israeli-forces-enters-lebanon-in-september,No,0.019132404987291587,66606.367618,1274.34,1.9%,,,,,,,,,,2026-05-28 01:02:47 UTC,2024-10-01 17:15:02+00:00,2024-10-01 17:15:02 UTC,0xccb85f6690413f5da58d5dbf5fda7d290b37870a98e043ce78560aac69978605,0x2a4cd726120a0d210ebe980328268163a6cb54e7,True,Yes,0.0,False,,100,5226.734436492616,2.0,0.0,-102.0,-1.0
14162,Trump signs national abortion ban?,trump-signs-national-abortion-ban-in-first-100-days,512128,trump-signs-national-abortion-ban-in-first-100-days,Yes,0.05354289525476169,23794.59,1274.03,5.4%,,,,,,,,,,2026-05-28 01:03:33 UTC,2025-03-18 03:11:51+00:00,2025-03-18 03:11:51 UTC,0x90d7666d9dcd8f636818a23daeeca6c59ab11a591a0278dba06dcee30edc7f2e,0xb404c41dc29a113bb984f9b86ad556b5bfb40a05,True,No,0.0,False,,100,1867.6614240636675,2.0,0.0,-102.0,-1.0
10588,Will Tulsi Gabbard win the 2024 Republican VP nomination?,republican-vp-supplemental,501432,will-tulsi-gabbard-win-the-2024-republican-vp-nomination,Yes,0.04640794982511333,27432.05,1273.07,4.6%,,,,,,,,,,2026-05-28 01:01:21 UTC,2024-07-08 16:27:00+00:00,2024-07-08 16:27:00 UTC,0xd3ab809b60f3c52f66c850e6c34956859f44ad617d43caa197024ebe767769ae,0x4abb035f4fe007fb13b2fc98d74cba53d3e6e789,True,No,0.0,False,,100,2154.803226103423,2.0,0.0,-102.0,-1.0
12641,TikTok banned in the US before May 2025?,tiktok-banned-in-the-us-before-may-2025,507276,tiktok-banned-in-the-us-before-may-2025,No,0.01228327450834933,103474.036922,1271.0,1.2%,,,,,,,,,,2026-05-28 01:02:43 UTC,2025-01-21 19:43:24+00:00,2025-01-21 19:43:24 UTC,0x45e6f1a93e8166df22819ee0e549b08f75504a426ae84294adf3e0753683aa5d,0x25c95901a6cffb049b75e1a6e13b9dd564a0796b,True,Yes,0.0,False,,100,8141.151606766326,2.0,0.0,-102.0,-1.0
17140,Fed decreases interest rates by 25 bps after May 2025 meeting?,fed-decision-in-may-2025,519777,fed-decreases-interest-rates-by-25-bps-after-may-2025-meeting,Yes,0.02049469387357946,62016.051903,1271.0,2.0%,,,,,,,,,,2026-05-28 01:04:55 UTC,2025-05-07 06:20:20+00:00,2025-05-07 06:20:20 UTC,0x229f32bfe5688de0d78c02a3e02f79eba5bef4c5fabdd7dd47a7dd1c1f9112fd,0xf383b6f184dc4361bf3c5b6e4f783a9556491994,True,No,0.0,False,,100,4879.311719259884,2.0,0.0,-102.0,-1.0
12221,Favorite to win on Polymarket on Friday?,favorite-to-win-on-polymarket-this-friday,505809,favorite-to-win-on-polymarket-this-friday,Kamala,0.01997264093346691,63633.75,1270.93,2.0%,,,,,,,,,,2026-05-28 01:02:32 UTC,2024-09-06 15:57:50+00:00,2024-09-06 15:57:50 UTC,0x4d627b9a97cf824a24fc7e50b1a5137244624756773ca14aca8e5464dd556dc0,0xf4baccff188321440a1ed01a5d5fd89c3e1f5933,True,Trump,0.0,False,,100,5006.849135931555,2.0,0.0,-102.0,-1.0
15665,Fed decreases interest rates by 25 bps after March 2025 meeting?,fed-decision-in-march,516009,fed-decreases-interest-rates-by-25-bps-after-march-2025-meeting,Yes,0.010243975684773922,123873.0,1268.95,1.0%,,,,,,,,,,2026-05-28 01:04:18 UTC,2025-03-19 00:32:50+00:00,2025-03-19 00:32:50 UTC,0x68da4eed5b425de5256e2553594b4d07d4d29bdd7d0a2e4e0cc8e3364ab18a54,0xfe8c733e5f52dc77b8ec11f80eab56a24b652813,True,No,0.0,False,,100,9761.834963024605,2.0,0.0,-102.0,-1.0
11524,Will Georgia be the tipping point state?,us-election-tipping-point-state,503507,will-georgia-be-the-tipping-point-state,Yes,0.08,15850.02,1268.0,8.0%,,,,,,,,,,2026-05-28 01:01:49 UTC,2024-10-15 21:00:04+00:00,2024-10-15 21:00:04 UTC,0xfdc5f3968c0f65c5fb2a4668f57005656f35a8b845dad0fa6a241f539aac36d2,0xf4f3476be6e5b2de3a7e1bc849ff4b047bef330d,True,No,0.0,False,,100,1250.0,2.0,0.0,-102.0,-1.0
11650,JD Vance replaced as Republican VP nominee?,jd-vance-steps-down-as-republican-vp-nominee,503989,jd-vance-steps-down-as-republican-vp-nominee,Yes,0.04,31687.5,1267.5,4.0%,,,,,,,,,,2026-05-28 01:01:53 UTC,2024-08-19 10:41:22+00:00,2024-08-19 10:41:22 UTC,0x2a99e59a1b960dba47f72566567bcbf9cf750e2af877f97bc06b6b36086f5336,0x0e0641cbd7849962226f5357f8a47f9b71da15d5,True,No,0.0,False,,100,2500.0,2.0,0.0,-102.0,-1.0
11678,Will Biden resign during his speech today?,will-biden-resign-during-his-speech-tomorrow,504030,will-biden-resign-during-his-speech-tomorrow,Yes,0.03839371484848485,33000.0,1266.99,3.8%,,,,,,,,,,2026-05-28 01:01:56 UTC,2024-07-24 10:30:30+00:00,2024-07-24 10:30:30 UTC,0x935d858b2201593245f3bc24a68feb3bcec31818d54eefe1cbfb60462d09bc3b,0x652e5f8d7489c2eac9ee00cf1b4350130446d57e,True,No,0.0,False,,100,2604.5929755595494,2.0,0.0,-102.0,-1.0
11580,Will Trump announce strategic Bitcoin reserve?,trump-to-announce-strategic-bitcoin-reserve-in-july,503707,trump-to-announce-strategic-bitcoin-reserve-in-july,No,0.05575551424610511,22715.959419,1266.54,5.6%,,,,,,,,,,2026-05-28 01:01:51 UTC,2024-07-27 21:18:33+00:00,2024-07-27 21:18:33 UTC,0x60ff32e9800ad566d571dedf00354b7916b37161c00b354f824da5a226681830,0x72cf952a379a1b31ffc8e4cd94846bf506cbd22e,True,Yes,0.0,False,,100,1793.5445731627462,2.0,0.0,-102.0,-1.0
16711,Will Peter Dutton be the next Prime Minister of Australia after the 2025 election?,next-prime-minister-of-australia,518396,will-peter-dutton-be-the-next-prime-minister-of-australia-after-the-2025-election,Yes,0.06436743298636105,19669.418839,1266.07,6.4%,,,,,,,,,,2026-05-28 01:04:44 UTC,2025-05-02 04:30:01+00:00,2025-05-02 04:30:01 UTC,0x93eec9c10ad8c72cee18bc49643af37ffa4a7a4d0303b1babc7a34cc5b5ac195,0xa1e3e620ba48d788a8a5cd974f71f9d2f43a4aae,True,No,0.0,False,,100,1553.5806752024616,2.0,0.0,-102.0,-1.0
11910,GOP wins popular vote by 3-4%?,popular-vote-margin-of-victory-in-presidential-election,504677,gop-wins-popular-vote-by-3-4,Yes,0.05470579536369175,23126.59,1265.16,5.5%,,,,,,,,,,2026-05-28 01:02:08 UTC,2024-10-15 03:42:34+00:00,2024-10-15 03:42:34 UTC,0xd5754270963ffcf543211ff40761ebe913491f24dd29bd5a02b2bf11a1b0920c,0x8c193dafb1d5b595f0f304226dab94105e5cc349,True,No,0.0,False,,100,1827.9598959339876,2.0,0.0,-102.0,-1.0
10223,"2024 Balance of Power: D Prez, R Senate, R House",balance-of-power-2024-election,500638,2024-balance-of-power-democratic-presidency-republican-house-and-senate,Yes,0.06198015192354815,20405.0,1264.7,6.2%,,,,,,,,,,2026-05-28 01:01:15 UTC,2024-10-18 17:33:07+00:00,2024-10-18 17:33:07 UTC,0x2c1e6fe90c87921e95cf2c41222749c027e4d508499773a6c54314f9c5b405c6,0x361361da1313e396077d39ec8031d25568bf79e1,True,No,0.0,False,,100,1613.419730292835,2.0,0.0,-102.0,-1.0
11889,Harris-Walz Democratic ticket on election day?,harris-walz-final-democratic-ticket,504603,harris-walz-final-democratic-ticket,No,0.02991005119895907,42239.14,1263.37,3.0%,,,,,,,,,,2026-05-28 01:02:08 UTC,2024-10-17 05:41:13+00:00,2024-10-17 05:41:13 UTC,0x4797298a77a3ef29fa96f0cf8dc312a2331f4544934dbcdc1f99c39449f0a330,0xa8b97b862b95c8c6efcf22cfd6e3bf29558be991,True,Yes,0.0,False,,100,3343.357700553859,2.0,0.0,-102.0,-1.0
16489,Will Trump be impeached in 2025?,will-trump-be-impeached-in-2025,517855,will-trump-be-impeached-in-2025,Yes,0.06,21031.12,1261.87,6.0%,,,,,,,,,,2026-05-28 01:04:36 UTC,2025-06-17 23:32:00+00:00,2025-06-17 23:32:00 UTC,0x3bb02e4bab57814810a430bf04a2cb3ca672bb6c7d8ee8246695566dc0b597a9,0x1d379e322ef813587a3e13ad79857c45edc7f4a4,True,No,0.0,False,,100,1666.6666666666667,2.0,0.0,-102.0,-1.0
11385,Will Andy Beshear be the 2024 Democratic VP nominee?,democratic-vp-nominee,503190,will-andy-beshear-be-the-2024-democratic-vp-nominee,Yes,0.08004318662037295,15741.502209,1260.0,8.0%,,,,,,,,,,2026-05-28 01:01:42 UTC,2024-07-27 12:44:49+00:00,2024-07-27 12:44:49 UTC,0x65578283b80edc311eca8d70d5935cec4856e07fc8f4037327428480b3428c28,0xf2b3f8e3203020c440ab9f0a6d13939964c07469,True,No,0.0,False,,100,1249.3255731343854,2.0,0.0,-102.0,-1.0
15727,Trump Admin confirms Aliens exist in first 100 days?,trump-administration-confirms-aliens-exist-in-first-100-days,516186,trump-administration-confirms-aliens-exist-in-first-100-days,Yes,0.06286375851934894,20043.345,1260.0,6.3%,,,,,,,,,,2026-05-28 01:04:24 UTC,2025-01-21 03:36:00+00:00,2025-01-21 03:36:00 UTC,0xd877dbabc256515ef9023a91dec1fb580a34f8bf946527aae08361c4d8a63714,0x410c19c139ca28075fbebf7751237e7c2341104b,True,No,0.0,False,,100,1590.7416666666666,2.0,0.0,-102.0,-1.0
17140,Fed decreases interest rates by 25 bps after May 2025 meeting?,fed-decision-in-may-2025,519777,fed-decreases-interest-rates-by-25-bps-after-may-2025-meeting,Yes,0.02518798724854994,50023.846152,1260.0,2.5%,,,,,,,,,,2026-05-28 01:04:55 UTC,2025-05-04 12:31:19+00:00,2025-05-04 12:31:19 UTC,0x6239ac528df61578dfc943b05466031d7348388c0717beece1093c89d49dc8a8,0x9921df381f775ccbf505da9a7df56b1e74596258,True,No,0.0,False,,100,3970.14652315091,2.0,0.0,-102.0,-1.0
14220,Fed decreases interest rates by 25 bps after January 2025 meeting?,fed-interest-rates-january-2025,512323,fed-decreases-interest-rates-by-25-bps-after-january-2025-meeting,Yes,0.0251925604,50000.0,1259.63,2.5%,,,,,,,,,,2026-05-28 01:03:46 UTC,2025-01-27 10:22:23+00:00,2025-01-27 10:22:23 UTC,0x12501a2c55110b16948d0aed8916bc8328c78ae23f3eedcf40effd2f325dd473,0xbc551827433102f4569ec202f3439a8c54e293a7,True,No,0.0,False,,100,3969.425830968733,2.0,0.0,-102.0,-1.0
17405,Israel and Saudi Arabia normalize relations in 2025?,israel-and-saudi-arabia-normalize-relations-in-2025,520579,israel-and-saudi-arabia-normalize-relations-in-2025,Yes,0.07950880483537136,15813.47,1257.31,8.0%,,,,,,,,,,2026-05-28 01:05:00 UTC,2025-10-04 01:24:41+00:00,2025-10-04 01:24:41 UTC,0xe3e305ffc442e700ed86880af26584dba772f28ac8d6301ebcae732102b965af,0x9d84ce0306f8551e02efef1680475fc0f1dc1344,True,No,0.0,False,,100,1257.7223391429052,2.0,0.0,-102.0,-1.0
10098,No change in Fed interest rates after 2024 May meeting?,fed-interest-rates-may-2024,500358,no-change-in-fed-raise-interest-rates-after-its-2024-aprilmay-meeting,No,0.07374206983531068,17047.25,1257.1,7.4%,,,,,,,,,,2026-05-28 01:01:09 UTC,2024-04-04 19:05:10+00:00,2024-04-04 19:05:10 UTC,0xd5c00c9fd5a1c18c2614f410c7a01e41f182ad7ca2852f96ea6dfc3cf2c44347,0x9d84ce0306f8551e02efef1680475fc0f1dc1344,True,Yes,0.0,False,,100,1356.0780192816878,2.0,0.0,-102.0,-1.0
15665,Fed decreases interest rates by 25 bps after March 2025 meeting?,fed-decision-in-march,516009,fed-decreases-interest-rates-by-25-bps-after-march-2025-meeting,Yes,0.014745502544244631,85171.054444,1255.89,1.5%,,,,,,,,,,2026-05-28 01:04:18 UTC,2025-03-14 07:56:06+00:00,2025-03-14 07:56:06 UTC,0xffb3562852d4d69b35ee9beb6eebdbba5867c8a07da7ff4ea29f05dd887ad1a2,0xf383b6f184dc4361bf3c5b6e4f783a9556491994,True,No,0.0,False,,100,6781.728849182651,2.0,0.0,-102.0,-1.0
14199,Will Trump create Bitcoin reserve in first 100 days?,will-trump-create-a-national-bitcoin-reserve-in-his-first-100-days,512250,will-trump-create-a-national-bitcoin-reserve-in-his-first-100-days,Yes,0.09,13926.17,1253.36,9.0%,,,,,,,,,,2026-05-28 01:03:36 UTC,2025-04-17 10:07:59+00:00,2025-04-17 10:07:59 UTC,0xb90a1b5b0eb1b5ac7d81c36e08ea7eddff977a72a3fc0121612d48a34b12d78b,0x4e05ed8c847b38a16df99e37f52a30231a06e2fd,True,No,0.0,False,,100,1111.111111111111,2.0,0.0,-102.0,-1.0
11143,Will Trump launch a coin before the election?,will-trump-launch-a-coin-before-the-election,502571,will-trump-launch-a-coin-before-the-election,No,0.012937208489405801,96852.423846,1253.0,1.3%,,,,,,,,,,2026-05-28 01:01:31 UTC,2024-10-17 12:03:38+00:00,2024-10-17 12:03:38 UTC,0x96de51d165cdc2671a5d2984dbe8dcf68f7d157c74fefe0c9ee3aa4eba9a46fb,0x96363860a2055d893f8472ba073b14f18943b7b7,True,Yes,0.0,False,,100,7729.6427650438945,2.0,0.0,-102.0,-1.0
15437,Will Biden pardon Ross Ulbricht?,who-will-biden-pardon,502120,will-biden-pardon-ross-ulbricht,Yes,0.0995839104954715,12575.9,1252.36,10.0%,,,,,,,,,,2026-05-28 01:04:14 UTC,2024-12-18 19:19:09+00:00,2024-12-18 19:19:09 UTC,0x22dfefdf28c1c8845044c837929fa1b68a2455ab33d5910b906fab10e14daf5a,0xe5f10df4357f91ec328c6ceb3ef84107263971b8,True,No,0.0,False,,100,1004.1782804316308,2.0,0.0,-102.0,-1.0
15665,No change in Fed interest rates after March 2025 meeting?,fed-decision-in-march,516010,no-change-in-fed-interest-rates-after-march-2025-meeting,No,0.0399749806646138,31328.57,1252.36,4.0%,,,,,,,,,,2026-05-28 01:04:22 UTC,2025-02-21 18:51:10+00:00,2025-02-21 18:51:10 UTC,0xd0714066dbf36e611625ee3d6c47cf7ec13e083c881bc80f90f901e63ba441fe,0x6a9b04663e24b275bf6258a53976eb1a516e4d6c,True,Yes,0.0,False,,100,2501.5646871474505,2.0,0.0,-102.0,-1.0
11639,Will Biden resign before the election?,biden-resigns-from-presidency-before-election,503972,biden-resigns-from-presidency-before-election,Yes,0.049,25555.0,1252.19,4.9%,,,,,,,,,,2026-05-28 01:01:51 UTC,2024-09-21 23:45:09+00:00,2024-09-21 23:45:09 UTC,0xc78f2a6df003e0d29f3167acb089918118adcca911ad407ccf253d9004df2cde,0x5ea148b7534bd1f55bd8d53ecaad559f77f1dfc7,True,No,0.0,False,,100,2040.816326530612,2.0,0.0,-102.0,-1.0
17174,Was JFK assassination an inside job?,was-jfk-assassination-an-inside-job-march-31,519906,was-jfk-assassination-an-inside-job-march-31,Yes,0.025624791606210087,48834.73857,1251.38,2.6%,,,,,,,,,,2026-05-28 01:04:59 UTC,2025-03-18 23:45:22+00:00,2025-03-18 23:45:22 UTC,0x08134f759df32dc4fa79ebb3af3feb8335c937e73c3d7b0b9820d5a0056d2bc5,0x668a0e5dcd5eb089f30788b78ed789cffcef33f3,True,No,0.0,False,,100,3902.470761001831,2.0,0.0,-102.0,-1.0
13464,"Will there be 150,000,000-155,000,000 votes cast in the U.S. Presidential Election?",turnout-in-2024-presidential-election,510524,will-there-be-150000000-155000000-votes-cast-in-the-us-presidential-election,Yes,0.09964328497610828,12548.28,1250.35,10.0%,,,,,,,,,,2026-05-28 01:03:02 UTC,2024-11-21 03:56:57+00:00,2024-11-21 03:56:57 UTC,0xae83e9094e8ccdab44e4bf806c07e782c83167ff10020d3cc335c74d49056692,0x73d3bde14b125334334d088de0be053607d3e9fa,True,No,0.0,False,,100,1003.5799203526585,2.0,0.0,-102.0,-1.0
10223,"2024 Balance of Power: D Prez, D Senate, R House",balance-of-power-2024-election,500635,2024-balance-of-power-democratic-presidency-and-senate-republican-house,Yes,0.016853440045248667,74168.834116,1250.0,1.7%,,,,,,,,,,2026-05-28 01:01:13 UTC,2024-11-01 19:35:12+00:00,2024-11-01 19:35:12 UTC,0xb0da631683ba18f889efa619605334a48697adbe33cdb8062e212da4dd5a02dd,0xdb0e6723f675ad9155080269e91481a025b141ae,True,No,0.0,False,,100,5933.506734026806,2.0,0.0,-102.0,-1.0
11798,Will Kamala Harris drop out of presidential race?,will-kamala-drop-out-before-election,504400,will-kamala-drop-out-before-election,Yes,0.02995770466403565,41725.493125,1250.0,3.0%,,,,,,,,,,2026-05-28 01:01:58 UTC,2024-09-27 05:10:38+00:00,2024-09-27 05:10:38 UTC,0x867e11987bbb7933fb23af381954306d406d58a4f753fd9c8e9bac5ce96aee97,0x68aeb2c54a6009c7e10316411e9bfe3e259d1781,True,No,0.0,False,,100,3338.03945,2.0,0.0,-102.0,-1.0
16108,Russia x Ukraine ceasefire in 2025?,russia-x-ukraine-ceasefire-in-2025,516719,russia-x-ukraine-ceasefire-in-2025,Yes,0.05,25000.0,1250.0,5.0%,,,,,,,,,,2026-05-28 01:04:31 UTC,2025-12-05 17:19:27+00:00,2025-12-05 17:19:27 UTC,0xd573f23a9085eb635f159204f90b372053c996a26493edacfdbaa905b778f937,0xd7a26e976479d89a70643988e6db8389d68b2b21,True,No,0.0,False,,100,2000.0,2.0,0.0,-102.0,-1.0
12641,TikTok banned in the US before May 2025?,tiktok-banned-in-the-us-before-may-2025,507276,tiktok-banned-in-the-us-before-may-2025,No,0.046999999965252594,26591.914892,1249.82,4.7%,,,,,,,,,,2026-05-28 01:02:43 UTC,2025-01-19 18:45:05+00:00,2025-01-19 18:45:05 UTC,0xb96a2b66c78f617615beee2200a73ddb16d87530bc1aac27637a8310fab1a2aa,0x77bf4465bfe8844aba8cb673b9769d9846b12ecb,True,Yes,0.0,False,,100,2127.659576041078,2.0,0.0,-102.0,-1.0
10656,Will a Republican win the popular vote and a Democrat win the Presidency?,which-party-wins-presidency-popular-vote,501588,will-a-republican-win-the-popular-vote-and-a-democrat-win-the-presidency,Yes,0.024995,50000.0,1249.75,2.5%,,,,,,,,,,2026-05-28 01:01:21 UTC,2024-11-05 16:48:53+00:00,2024-11-05 16:48:53 UTC,0x105cac0420d66050a065a471b1a07133da54454b80567454e7865b86a15f6fea,0xd7ad2823643b9ebb132d221aa73be62af0264953,True,No,0.0,False,,100,4000.8001600320063,2.0,0.0,-102.0,-1.0
11650,JD Vance replaced as Republican VP nominee?,jd-vance-steps-down-as-republican-vp-nominee,503989,jd-vance-steps-down-as-republican-vp-nominee,Yes,0.07566675668475102,16515.2,1249.65,7.6%,,,,,,,,,,2026-05-28 01:01:53 UTC,2024-08-08 16:03:06+00:00,2024-08-08 16:03:06 UTC,0xc17da98371463dd85755cf121eb5d74c0c4d4d0e9718dca5256e3ef643d691ba,0x2d8d84f29c7cbc4336cb5017845519581014eb66,True,No,0.0,False,,100,1321.584330839342,2.0,0.0,-102.0,-1.0
14231,GOP wins popular vote by 1.75-2.0%?,popular-vote-margin-of-victory-0pt25-ranges,512348,gop-wins-popular-vote-by-1pt75-2pt0,Yes,0.06639248908873151,18794.79,1247.83,6.6%,,,,,,,,,,2026-05-28 01:03:51 UTC,2024-11-14 03:12:04+00:00,2024-11-14 03:12:04 UTC,0x7e438697d740f77cc8d18d54e9bf3e9e08b78bbc861904aa1b8a33c70c4dfcea,0xcf0d7f69cf162918b33fc1ea7449583fa537132d,True,No,0.0,False,,100,1506.1944712805252,2.0,0.0,-102.0,-1.0
12779,U.S. military action against Iran before November?,us-military-action-against-iran-before-november,507749,us-military-action-against-iran-before-november,Yes,0.035,35595.18,1245.83,3.5%,,,,,,,,,,2026-05-28 01:02:49 UTC,2024-10-19 03:55:33+00:00,2024-10-19 03:55:33 UTC,0x332cedd3030106e66b91dd383d5cd19366f5bdfdab847f5b5a8a803412b2e2ef,0xcbeb30abf7ba56e9280aaf74c6f57a174a1ce6e0,True,No,0.0,False,,100,2857.142857142857,2.0,0.0,-102.0,-1.0
17140,Fed decreases interest rates by 50+ bps after May 2025 meeting?,fed-decision-in-may-2025,519776,fed-decreases-interest-rates-by-50-bps-after-may-2025-meeting,Yes,0.07835238466183603,15887.0723,1244.79,7.8%,,,,,,,,,,2026-05-28 01:04:57 UTC,2025-03-12 14:33:33+00:00,2025-03-12 14:33:33 UTC,0xc77dc14d08ddf886529e14e48edc429295dc6672c90b00adfd272750a69a07d5,0x6e64b75ae96ab7e857d292c9c1137a9e3a522190,True,No,0.0,False,,100,1276.285341302549,2.0,0.0,-102.0,-1.0
12641,TikTok banned in the US before May 2025?,tiktok-banned-in-the-us-before-may-2025,507276,tiktok-banned-in-the-us-before-may-2025,No,0.049790006,25000.0,1244.75,5.0%,,,,,,,,,,2026-05-28 01:02:43 UTC,2025-01-19 23:19:18+00:00,2025-01-19 23:19:18 UTC,0xee1c958afb612296ce2ac85166b64d63e653909dec714fc802664213050cbf02,0x824c70b95e766341579e89fcac4bbb121a8fd2bb,True,Yes,0.0,False,,100,2008.435186772221,2.0,0.0,-102.0,-1.0
10223,"2024 Balance of Power: R Prez, R Senate, D House",balance-of-power-2024-election,500637,2024-balance-of-power-republican-presidency-and-senate-democratic-house,Yes,0.08,15557.25,1244.58,8.0%,,,,,,,,,,2026-05-28 01:01:11 UTC,2024-11-06 08:49:19+00:00,2024-11-06 08:49:19 UTC,0x2fa3d6a2e7d314547184acd580735445eafff1633f4aabf8a5c8f2f3bcf90ea8,0x4499bac1b94bd43e53797e3ff7eac8629635abb1,True,No,0.0,False,,100,1250.0,2.0,0.0,-102.0,-1.0
15665,Fed decreases interest rates by 25 bps after March 2025 meeting?,fed-decision-in-march,516009,fed-decreases-interest-rates-by-25-bps-after-march-2025-meeting,Yes,0.08999855295183355,13821.24,1243.89,9.0%,,,,,,,,,,2026-05-28 01:04:20 UTC,2025-03-04 15:12:57+00:00,2025-03-04 15:12:57 UTC,0xe93e993e1355cd665666a8137d1b01fa249cad1c1dc3cd0034b58bb2ef481496,0xa9ee0279edee743ed85fb293c079994a24635a28,True,No,0.0,False,,100,1111.1289761905298,2.0,0.0,-102.0,-1.0
17140,No change in Fed interest rates after May 2025 meeting?,fed-decision-in-may-2025,519778,no-change-in-fed-interest-rates-after-may-2025-meeting,No,0.09077807869187532,13699.0,1243.57,9.1%,,,,,,,,,,2026-05-28 01:04:56 UTC,2025-04-22 14:57:45+00:00,2025-04-22 14:57:45 UTC,0x7fe1f3ff260c6f0c537e00343575c3564be176f16bf10a1701797db4b56737d4,0x3b5d93e768e79c0974ac0f7d210237988120cc80,True,Yes,0.0,False,,100,1101.5875356805723,2.0,0.0,-102.0,-1.0
12327,Will there be a US Government shutdown? ,us-government-shutdown-before-2025,506202,us-government-shutdown-before-2025,No,0.012268377482659007,101274.48,1242.47,1.2%,,,,,,,,,,2026-05-28 01:02:35 UTC,2024-12-21 06:00:01+00:00,2024-12-21 06:00:01 UTC,0x403dc6de0ab60742d00df7a8f7d085e9ba82688eb8658c5080e9ff67efb8a64c,0x341b850d13acdc4debb232152d6b7aa6de560edd,True,Yes,0.0,False,,100,8151.037098536222,2.0,0.0,-102.0,-1.0
16103,Weed rescheduled in 2025?,weed-rescheduled-in-2025,516714,weed-rescheduled-in-2025,Yes,0.08348126253960228,14872.88,1241.61,8.3%,,,,,,,,,,2026-05-28 01:04:25 UTC,2025-12-17 10:34:14+00:00,2025-12-17 10:34:14 UTC,0x6442fc6d6487ad5f28f38ceb91920e9e050e0ad638f492a9ef1bcf7ef4ed7a7d,0xd2628f6b3bf98b05b2f246b8bcfa5f47849d8553,True,No,0.0,False,,100,1197.8735941201353,2.0,0.0,-102.0,-1.0
11696,No change in Fed interest rates after 2024 September meeting?,fed-interest-rates-september-2024,504071,no-change-in-fed-interest-rates-after-2024-september-meeting,Yes,0.015215941548991798,81458.64625,1239.47,1.5%,,,,,,,,,,2026-05-28 01:01:54 UTC,2024-09-18 09:32:33+00:00,2024-09-18 09:32:33 UTC,0x29e3c84ac1c1519eaccdda1206af67019dda00ab1ad82a495f60a69e3bdae9f3,0x2373809dadc2c73d05038df89e9399560f445b7f,True,No,0.0,False,,100,6572.054688697589,2.0,0.0,-102.0,-1.0
16180,"Maduro out by January 31, 2026?",maduro-out-in-2025,916440,maduro-out-by-january-31-2026-318,Yes,0.08993463729446448,13769.333332,1238.34,9.0%,,,,,,,,,,2026-05-28 01:04:28 UTC,2025-12-31 00:20:15+00:00,2025-12-31 00:20:15 UTC,0x29b392d77827783d73f8cef2a79c80a71f80c07ea4672ec7be2759d9d9c5e94a,0x31a56e9e690c621ed21de08cb559e9524cdb8ed9,True,Yes,0.0,True,,100,1111.918644566047,2.0,1111.918644566047,1009.9186445660471,9.901163182020069
11887,Tim Walz replaced as Democratic VP nominee?,tim-walz-out-as-democratic-vp-nominee,504598,tim-walz-out-as-democratic-vp-nominee,Yes,0.03,41271.42,1238.14,3.0%,,,,,,,,,,2026-05-28 01:02:08 UTC,2024-10-13 21:49:10+00:00,2024-10-13 21:49:10 UTC,0x8074b583f93da4cea696a4739bbc780aad074fce6956648e5aa9e597462387eb,0x8be44e0d22b30f567d8e65645a8a01a167bb49e2,True,No,0.0,False,,100,3333.3333333333335,2.0,0.0,-102.0,-1.0
16180,Maduro out in 2025?,maduro-out-in-2025,516947,maduro-out-in-2025-411,Yes,0.05,24754.0,1237.7,5.0%,,,,,,,,,,2026-05-28 01:04:29 UTC,2025-12-16 08:43:15+00:00,2025-12-16 08:43:15 UTC,0x3bb71c930a367b51b4f03e8cfc61b142b9e35adb3cca48df49ec1337a6d8561b,0x0e5c87dd284c344ad2050c32029e73a31e696390,True,No,0.0,False,,100,2000.0,2.0,0.0,-102.0,-1.0
17792,No change in Fed interest rates after June 2025 meeting?,fed-decision-in-june,521836,no-change-in-fed-interest-rates-after-june-2025-meeting,No,0.029,42649.77,1236.84,2.9%,,,,,,,,,,2026-05-28 01:05:09 UTC,2025-06-10 14:02:23+00:00,2025-06-10 14:02:23 UTC,0x8bd0f3a5092d94731fe70e3db97932ca801fb40c4d1cb18ecf7fcbdc1f0dcc64,0x0914c946a8e2843113494be5676c0c82c02b9c93,True,Yes,0.0,False,,100,3448.275862068965,2.0,0.0,-102.0,-1.0
15665,Fed decreases interest rates by 25 bps after March 2025 meeting?,fed-decision-in-march,516009,fed-decreases-interest-rates-by-25-bps-after-march-2025-meeting,Yes,0.012637119849574885,97856.0,1236.62,1.3%,,,,,,,,,,2026-05-28 01:04:18 UTC,2025-03-19 00:33:24+00:00,2025-03-19 00:33:24 UTC,0xf41a90b8f7a12ab99a09b54267c2ca9b645ff9c612865e5233e238c1753f6b49,0xfe8c733e5f52dc77b8ec11f80eab56a24b652813,True,No,0.0,False,,100,7913.195505806967,2.0,0.0,-102.0,-1.0
14220,Fed decreases interest rates by 25 bps after January 2025 meeting?,fed-interest-rates-january-2025,512323,fed-decreases-interest-rates-by-25-bps-after-january-2025-meeting,Yes,0.021865933811714106,56434.81818,1234.0,2.2%,,,,,,,,,,2026-05-28 01:03:46 UTC,2025-01-27 04:55:23+00:00,2025-01-27 04:55:23 UTC,0xf450bfb2c61a0739643a25c686ffddc809f63c191920901bda9abbfd48f9e23e,0x7cba217ba2f8b0a021cb119039763066ce041c70,True,No,0.0,False,,100,4573.324005326843,2.0,0.0,-102.0,-1.0
15665,No change in Fed interest rates after March 2025 meeting?,fed-decision-in-march,516010,no-change-in-fed-interest-rates-after-march-2025-meeting,No,0.07930725865821393,15553.15,1233.48,7.9%,,,,,,,,,,2026-05-28 01:04:20 UTC,2025-03-04 21:17:48+00:00,2025-03-04 21:17:48 UTC,0xfccc69bf332dbcba10d0ce9cf52d5d03fa8078f056ce777e39430d6d4cdd296b,0xa9ee0279edee743ed85fb293c079994a24635a28,True,Yes,0.0,False,,100,1260.9186308023131,2.0,0.0,-102.0,-1.0
15437,Will Biden pardon SBF?,who-will-biden-pardon,500502,will-biden-pardon-sbf-this-term,Yes,0.0246476768,50000.0,1232.38,2.5%,,,,,,,,,,2026-05-28 01:04:14 UTC,2024-11-15 04:35:33+00:00,2024-11-15 04:35:33 UTC,0x2eb7cd33815ea598063236a9d2de96cd47e2caedf1884fc2058009d2f021b6d6,0xcd8b783ac0d31d8846ccb8da39db5b447d5fd89d,True,No,0.0,False,,100,4057.177510539249,2.0,0.0,-102.0,-1.0
11468,Trump wins every swing state?,trump-wins-every-swing-state,503385,trump-wins-every-swing-state,No,0.08776637597044173,14038.71,1232.13,8.8%,,,,,,,,,,2026-05-28 01:01:44 UTC,2024-11-06 06:36:53+00:00,2024-11-06 06:36:53 UTC,0x2c679a361c9b2fb573c6cbe9273838efc48b1fae6d8181806693744df05f9cd7,0x6ec526695873c981222e418a44a331c6c45d2eaa,True,Yes,0.0,False,,100,1139.38850606841,2.0,0.0,-102.0,-1.0
15052,Yoon out as president of South Korea in 2024?,yoon-out-as-president-of-south-korea-in-2024,514550,yoon-out-as-president-of-south-korea-in-2024,Yes,0.05,24602.0,1230.1,5.0%,,,,,,,,,,2026-05-28 01:04:09 UTC,2024-12-16 10:09:18+00:00,2024-12-16 10:09:18 UTC,0x7b467b99d8a35c195c447ab1451dbfd799e898cb508cbfa2b8f4e70a022e2658,0xc7b236995b438747166b8c4338861d0c752bece3,True,No,0.0,False,,100,2000.0,2.0,0.0,-102.0,-1.0
12181,Will George Bush speak at the DNC?,will-george-bush-speak-at-the-dnc,505692,will-george-bush-speak-at-the-dnc,Yes,0.03467861738511018,35468.54208,1230.0,3.5%,,,,,,,,,,2026-05-28 01:02:32 UTC,2024-08-23 02:30:28+00:00,2024-08-23 02:30:28 UTC,0x84c44ac50a13a93274bc34bb3a40ca85387410c21faa778ffa524000c7555484,0x0677445aca95c5422717a87ff99805e06f581477,True,No,0.0,False,,100,2883.621307317073,2.0,0.0,-102.0,-1.0
12681,Will Israel invade Lebanon in September?,will-israel-invade-lebanon-in-september,507417,will-israel-invade-lebanon-in-september,Yes,0.07932220787604906,15490.0,1228.7,7.9%,,,,,,,,,,2026-05-28 01:02:46 UTC,2024-10-07 08:59:58+00:00,2024-10-07 08:59:58 UTC,0x3f3f0e15ba2916c75dee591cddb76a5dbb33dc5966d65518c80aa4de1452e8d2,0xc4439174a5d5f821e173ce86def1d86c3145f19f,True,No,0.0,False,,100,1260.6809956205782,2.0,0.0,-102.0,-1.0
16791,Russia x Ukraine ceasefire by February 1?,russia-x-ukraine-ceasefire-by-february-1,518704,russia-x-ukraine-ceasefire-by-february-1,Yes,0.014630809441643524,83916.068,1227.76,1.5%,,,,,,,,,,2026-05-28 01:04:46 UTC,2025-01-23 21:37:18+00:00,2025-01-23 21:37:18 UTC,0x5741d8fa9c567e6e3520456fc1093d28e52c07b467f14037dbdc92c641ec0bbc,0xa533b03a53aaeb14000e093efd5b0914d1d0a6a2,True,No,0.0,False,,100,6834.89183553789,2.0,0.0,-102.0,-1.0
11650,JD Vance replaced as Republican VP nominee?,jd-vance-steps-down-as-republican-vp-nominee,503989,jd-vance-steps-down-as-republican-vp-nominee,Yes,0.045403708944699375,27024.223957,1227.0,4.5%,,,,,,,,,,2026-05-28 01:01:53 UTC,2024-08-16 16:57:58+00:00,2024-08-16 16:57:58 UTC,0x7bf77e984c5a266cf5bd700ef2a94536870cbdb00aea6f6d0289b8e0ec3ab11f,0x86a23f3d2841fdf28e26f8dd801a7a190564be38,True,No,0.0,False,,100,2202.4632419742975,2.0,0.0,-102.0,-1.0
16432,Conservatives win majority in Canadian election?,will-the-conservative-party-win-a-majority-in-next-canadian-election,517600,will-the-conservative-party-win-a-majority-in-next-canadian-election,Yes,0.06828528056758447,17968.733361,1227.0,6.8%,,,,,,,,,,2026-05-28 01:04:36 UTC,2025-04-29 01:16:30+00:00,2025-04-29 01:16:30 UTC,0xe7153d44fe3b69e24e5f08a688546d6a72e822539ff38d7a476cba4338d547b1,0xc3232c9ca2263c97686a5245ca6e461c0ff5e353,True,No,0.0,False,,100,1464.4444478927826,2.0,0.0,-102.0,-1.0
11797,Will Kamala Harris drop out in August?,will-kamala-drop-out-in-august,504399,will-kamala-drop-out-in-august,Yes,0.02397707851959316,51172.96,1226.98,2.4%,,,,,,,,,,2026-05-28 01:01:58 UTC,2024-08-18 07:46:05+00:00,2024-08-18 07:46:05 UTC,0xda1ef68dcaf1676ff6f59f259834033237307875e4ced3e6711d08e37ccaaf63,0xe4f5305ba3cc55013196ad7888e427c06e239663,True,No,0.0,False,,100,4170.649894576764,2.0,0.0,-102.0,-1.0
17088,Russia x Ukraine ceasefire before July?,russia-x-ukraine-ceasefire-before-july,519628,russia-x-ukraine-ceasefire-before-july,Yes,0.09,13625.41,1226.29,9.0%,,,,,,,,,,2026-05-28 01:04:53 UTC,2025-05-26 02:39:38+00:00,2025-05-26 02:39:38 UTC,0x032ec4da9507bb7b49c61628ee405a8b7e599017b266480ebf8b0da5f8fa34e0,0x602f99080742ae24862082a3b6867af01d44d46a,True,No,0.0,False,,100,1111.111111111111,2.0,0.0,-102.0,-1.0
12273,Will Kamala lead in RCP by 0-0.9 September 6?,trump-vs-harris-polling-margin-on-sept-6,505976,will-kamala-lead-in-rcp-by-0-0pt9-september-6,Yes,0.06944679700567544,17642.71,1225.23,6.9%,,,,,,,,,,2026-05-28 01:02:33 UTC,2024-09-01 13:15:49+00:00,2024-09-01 13:15:49 UTC,0x9d91f7a2330943d29556cde519fe0e1bad922e8fbe2c10b351650ee3c627d2d8,0x96b59f71f635da5da031e3e93448c54fe226f5e7,True,No,0.0,False,,100,1439.9512189428642,2.0,0.0,-102.0,-1.0
11536,RFK Jr. endorses Trump in August?,rfk-jr-endorses-trump,503535,rfk-jr-endorses-trump,No,0.04881584401985254,25097.04,1225.13,4.9%,,,,,,,,,,2026-05-28 01:01:49 UTC,2024-08-25 13:48:36+00:00,2024-08-25 13:48:36 UTC,0x36f3b055cf5c73850edf774a3cb4acbad09ffb6acb72992ef89f3d0fd9c7f021,0xb404c41dc29a113bb984f9b86ad556b5bfb40a05,True,Yes,0.0,False,,100,2048.5152312296755,2.0,0.0,-102.0,-1.0
17088,Russia x Ukraine ceasefire before July?,russia-x-ukraine-ceasefire-before-july,519628,russia-x-ukraine-ceasefire-before-july,Yes,0.027014808683839625,45308.483,1224.0,2.7%,,,,,,,,,,2026-05-28 01:04:53 UTC,2025-06-12 18:22:09+00:00,2025-06-12 18:22:09 UTC,0xb53ee89868dd138f72f8d3b01df91b759ac1aafd01da13d3454c6ab9ce1322dd,0x545d337df3962904469b6bb540c74be3a5d6c122,True,No,0.0,False,,100,3701.6734477124182,2.0,0.0,-102.0,-1.0
15437,Will Biden pardon Trump?,who-will-biden-pardon,506488,will-biden-pardon-trump,Yes,0.050499545321269136,24214.9,1222.84,5.0%,,,,,,,,,,2026-05-28 01:04:14 UTC,2024-12-26 05:20:03+00:00,2024-12-26 05:20:03 UTC,0xea6143bb7b30739f576e0768719bfab47e72c5c38ac07fcf1da5e6c47b72fab1,0x1cba7e44bcfd5acc4513f554ab9e86453d086a4c,True,No,0.0,False,,100,1980.2158487530485,2.0,0.0,-102.0,-1.0
12700,Israeli forces enters Lebanon in September?,israeli-forces-enters-lebanon-in-september,507472,israeli-forces-enters-lebanon-in-september,No,0.011,111111.0,1222.22,1.1%,,,,,,,,,,2026-05-28 01:02:47 UTC,2024-10-01 09:55:26+00:00,2024-10-01 09:55:26 UTC,0x1dd2dbc995e55bce966e6d02826d36f33572806a8b11dc42260bff17c62c1c83,0x9e9a1fa7a66d409094b28d000e736c5ce07a8d22,True,Yes,0.0,False,,100,9090.909090909092,2.0,0.0,-102.0,-1.0
10169,Will a Democrat win New Mexico Presidential Election?,new-mexico-presidential-election-winner-2024,500511,will-a-democrat-win-new-mexico-presidential-election,No,0.08,15266.09,1221.29,8.0%,,,,,,,,,,2026-05-28 01:01:16 UTC,2024-08-20 19:35:01+00:00,2024-08-20 19:35:01 UTC,0xa33528f8cc274eee568fe5836bec15bf7d45a7e63cc7d0f983a4dfdf9c2f22d2,0x79f293c48f651baa31c8086a228102f57b127620,True,Yes,0.0,False,,100,1250.0,2.0,0.0,-102.0,-1.0
10656,Will a Democrat win the popular vote and a Republican win the Presidency?,which-party-wins-presidency-popular-vote,501589,will-a-democrat-win-the-popular-vote-and-a-republican-win-the-presidency,Yes,0.025,48820.0,1220.5,2.5%,,,,,,,,,,2026-05-28 01:01:21 UTC,2024-11-06 06:18:17+00:00,2024-11-06 06:18:17 UTC,0xc09ac8d3fc12e181edcb787be2912cb8fa0a780de2994a8e285bfb1ceda5a91d,0x6236a163db74732a2004c0c162d8536dbf2d15f1,True,No,0.0,False,,100,4000.0,2.0,0.0,-102.0,-1.0
13464,"Will there be 150,000,000-155,000,000 votes cast in the U.S. Presidential Election?",turnout-in-2024-presidential-election,510524,will-there-be-150000000-155000000-votes-cast-in-the-us-presidential-election,Yes,0.08,15243.65,1219.49,8.0%,,,,,,,,,,2026-05-28 01:03:02 UTC,2024-11-19 12:14:15+00:00,2024-11-19 12:14:15 UTC,0xa0db602556bc72126d05c5125671f9d77ab7a1dbdce6d4a0f0ec7ec710fe1319,0xa58686146c8d87514cf561e63c4ad01dfc1186f5,True,No,0.0,False,,100,1250.0,2.0,0.0,-102.0,-1.0
11910,GOP wins popular vote by 3-4%?,popular-vote-margin-of-victory-in-presidential-election,504677,gop-wins-popular-vote-by-3-4,Yes,0.034059259244763676,35770.79,1218.33,3.4%,,,,,,,,,,2026-05-28 01:02:10 UTC,2024-08-22 11:01:26+00:00,2024-08-22 11:01:26 UTC,0x41bd9fd07c74e96ec3ad715165699bc1fb05d80641bdbdaf8298524062771d6a,0xcd1191170ad8d6269bf9dd5eb17c2e893f3fe918,True,No,0.0,False,,100,2936.0591574044333,2.0,0.0,-102.0,-1.0
11385,Will Mark Kelly be the 2024 Democratic VP nominee?,democratic-vp-nominee,503228,will-mark-kelly-be-the-2024-democratic-vp-nominee,Yes,0.06977085295404914,17456.04,1217.92,7.0%,,,,,,,,,,2026-05-28 01:01:39 UTC,2024-08-04 21:54:59+00:00,2024-08-04 21:54:59 UTC,0xad0ca2af5d576fa12bbbd3a32dcc8f2b6d9eb50cd1cd18c6255751d393f5c819,0x9b5025fa6590320df2ecec335a1cf49c38c943e8,True,No,0.0,False,,100,1433.2632577368615,2.0,0.0,-102.0,-1.0
11385,Will Tim Walz be the 2024 Democratic VP nominee?,democratic-vp-nominee,503191,will-tim-walz-be-the-2024-democratic-vp-nominee,Yes,0.09996715822317104,12179.0,1217.5,10.0%,,,,,,,,,,2026-05-28 01:01:39 UTC,2024-08-02 23:17:32+00:00,2024-08-02 23:17:32 UTC,0xf2fccd22d3b33186cbd4b74f285c9d2bc5a15b114b60e5cdb55b14c64a50b996,0xc8c80d5ce8abe19e72ead720599e12cb8fa67407,True,Yes,0.0,True,,100,1000.3285256619544,2.0,1000.3285256619544,898.3285256619544,8.807142408450533
17140,Fed decreases interest rates by 25 bps after May 2025 meeting?,fed-decision-in-may-2025,519777,fed-decreases-interest-rates-by-25-bps-after-may-2025-meeting,Yes,0.09,13526.09,1217.35,9.0%,,,,,,,,,,2026-05-28 01:04:56 UTC,2025-04-29 15:26:40+00:00,2025-04-29 15:26:40 UTC,0x38f67dfbb8daf41a805bcc4de8e6637a8b114b22bcbbd6a980d432a05dc2b21e,0xdcc9d68a4bad9fc8becd27a03ee5b2b4feda4534,True,No,0.0,False,,100,1111.111111111111,2.0,0.0,-102.0,-1.0
11696,No change in Fed interest rates after 2024 September meeting?,fed-interest-rates-september-2024,504071,no-change-in-fed-interest-rates-after-2024-september-meeting,Yes,0.04289643210331661,28374.14,1217.15,4.3%,,,,,,,,,,2026-05-28 01:01:55 UTC,2024-09-06 03:19:05+00:00,2024-09-06 03:19:05 UTC,0x4c10c3da5d52db971defab1b49b944d9d4bfe8538f81e712c471c07b85375b95,0x8d83e7c9b0a2b491503c0fd3dc228bcab9953c0d,True,No,0.0,False,,100,2331.1962113573622,2.0,0.0,-102.0,-1.0
11143,Will Trump launch a coin before the election?,will-trump-launch-a-coin-before-the-election,502571,will-trump-launch-a-coin-before-the-election,No,0.025797282953290975,47175.510739,1217.0,2.6%,,,,,,,,,,2026-05-28 01:01:31 UTC,2024-10-16 20:22:38+00:00,2024-10-16 20:22:38 UTC,0x1d4805e3d8805975b053be2d68d7e73dabe9c9a3850dcd07b4e7cf41663fedf9,0xcf9557a44b77308af4d9457fa67ceea04c132bbb,True,Yes,0.0,False,,100,3876.3772208515834,2.0,0.0,-102.0,-1.0
11650,JD Vance replaced as Republican VP nominee?,jd-vance-steps-down-as-republican-vp-nominee,503989,jd-vance-steps-down-as-republican-vp-nominee,Yes,0.05795235828853822,20990.01,1216.42,5.8%,,,,,,,,,,2026-05-28 01:01:53 UTC,2024-08-15 18:12:33+00:00,2024-08-15 18:12:33 UTC,0x67a12ecdd0d1536703bb4fecf7366b5b3177d352d45c06d3189fc4d1671bf1dc,0xe64ffa7621459172ad81960762d5760e65d444a5,True,No,0.0,False,,100,1725.5553173886617,2.0,0.0,-102.0,-1.0
11910,GOP wins popular vote by 1-2%?,popular-vote-margin-of-victory-in-presidential-election,504679,gop-wins-popular-vote-by-1-2,Yes,0.08995340843203843,13521.76,1216.33,9.0%,,,,,,,,,,2026-05-28 01:02:08 UTC,2024-10-15 05:13:27+00:00,2024-10-15 05:13:27 UTC,0x27eadf686dd8b9b9688eddfbf72152c63c4428de84cf8feb29d2accb909aa80b,0x8c193dafb1d5b595f0f304226dab94105e5cc349,True,Yes,0.0,True,,100,1111.6866135823188,2.0,1111.6866135823188,1009.6866135823188,9.898888368454106
17792,No change in Fed interest rates after June 2025 meeting?,fed-decision-in-june,521836,no-change-in-fed-interest-rates-after-june-2025-meeting,No,0.03821748153555415,31825.488,1216.29,3.8%,,,,,,,,,,2026-05-28 01:05:11 UTC,2025-06-05 08:30:20+00:00,2025-06-05 08:30:20 UTC,0xb857fa9eaad31f1cd07f9a2a444f12836eeda2319e42881fdeb6d0d1b97da492,0xe5c9c3b83a8704c50cd1636f54a1225f4aaf45e9,True,Yes,0.0,False,,100,2616.6036060478996,2.0,0.0,-102.0,-1.0
17523,China x Taiwan military clash by December 31?,china-x-taiwan-military-clash-by,521019,china-x-taiwan-military-clash-by-december-31,Yes,0.09,13512.8,1216.15,9.0%,,,,,,,,,,2026-05-28 01:05:02 UTC,2025-07-13 05:05:19+00:00,2025-07-13 05:05:19 UTC,0x60d364ba51c91da3239ecb49f3d54e98ec14f0d8d3ff809fa0f6a9e11b7b77e9,0x4755a94927aecf87285e1d2e6744e6f61e447ad2,True,No,0.0,False,,100,1111.111111111111,2.0,0.0,-102.0,-1.0
10223,"2024 Balance of Power: D Prez, R Senate, R House",balance-of-power-2024-election,500638,2024-balance-of-power-democratic-presidency-republican-house-and-senate,Yes,0.0528,23000.0,1214.4,5.3%,,,,,,,,,,2026-05-28 01:01:13 UTC,2024-10-24 17:33:48+00:00,2024-10-24 17:33:48 UTC,0x3c2dab641e9686cfe5c991dee53c8f0d27b1bc9021b4923dd63b5f8aa30ecada,0x9623fd16b4f3d20d2c6ae9585570fc3e7f538cdf,True,No,0.0,False,,100,1893.939393939394,2.0,0.0,-102.0,-1.0
16432,Conservatives win majority in Canadian election?,will-the-conservative-party-win-a-majority-in-next-canadian-election,517600,will-the-conservative-party-win-a-majority-in-next-canadian-election,Yes,0.09,13482.05,1213.38,9.0%,,,,,,,,,,2026-05-28 01:04:36 UTC,2025-04-20 01:57:38+00:00,2025-04-20 01:57:38 UTC,0x4d9305b0f741bc7a0d3750ed9c0bb6d05c95259963bd9ab67a0104eebdc3cc11,0x46aefec9875a0089d94efe3bf4db492260602eff,True,No,0.0,False,,100,1111.111111111111,2.0,0.0,-102.0,-1.0
16180,"Maduro out by November 30, 2025?",maduro-out-in-2025,663849,maduro-out-by-november-30-2025,Yes,0.06596861212347205,18370.15,1211.85,6.6%,,,,,,,,,,2026-05-28 01:04:33 UTC,2025-11-16 20:41:27+00:00,2025-11-16 20:41:27 UTC,0x2d99ff96013bcb9d0d530251ab7c9aa4ea06746094ac3d2eb4033554a60f3df9,0x028c819454046bcc4f8568375b1ac54383182419,True,No,0.0,False,,100,1515.8724244923044,2.0,0.0,-102.0,-1.0
14023,Will Donald Trump be inaugurated?,who-will-be-inaugurated-as-president,511754,will-donald-trump-be-inaugurated,No,0.010321131166456297,117365.22,1211.34,1.0%,,,,,,,,,,2026-05-28 01:03:19 UTC,2025-01-19 00:42:13+00:00,2025-01-19 00:42:13 UTC,0x15fef1e19e35f5e2fb04d53d120b96ce83c336ce68ab2bbdbb9a444ee65923b6,0x0a72448c20f42ff898ec31179f9e549255cc45fd,True,Yes,0.0,False,,100,9688.860492830501,2.0,0.0,-102.0,-1.0
16180,"Maduro out by November 30, 2025?",maduro-out-in-2025,663849,maduro-out-by-november-30-2025,Yes,0.0800046323083932,15107.500205,1208.67,8.0%,,,,,,,,,,2026-05-28 01:04:33 UTC,2025-11-23 14:31:41+00:00,2025-11-23 14:31:41 UTC,0x6c8b706e389af69651f71600465c1227b9b075b6af0451c272c8e01dd3c2271b,0x3426cd135c5d89cadcbdcc258c4f447ed90abf5d,True,No,0.0,False,,100,1249.927624372184,2.0,0.0,-102.0,-1.0
14220,Fed decreases interest rates by 25 bps after January 2025 meeting?,fed-interest-rates-january-2025,512323,fed-decreases-interest-rates-by-25-bps-after-january-2025-meeting,Yes,0.016091412398964278,74935.13,1205.81,1.6%,,,,,,,,,,2026-05-28 01:03:45 UTC,2025-01-29 18:46:41+00:00,2025-01-29 18:46:41 UTC,0x055e297f1897dc996d2dfc6bc0a4ceaa213cf622cb7f1c556b2ea0cff4e4daca,0xa59516996b5803e2b1ecb9df4db492c494743fde,True,No,0.0,False,,100,6214.494882154439,2.0,0.0,-102.0,-1.0
17792,No change in Fed interest rates after June 2025 meeting?,fed-decision-in-june,521836,no-change-in-fed-interest-rates-after-june-2025-meeting,No,0.03978411185188327,30282.4405,1204.76,4.0%,,,,,,,,,,2026-05-28 01:05:11 UTC,2025-06-05 20:51:12+00:00,2025-06-05 20:51:12 UTC,0x92bb736bd3ebf5464d58c54e17881334a93d0ae562d23e2cea29b25ecde9dffa,0x3ea48f78913a24041c92298c381c228b71ab2e1e,True,Yes,0.0,False,,100,2513.5662289584648,2.0,0.0,-102.0,-1.0
14039,Will Biden resign in 2024?,will-biden-resign-in-2024,511885,will-biden-resign-in-2024,Yes,0.024724305749486652,48700.0,1204.07,2.5%,,,,,,,,,,2026-05-28 01:03:33 UTC,2024-12-20 13:51:30+00:00,2024-12-20 13:51:30 UTC,0xcc4ca4661ac33943cf8f69975759cf7f8b9f852b1fcccd0e05e2d9c794e1913f,0x48362f4c13c94804eb5a9bd79cf6de830d930964,True,No,0.0,False,,100,4044.6029511698744,2.0,0.0,-102.0,-1.0
12641,TikTok banned in the US before May 2025?,tiktok-banned-in-the-us-before-may-2025,507276,tiktok-banned-in-the-us-before-may-2025,No,0.038984057174880085,30875.955127,1203.67,3.9%,,,,,,,,,,2026-05-28 01:02:43 UTC,2025-01-19 22:54:34+00:00,2025-01-19 22:54:34 UTC,0x53cf26b6a8cc4ce192b6858ed46c04762b09e19764096c37c1e3983242235bbd,0xebdc103d763afd50a8e7c200153fee662da0ea3a,True,Yes,0.0,False,,100,2565.1511732451586,2.0,0.0,-102.0,-1.0
10588,Will Tulsi Gabbard win the 2024 Republican VP nomination?,republican-vp-supplemental,501432,will-tulsi-gabbard-win-the-2024-republican-vp-nomination,Yes,0.07898651759289707,15205.0,1200.99,7.9%,,,,,,,,,,2026-05-28 01:01:21 UTC,2024-07-14 00:17:29+00:00,2024-07-14 00:17:29 UTC,0xee803b410c39962874173a384d02091a59930a10ee14ba29c4c41ea847320264,0x4abb035f4fe007fb13b2fc98d74cba53d3e6e789,True,No,0.0,False,,100,1266.0388512810266,2.0,0.0,-102.0,-1.0
10170,Will a Republican win New York Presidential Election?,new-york-presidential-election-winner-2024,500515,will-a-republican-win-new-york-presidential-election,Yes,0.0380952380952381,31500.0,1200.0,3.8%,,,,,,,,,,2026-05-28 01:01:13 UTC,2024-11-05 17:00:09+00:00,2024-11-05 17:00:09 UTC,0x103286f50faec949e46299a5a4c2b80a95984698df34b40fdd5557ab80e17633,0x83e159ec0aa4ab0c1dc09c0692bde2ac4df5847c,True,No,0.0,False,,100,2624.9999999999995,2.0,0.0,-102.0,-1.0
10223,"2024 Balance of Power: R Prez, D Senate, D House",balance-of-power-2024-election,500639,2024-balance-of-power-republican-presidency-democratic-house-and-senate,Yes,0.01463422819801884,81999.541333,1200.0,1.5%,,,,,,,,,,2026-05-28 01:01:13 UTC,2024-11-04 14:25:50+00:00,2024-11-04 14:25:50 UTC,0x203096c9aadbcf023b58d2fe7cade25efec21cf74c5694b566018dffb33acdb4,0x0e74d70b99f3cfa4d8b7895c8ea1f8b0d87571bb,True,No,0.0,False,,100,6833.295111083334,2.0,0.0,-102.0,-1.0
10223,"2024 Balance of Power: R Prez, D Senate, R House",balance-of-power-2024-election,500636,2024-balance-of-power-republican-presidency-and-house-democratic-senate,Yes,0.01260697910735336,95185.372307,1200.0,1.3%,,,,,,,,,,2026-05-28 01:01:13 UTC,2024-11-04 14:25:40+00:00,2024-11-04 14:25:40 UTC,0x768de914dcc1142aebc45155300e5eb222faf7ca74131425a976db5f2e0d395f,0x0e74d70b99f3cfa4d8b7895c8ea1f8b0d87571bb,True,No,0.0,False,,100,7932.114358916666,2.0,0.0,-102.0,-1.0
11322,Will Biden finish his term?,will-biden-complete-his-term-as-president,503013,will-biden-complete-his-term-as-president,No,0.06,20000.0,1200.0,6.0%,,,,,,,,,,2026-05-28 01:01:34 UTC,2024-12-11 15:27:13+00:00,2024-12-11 15:27:13 UTC,0x1ed506c9d500cb10a0936917e70426350b816375786f9ab8140febc8e925fd7f,0x21f90e5ff30c12f52fbb2fb220aa268f22faed12,True,Yes,0.0,False,,100,1666.6666666666667,2.0,0.0,-102.0,-1.0
11321,Will Biden announce resignation by July 31?,will-biden-resign-by-july-31,503011,will-biden-resign-by-july-31,Yes,0.07737780395640836,15508.3233,1200.0,7.7%,,,,,,,,,,2026-05-28 01:01:36 UTC,2024-07-02 21:26:33+00:00,2024-07-02 21:26:33 UTC,0xc17609f2a5a8203e818b422966b293bb9aff57a52eac0ac6cb799fca8bc8d0ba,0x5b09455a9f99e6ccd0557c5ee890fd76e1c8bca8,True,No,0.0,False,,100,1292.360275,2.0,0.0,-102.0,-1.0
11650,JD Vance replaced as Republican VP nominee?,jd-vance-steps-down-as-republican-vp-nominee,503989,jd-vance-steps-down-as-republican-vp-nominee,Yes,0.016999845457238257,70588.877,1200.0,1.7%,,,,,,,,,,2026-05-28 01:01:53 UTC,2024-08-27 14:07:24+00:00,2024-08-27 14:07:24 UTC,0x883cb8919e5a7c939e61a37e60718068ced2247d550d854d92e972bb5768f8b1,0xd18f887f9da34cd6a40df582d7c6b18c25a9681e,True,No,0.0,False,,100,5882.406416666666,2.0,0.0,-102.0,-1.0
11827,Fed decreases interest rates by 25 bps after November 2024 meeting?,fed-interest-rates-november-2024,504492,fed-decreases-interest-rates-by-25-bps-after-november-2024-meeting,No,0.08,15000.0,1200.0,8.0%,,,,,,,,,,2026-05-28 01:02:03 UTC,2024-11-02 23:17:36+00:00,2024-11-02 23:17:36 UTC,0xe4df2df46cff1209fe1a50540f9a32ed40e028f62541e1710d5146a8e0522c12,0xe2b1fc269d0c2e27da11fadd1d9596fe28227d2a,True,Yes,0.0,False,,100,1250.0,2.0,0.0,-102.0,-1.0
11910,GOP wins popular vote by 1-2%?,popular-vote-margin-of-victory-in-presidential-election,504679,gop-wins-popular-vote-by-1-2,Yes,0.08613557749642556,13931.525554,1200.0,8.6%,,,,,,,,,,2026-05-28 01:02:08 UTC,2024-10-21 06:57:35+00:00,2024-10-21 06:57:35 UTC,0x8e793a081fd5bcb7181b7611f6274a4da0263bcafe74a215ad233552649bc1b0,0xd4df65233acbe3cfbfcbe7a5bb6d6f1c70937f8e,True,Yes,0.0,True,,100,1160.9604638008004,2.0,1160.9604638008004,1058.9604638008004,10.381965331380396
11910,GOP wins popular vote by 2-3%?,popular-vote-margin-of-victory-in-presidential-election,504678,gop-wins-popular-vote-by-2-3,Yes,0.07096142649899766,16910.595773,1200.0,7.1%,,,,,,,,,,2026-05-28 01:02:08 UTC,2024-10-21 06:57:25+00:00,2024-10-21 06:57:25 UTC,0xabcac4a59b0e636f6e6b640908de51c227ceb4351124f589c1dda65e70fee935,0xd4df65233acbe3cfbfcbe7a5bb6d6f1c70937f8e,True,No,0.0,False,,100,1409.2163155910137,2.0,0.0,-102.0,-1.0
11910,Democrats win popular vote by 5-6%?,popular-vote-margin-of-victory-in-presidential-election,504704,democrats-win-popular-vote-by-5-6,Yes,0.08,15000.0,1200.0,8.0%,,,,,,,,,,2026-05-28 01:02:08 UTC,2024-09-30 22:19:50+00:00,2024-09-30 22:19:50 UTC,0x26994a7915f21d4bf5a7191d97d2ee7f38f4ee2e4967df2c4c1a8ba0cbbd9da7,0x8076518e218a01628c5837c84111b4f7b4366114,True,No,0.0,False,,100,1250.0,2.0,0.0,-102.0,-1.0
11940,3 Trump vs. Harris debates before election?,number-of-debates-between-trump-and-harris,504760,3-trump-vs-harris-debates-before-election,Yes,0.06261598889259147,19164.4342,1200.0,6.3%,,,,,,,,,,2026-05-28 01:02:08 UTC,2024-09-14 01:33:35+00:00,2024-09-14 01:33:35 UTC,0xde9df830dfd915ca23369044b4b951ab1ef9b2bbc9d556aeb299ac9a1f1410aa,0x2621149af7cb61b8e28a8ae79c7135e04a76af21,True,No,0.0,False,,100,1597.0361846641968,2.0,0.0,-102.0,-1.0
11906,Kamala Harris replaced as nominee at DNC?,kamala-swap-at-dnc,504653,kamala-swap-at-dnc,Yes,0.010820224317455612,110903.430908,1200.0,1.1%,,,,,,,,,,2026-05-28 01:02:10 UTC,2024-08-19 15:33:23+00:00,2024-08-19 15:33:23 UTC,0x9b3635f1466a5c071ca373ac30f6ed6cfd82852ab485fc09d0ef81d25eef655b,0x93b33614739613d8faba18b027da20d5074b6436,True,No,0.0,False,,100,9241.952575666668,2.0,0.0,-102.0,-1.0
12120,Favorite to win on Polymarket day before election?,favorite-to-win-on-polymarket-day-before-election,505437,favorite-to-win-on-polymarket-day-before-election,Kamala,0.08,15000.0,1200.0,8.0%,,,,,,,,,,2026-05-28 01:02:21 UTC,2024-11-01 22:09:54+00:00,2024-11-01 22:09:54 UTC,0x0cb6e4ba8a56ac0b1f3f1a218adb76b8b6d34e34363db8261d4c10b1545f8b05,0x3cf3e8d5427aed066a7a5926980600f6c3cf87b3,True,Trump,0.0,False,,100,1250.0,2.0,0.0,-102.0,-1.0
12641,TikTok banned in the US before May 2025?,tiktok-banned-in-the-us-before-may-2025,507276,tiktok-banned-in-the-us-before-may-2025,No,0.015056209889462874,79701.333125,1200.0,1.5%,,,,,,,,,,2026-05-28 01:02:43 UTC,2025-01-21 15:39:59+00:00,2025-01-21 15:39:59 UTC,0xfe2c2cbe41644ebc9b62beac176016065d4f83b1d58f845df25d5936af3b8250,0x716f28329a2b9c2001a050c759793974c0de9798,True,Yes,0.0,False,,100,6641.777760416667,2.0,0.0,-102.0,-1.0
12641,TikTok banned in the US before May 2025?,tiktok-banned-in-the-us-before-may-2025,507276,tiktok-banned-in-the-us-before-may-2025,No,0.012,100000.0,1200.0,1.2%,,,,,,,,,,2026-05-28 01:02:43 UTC,2025-01-20 08:54:59+00:00,2025-01-20 08:54:59 UTC,0x20c2430ac819ffbdad4d107b5420a7094e03345d36a26812dcc0296012e8549c,0x716f28329a2b9c2001a050c759793974c0de9798,True,Yes,0.0,False,,100,8333.333333333334,2.0,0.0,-102.0,-1.0
12795,Israel x Hezbollah Ceasefire in 2024?,israel-x-hezbollah-ceasefire-in-2024,507792,israel-x-hezbollah-ceasefire-in-2024,No,0.01421301355809714,84429.666875,1200.0,1.4%,,,,,,,,,,2026-05-28 01:02:49 UTC,2024-11-30 20:08:45+00:00,2024-11-30 20:08:45 UTC,0x35293ad55f9dea71c65405741dbd8f2b216d43b738c8fe755f3191ac35739fa7,0x325814388cc3fb15177fa730b765151f8a915a4e,True,Yes,0.0,False,,100,7035.805572916667,2.0,0.0,-102.0,-1.0
14178,Will Trump pardon SBF in his first 100 days?,trump-pardons,512161,will-trump-pardon-sbf-in-his-first-100-days,Yes,0.036130413049981956,33213.01634,1200.0,3.6%,,,,,,,,,,2026-05-28 01:03:36 UTC,2025-04-01 13:44:23+00:00,2025-04-01 13:44:23 UTC,0x08d04008446b133a6555c261aa50ae3f931e1a0444b537d33adb6650c7d915b1,0x76cd775630e303f901042f1402f4afa18ba34338,True,No,0.0,False,,100,2767.7513639731264,2.0,0.0,-102.0,-1.0
14231,GOP wins popular vote by 1.75-2.0%?,popular-vote-margin-of-victory-0pt25-ranges,512348,gop-wins-popular-vote-by-1pt75-2pt0,Yes,0.0931200160015449,12886.595713,1200.0,9.3%,,,,,,,,,,2026-05-28 01:03:51 UTC,2024-11-14 16:29:23+00:00,2024-11-14 16:29:23 UTC,0xab97c03af99836a4229e806b1f78bf37813d4a0354247a065b2f06a402bd38d1,0x29b73d756a639950c1e6ceb75de6ece42967b5da,True,No,0.0,False,,100,1073.8829769782358,2.0,0.0,-102.0,-1.0
14547,Will Assad remain President of Syria through 2024?,will-assad-remain-president-of-syria-through-2024,513334,will-assad-remain-president-of-syria-through-2024,Yes,0.037822274363606266,31727.335788,1200.0,3.8%,,,,,,,,,,2026-05-28 01:03:57 UTC,2024-12-08 09:39:10+00:00,2024-12-08 09:39:10 UTC,0x0a9d3597bde86f0fc06dc14b1bf4fd1f4e272054b1c6e31ee6714522682190d9,0xada56dca2c42c7382aa84adb56bb36b3e731a69e,True,No,0.0,False,,100,2643.9446512032873,2.0,0.0,-102.0,-1.0
16108,Russia x Ukraine ceasefire in 2025?,russia-x-ukraine-ceasefire-in-2025,516719,russia-x-ukraine-ceasefire-in-2025,Yes,0.06,20000.0,1200.0,6.0%,,,,,,,,,,2026-05-28 01:04:31 UTC,2025-12-07 20:29:29+00:00,2025-12-07 20:29:29 UTC,0x7fd825caab78b569e759a794f1bdf05635e1f5433435460e0767eb786a863c23,0x029ef14dade1bba205cdb739ab0e1f2635e10159,True,No,0.0,False,,100,1666.6666666666667,2.0,0.0,-102.0,-1.0
16108,Russia x Ukraine ceasefire in 2025?,russia-x-ukraine-ceasefire-in-2025,516719,russia-x-ukraine-ceasefire-in-2025,Yes,0.06,20000.0,1200.0,6.0%,,,,,,,,,,2026-05-28 01:04:33 UTC,2025-11-12 09:42:19+00:00,2025-11-12 09:42:19 UTC,0x95889e2b047ed0ada517ecd39515446affe64c6b0d5571758d83906c3f1035a3,0x6c743aafd813475986dcd930f380a1f50901bd4e,True,No,0.0,False,,100,1666.6666666666667,2.0,0.0,-102.0,-1.0
17140,Fed decreases interest rates by 25 bps after May 2025 meeting?,fed-decision-in-may-2025,519777,fed-decreases-interest-rates-by-25-bps-after-may-2025-meeting,Yes,0.02062342249246894,58186.268571,1200.0,2.1%,,,,,,,,,,2026-05-28 01:04:55 UTC,2025-05-06 08:35:14+00:00,2025-05-06 08:35:14 UTC,0x715a54e9c279e2d5e6ab36de18897a93cf052eaacf685aec8ec8df6910076b5b,0xc386d9c3cb2da792db4fe6d9b57afa2acc7f86d7,True,No,0.0,False,,100,4848.85571425,2.0,0.0,-102.0,-1.0
17140,Fed decreases interest rates by 25 bps after May 2025 meeting?,fed-decision-in-may-2025,519777,fed-decreases-interest-rates-by-25-bps-after-may-2025-meeting,Yes,0.024,50000.0,1200.0,2.4%,,,,,,,,,,2026-05-28 01:04:55 UTC,2025-05-04 17:38:40+00:00,2025-05-04 17:38:40 UTC,0x366f639ed757cd0de74eadeedaee3c345077e84a5f572f5c36ae1137536ae8c4,0x7f37e74af0ffa06d9dd90b5d690de50cadbb7920,True,No,0.0,False,,100,4166.666666666667,2.0,0.0,-102.0,-1.0
16108,Russia x Ukraine ceasefire in 2025?,russia-x-ukraine-ceasefire-in-2025,516719,russia-x-ukraine-ceasefire-in-2025,Yes,0.03876761961780554,30900.5,1197.94,3.9%,,,,,,,,,,2026-05-28 01:04:29 UTC,2025-12-15 16:37:29+00:00,2025-12-15 16:37:29 UTC,0xc54e4a24ce04b70a388cc97071ded8f18bd9fc97073c1d290d210f516922183e,0x37447d42c55b62046ad1dbf20e8df95ebb90c141,True,No,0.0,False,,100,2579.472275725464,2.0,0.0,-102.0,-1.0
10656,Will a Republican win the popular vote and a Democrat win the Presidency?,which-party-wins-presidency-popular-vote,501588,will-a-republican-win-the-popular-vote-and-a-democrat-win-the-presidency,Yes,0.024515904376951867,48834.67,1197.23,2.5%,,,,,,,,,,2026-05-28 01:01:21 UTC,2024-11-05 17:11:43+00:00,2024-11-05 17:11:43 UTC,0x135f28233fb053a8dbeb5ade2ae3a983788b39abaf3825b6628565bf41951ccd,0x5fad92854594fe545456ccffd92749e65d241d0a,True,No,0.0,False,,100,4078.984746490241,2.0,0.0,-102.0,-1.0
10588,Will Glenn Youngkin win the 2024 Republican VP nomination?,republican-vp-supplemental,501440,will-glenn-youngkin-win-the-2024-republican-vp-nomination,Yes,0.09074091633012125,13192.39488,1197.09,9.1%,,,,,,,,,,2026-05-28 01:01:21 UTC,2024-07-13 10:23:50+00:00,2024-07-13 10:23:50 UTC,0xbd8d205dec77dc2a4e8a102517e09e4e52bf96505f73e6665ca3ee44c9335ce5,0x52e3a2d3a7480130df6b5f41f9710a8c21b6bb7e,True,No,0.0,False,,100,1102.038683808235,2.0,0.0,-102.0,-1.0
17792,Fed decreases interest rates by 25 bps after June 2025 meeting?,fed-decision-in-june,521835,fed-decreases-interest-rates-by-25-bps-after-june-2025-meeting,Yes,0.03586016680081156,33380.491665,1197.03,3.6%,,,,,,,,,,2026-05-28 01:05:11 UTC,2025-06-04 17:53:40+00:00,2025-06-04 17:53:40 UTC,0xb17675fec1d8ac68db221b999fd7ba1f2f906bb0c38746d34d0abc2fabc14288,0x0be2f65909f438414b583e60b1d76b2eb22bd69c,True,No,0.0,False,,100,2788.6094494612576,2.0,0.0,-102.0,-1.0
17792,Fed decreases interest rates by 25 bps after June 2025 meeting?,fed-decision-in-june,521835,fed-decreases-interest-rates-by-25-bps-after-june-2025-meeting,Yes,0.03240612860769039,36918.01,1196.37,3.2%,,,,,,,,,,2026-05-28 01:05:11 UTC,2025-06-05 19:19:58+00:00,2025-06-05 19:19:58 UTC,0x34b65e2be581bddc3504677f9ef6425c25a214b69c8df073bd9f59e00c91b6db,0x24b1e0c01d30b6e02a4de1ee82011a69893248ee,True,No,0.0,False,,100,3085.8360531306635,2.0,0.0,-102.0,-1.0
17792,No change in Fed interest rates after June 2025 meeting?,fed-decision-in-june,521836,no-change-in-fed-interest-rates-after-june-2025-meeting,No,0.04601092759696828,25984.044692,1195.55,4.6%,,,,,,,,,,2026-05-28 01:05:11 UTC,2025-06-04 14:19:34+00:00,2025-06-04 14:19:34 UTC,0x0a34c9a4846e7ce05bacd19b0fef7c54bf3d51f9dd8e3394d04ac8be440728ab,0x7c07dc57ffbdd38d5060fd6f9b8da36919555214,True,Yes,0.0,False,,100,2173.3967390518146,2.0,0.0,-102.0,-1.0
12641,TikTok banned in the US before May 2025?,tiktok-banned-in-the-us-before-may-2025,507276,tiktok-banned-in-the-us-before-may-2025,No,0.0478188996,25000.0,1195.47,4.8%,,,,,,,,,,2026-05-28 01:02:43 UTC,2025-01-19 23:18:12+00:00,2025-01-19 23:18:12 UTC,0x91b08597cb08f95bc054a23ff8a0e3961f7c8e5fc6fd1574a0cc19449595592f,0x824c70b95e766341579e89fcac4bbb121a8fd2bb,True,Yes,0.0,False,,100,2091.2233622373024,2.0,0.0,-102.0,-1.0
15437,Will Biden pardon SBF?,who-will-biden-pardon,500502,will-biden-pardon-sbf-this-term,Yes,0.047232854061756695,25302.0916,1195.09,4.7%,,,,,,,,,,2026-05-28 01:04:14 UTC,2024-12-31 03:42:08+00:00,2024-12-31 03:42:08 UTC,0x58219e2bcb9951a5a2a1df6b399abef4b0119ffe4acf038cdf890dc14c25a44f,0xc388d4ac8fa40f30b94e010a8f35ccf1d8a83b36,True,No,0.0,False,,100,2117.170388841008,2.0,0.0,-102.0,-1.0
15915,Israel x Hamas ceasefire by January 31?,israel-x-hamas-ceasefire-by-january-31,516468,israel-x-hamas-ceasefire-by-january-31,No,0.07964568666666667,15000.0,1194.69,8.0%,,,,,,,,,,2026-05-28 01:04:26 UTC,2025-01-15 13:00:05+00:00,2025-01-15 13:00:05 UTC,0xc4a807e2edd9a158eeddd0bf95547a252acb2d36933bc38338840af597aedfe8,0xe34c13e24960a61fd465d0a90b4baa67e7c125c2,True,Yes,0.0,False,,100,1255.5607740381504,2.0,0.0,-102.0,-1.0
15080,Yoon out as president of South Korea before April?,yoon-out-as-president-of-south-korea-before-april,514670,yoon-out-as-president-of-south-korea-before-april,Yes,0.06310528545917558,18927.4,1194.42,6.3%,,,,,,,,,,2026-05-28 01:04:08 UTC,2025-03-26 12:42:50+00:00,2025-03-26 12:42:50 UTC,0xe2443091b9d85e686dc9d5131632f3d3393a9b98841d246174e2af983e453059,0x5e572e79e87f852fab6b33f49679fe8a1de04821,True,No,0.0,False,,100,1584.6533182183693,2.0,0.0,-102.0,-1.0
12221,Favorite to win on Polymarket on Friday?,favorite-to-win-on-polymarket-this-friday,505809,favorite-to-win-on-polymarket-this-friday,Kamala,0.0199053605,60000.0,1194.32,2.0%,,,,,,,,,,2026-05-28 01:02:32 UTC,2024-09-06 15:56:04+00:00,2024-09-06 15:56:04 UTC,0xc581e5f889a83819171aaf76ad6d7ea45f8224a68b0b3d9d423e1d532e8b8372,0xbec7a683cb46ac0e04e9a26d703f893d4d036cfd,True,Trump,0.0,False,,100,5023.772365237997,2.0,0.0,-102.0,-1.0
13551,Trump ends Ukraine war in first 90 days?,trump-wins-ends-ukraine-war-in-90-days,510319,trump-wins-ends-ukraine-war-in-90-days,Yes,0.06127169503425505,19466.411013,1192.74,6.1%,,,,,,,,,,2026-05-28 01:03:04 UTC,2025-04-19 15:54:50+00:00,2025-04-19 15:54:50 UTC,0x04cd85a9a32ba868dbe7dbd9a8d5e25744a34a67814f791d7753db10d69aba6a,0x89f495dea52b4d36abee9f6dab36d7f0b8d43068,True,No,0.0,False,,100,1632.0749726948666,2.0,0.0,-102.0,-1.0
11910,GOP wins popular vote by 2-3%?,popular-vote-margin-of-victory-in-presidential-election,504678,gop-wins-popular-vote-by-2-3,Yes,0.0500673608702596,23816.114516,1192.41,5.0%,,,,,,,,,,2026-05-28 01:02:08 UTC,2024-09-13 10:46:39+00:00,2024-09-13 10:46:39 UTC,0x4ad07c191cc17a04385b38fd1cb628037a9f3817548c8b1515171fe7cc4561be,0x4124f6919daa006632c70edd120aa1b4b8fe5827,True,No,0.0,False,,100,1997.3091902952842,2.0,0.0,-102.0,-1.0
17792,Fed decreases interest rates by 25 bps after June 2025 meeting?,fed-decision-in-june,521835,fed-decreases-interest-rates-by-25-bps-after-june-2025-meeting,Yes,0.012160729597392573,97855.970768,1190.0,1.2%,,,,,,,,,,2026-05-28 01:05:07 UTC,2025-06-18 14:12:07+00:00,2025-06-18 14:12:07 UTC,0x6ebc73d1cd883a2b28636a26aff4edd10a40e60eea5b9667970b2229de7b5210,0x5714b47492d1ca50fe03c2166e70d860a4b4eb29,True,No,0.0,False,,100,8223.190820840337,2.0,0.0,-102.0,-1.0
17792,Fed decreases interest rates by 25 bps after June 2025 meeting?,fed-decision-in-june,521835,fed-decreases-interest-rates-by-25-bps-after-june-2025-meeting,Yes,0.023787882,50000.0,1189.39,2.4%,,,,,,,,,,2026-05-28 01:05:09 UTC,2025-06-12 17:24:43+00:00,2025-06-12 17:24:43 UTC,0x56796ff958405bc618eaca82e1c864bc78bb2369289c9b0ad5b80345720d9305,0xa49becb692927d455924583b5e3e5788246f4c40,True,No,0.0,False,,100,4203.821088401229,2.0,0.0,-102.0,-1.0
11321,Will Biden announce resignation by July 31?,will-biden-resign-by-july-31,503011,will-biden-resign-by-july-31,Yes,0.087,13667.14,1189.04,8.7%,,,,,,,,,,2026-05-28 01:01:36 UTC,2024-07-18 18:03:21+00:00,2024-07-18 18:03:21 UTC,0x9143303028c948a0dcaa7696628fc32627e3c4a135113f02e97980a265391401,0xe1f8635589601d5d82b7a2dcc489d874f8200d34,True,No,0.0,False,,100,1149.4252873563219,2.0,0.0,-102.0,-1.0
11798,Will Kamala Harris drop out of presidential race?,will-kamala-drop-out-before-election,504400,will-kamala-drop-out-before-election,Yes,0.07,16965.33,1187.57,7.0%,,,,,,,,,,2026-05-28 01:01:58 UTC,2024-08-09 13:27:42+00:00,2024-08-09 13:27:42 UTC,0x00de227d37afd850c91be28be3beb2b8df6b8b0e7e543008ba36459423cf01ae,0x10b30364936b03d26b3fd01a63d1f991454b40d4,True,No,0.0,False,,100,1428.5714285714284,2.0,0.0,-102.0,-1.0
16489,Will Trump be impeached in 2025?,will-trump-be-impeached-in-2025,517855,will-trump-be-impeached-in-2025,Yes,0.053463437604789436,22203.585332,1187.08,5.3%,,,,,,,,,,2026-05-28 01:04:36 UTC,2025-07-08 21:10:17+00:00,2025-07-08 21:10:17 UTC,0x998e8cee6a7df6261eac1c274aa8b7ce88a9751ee154340e5bf47011e08b55a2,0xd152f8d66c3760a3964f820183db89f326754faa,True,No,0.0,False,,100,1870.4371525680133,2.0,0.0,-102.0,-1.0
10214,Will a Republican win Arizona US Senate Election?,arizona-us-senate-election-winner,500615,will-a-republican-win-arizona-us-senate-election,Yes,0.06716490199852211,17672.920881,1187.0,6.7%,,,,,,,,,,2026-05-28 01:01:11 UTC,2024-11-09 20:17:48+00:00,2024-11-09 20:17:48 UTC,0x0da6891669f177adc15d01d7a450737fe7479028503a5741934abc1082156a67,0x8489a6516b550e1098d5f7a4efdbcf5bb436208d,True,No,0.0,False,,100,1488.8728640175846,2.0,0.0,-102.0,-1.0
12641,TikTok banned in the US before May 2025?,tiktok-banned-in-the-us-before-may-2025,507276,tiktok-banned-in-the-us-before-may-2025,No,0.015723629310584068,75490.205,1186.98,1.6%,,,,,,,,,,2026-05-28 01:02:43 UTC,2025-01-20 12:33:08+00:00,2025-01-20 12:33:08 UTC,0x959ff0fad6defdda3c8ecee91be66f7e7b26c0e14b8242e15daaf003ad843c79,0x09012642094f88eb55e3c1262a1d17869f01c2b5,True,Yes,0.0,False,,100,6359.854841699102,2.0,0.0,-102.0,-1.0
15437,Will Biden pardon Trump?,who-will-biden-pardon,506488,will-biden-pardon-trump,Yes,0.07461619718309859,15904.0,1186.7,7.5%,,,,,,,,,,2026-05-28 01:04:14 UTC,2024-12-02 10:14:34+00:00,2024-12-02 10:14:34 UTC,0x9651b96a89cb5c3220ae4f7e67b1f9477b66fda0516bcc1f1694642c7d3a89c4,0x6dacae371e25b55219f9368d09edf7931e602fea,True,No,0.0,False,,100,1340.1915907696664,2.0,0.0,-102.0,-1.0
17174,Was JFK assassination an inside job?,was-jfk-assassination-an-inside-job-march-31,519906,was-jfk-assassination-an-inside-job-march-31,Yes,0.024597415519077563,48228.2376,1186.29,2.5%,,,,,,,,,,2026-05-28 01:04:59 UTC,2025-03-19 00:21:26+00:00,2025-03-19 00:21:26 UTC,0xedf5df938692d8b9a9c9e47e69e3ce55001ae6afa69e1e8a1fafe17836ba9f2a,0x668a0e5dcd5eb089f30788b78ed789cffcef33f3,True,No,0.0,False,,100,4065.4677692638393,2.0,0.0,-102.0,-1.0
11798,Will Kamala Harris drop out of presidential race?,will-kamala-drop-out-before-election,504400,will-kamala-drop-out-before-election,Yes,0.07,16942.85,1186.0,7.0%,,,,,,,,,,2026-05-28 01:01:58 UTC,2024-08-04 23:16:17+00:00,2024-08-04 23:16:17 UTC,0x58d94e1b668ca87a15157361d72ad29f1dc7880a7572dedc2beb305633c56b66,0x1d04d5b13ba31ca6f3b9526ded9cfe43519ced05,True,No,0.0,False,,100,1428.5714285714284,2.0,0.0,-102.0,-1.0
10995,Biden drops out by July 4? ,biden-drops-out-after-debate,502223,biden-drops-out-after-debate,Yes,0.05949348756973303,19929.58,1185.68,5.9%,,,,,,,,,,2026-05-28 01:01:30 UTC,2024-06-30 01:27:49+00:00,2024-06-30 01:27:49 UTC,0x7aaf898ffc6611539f2999ef7d9b6f73ee8ddeea47443cd805fe067778595b27,0x9d84ce0306f8551e02efef1680475fc0f1dc1344,True,No,0.0,False,,100,1680.8562430096033,2.0,0.0,-102.0,-1.0
13572,Will ≥2% of votes go to 3rd Party candidates?,will-2-of-votes-go-to-3rd-party-candidates-in-us-election,510340,will-2-of-votes-go-to-3rd-party-candidates-in-us-election,No,0.078,15200.55,1185.64,7.8%,,,,,,,,,,2026-05-28 01:03:08 UTC,2024-11-27 05:22:16+00:00,2024-11-27 05:22:16 UTC,0xdebda85c8eec9609d7e5177229a5f1e0dbc5b0252312c0ad50344b588afa5f3c,0xecaa8806a9a05049d7d5260a33dc924220e377a9,True,Yes,0.0,False,,100,1282.051282051282,2.0,0.0,-102.0,-1.0
16108,Russia x Ukraine ceasefire in 2025?,russia-x-ukraine-ceasefire-in-2025,516719,russia-x-ukraine-ceasefire-in-2025,Yes,0.016472215223109776,71967.8552,1185.47,1.6%,,,,,,,,,,2026-05-28 01:04:29 UTC,2025-12-24 00:58:03+00:00,2025-12-24 00:58:03 UTC,0x5f28b5a171c05d95cce1abf2caa8478aa48f0ff2babd91574af494eb73291e83,0xc54e233e160eee69da03fc7645066eb1ce91f4ac,True,No,0.0,False,,100,6070.828886433229,2.0,0.0,-102.0,-1.0
14547,Will Assad remain President of Syria through 2024?,will-assad-remain-president-of-syria-through-2024,513334,will-assad-remain-president-of-syria-through-2024,Yes,0.030583148394369864,38710.97,1183.9,3.1%,,,,,,,,,,2026-05-28 01:03:57 UTC,2024-12-08 09:21:50+00:00,2024-12-08 09:21:50 UTC,0x885ac86949f2829f930a15e6b1648607c0f2685cf34cf984dcb71c24529a7d57,0x43e329d2cd4d8064e981fa4592a507040256c7f2,True,No,0.0,False,,100,3269.7745408843934,2.0,0.0,-102.0,-1.0
10223,"2024 Balance of Power: R Prez, R Senate, D House",balance-of-power-2024-election,500637,2024-balance-of-power-republican-presidency-and-senate-democratic-house,Yes,0.02826649207390433,41826.555517,1182.29,2.8%,,,,,,,,,,2026-05-28 01:01:11 UTC,2024-11-09 21:00:22+00:00,2024-11-09 21:00:22 UTC,0xaa84d28a23d0b182d805d2bb7db719ab66f896660f7aba40e58c9821691edc15,0x2a608002f9af6d1e5649b2c2d1713e83e8edc835,True,No,0.0,False,,100,3537.757700479578,2.0,0.0,-102.0,-1.0
11968,Will Tim Walz be D-nom for VP on Election Day?,democratic-vp-nominee-on-election-day,504878,will-tim-walz-be-d-nom-for-vp-on-election-day,No,0.012,98500.0,1182.0,1.2%,,,,,,,,,,2026-05-28 01:02:13 UTC,2024-10-12 00:10:01+00:00,2024-10-12 00:10:01 UTC,0x7d2b5441d3cda6a6dd15ba7e209736f5c9d88be972a5c600571fb27dbaeda9cd,0x4ce73141dbfce41e65db3723e31059a730f0abad,True,Yes,0.0,False,,100,8333.333333333334,2.0,0.0,-102.0,-1.0
15437,Will Biden pardon SBF?,who-will-biden-pardon,500502,will-biden-pardon-sbf-this-term,Yes,0.07966919627899577,14833.63,1181.78,8.0%,,,,,,,,,,2026-05-28 01:04:14 UTC,2024-12-24 06:44:25+00:00,2024-12-24 06:44:25 UTC,0x5a4b83e1ce1e1fc2eafd5c2344bdef83cc67f21abd8961d987f68ff22c40278f,0x21f90e5ff30c12f52fbb2fb220aa268f22faed12,True,No,0.0,False,,100,1255.1902701491706,2.0,0.0,-102.0,-1.0
12999,Israel military response against Iran in October?,israel-military-response-against-iran-in-october,508551,israel-military-response-against-iran-in-october,No,0.07876116733333334,15000.0,1181.42,7.9%,,,,,,,,,,2026-05-28 01:02:52 UTC,2024-10-25 23:04:14+00:00,2024-10-25 23:04:14 UTC,0x5bbe712e02f6c50e7b46cd25f5f04b09d4e20fcb8a2d7ecad052cf92fbff1b96,0xe9ee7293894564d1e2607d928abfd3e98642d947,True,Yes,0.0,False,,100,1269.661222475025,2.0,0.0,-102.0,-1.0
16108,Russia x Ukraine ceasefire in 2025?,russia-x-ukraine-ceasefire-in-2025,516719,russia-x-ukraine-ceasefire-in-2025,Yes,0.09,13100.0,1179.0,9.0%,,,,,,,,,,2026-05-28 01:04:33 UTC,2025-11-20 14:02:37+00:00,2025-11-20 14:02:37 UTC,0xaf046ce0958a70f3632edb354e7771dc337e1fe5d8e86442979d0cacca6087c4,0x44c624d104971b2ad0f0e2752dedbf1c68448842,True,No,0.0,False,,100,1111.111111111111,2.0,0.0,-102.0,-1.0
12114,Trump nominates Elon Musk to Cabinet?,trump-wins-and-appoints-elon-musk-to-cabinet,505387,trump-wins-and-appoints-elon-musk-to-cabinet,Yes,0.060712093927117024,19399.594427,1177.79,6.1%,,,,,,,,,,2026-05-28 01:02:21 UTC,2024-12-07 18:06:31+00:00,2024-12-07 18:06:31 UTC,0x4faa1e085b1abbf15d5e97f89eb5de930294a94fb14332e19737a746354f661f,0xf3117b7215611987d0c04bd4bed788fe37c4fe1b,True,No,0.0,False,,100,1647.11828453894,2.0,0.0,-102.0,-1.0
11878,No change in Fed interest rates after December 2024 meeting?,fed-interest-rates-december-2024,504587,no-change-in-fed-interest-rates-after-december-2024-meeting,Yes,0.03336198257295404,35302.15857,1177.75,3.3%,,,,,,,,,,2026-05-28 01:01:59 UTC,2024-12-18 08:18:38+00:00,2024-12-18 08:18:38 UTC,0x16b98e31199bc7c81ab64fc59c76412f9227eacae3b671a8013b60258e3bf2fd,0xa20cde2a67927fb3bd628f100e7d2f980bfbd091,True,No,0.0,False,,100,2997.4237826341955,2.0,0.0,-102.0,-1.0
16108,Russia x Ukraine ceasefire in 2025?,russia-x-ukraine-ceasefire-in-2025,516719,russia-x-ukraine-ceasefire-in-2025,Yes,0.05,23547.71,1177.39,5.0%,,,,,,,,,,2026-05-28 01:04:31 UTC,2025-12-06 21:17:43+00:00,2025-12-06 21:17:43 UTC,0x0bdd4aad16b1a767312b29326e270a8af19a006e76239a4b35376e192ce23065,0x3f39e71e300c69374a2e0e836f014351f8c4530c,True,No,0.0,False,,100,2000.0,2.0,0.0,-102.0,-1.0
11321,Will Biden announce resignation by July 31?,will-biden-resign-by-july-31,503011,will-biden-resign-by-july-31,Yes,0.05391005930070366,21815.93,1176.1,5.4%,,,,,,,,,,2026-05-28 01:01:36 UTC,2024-07-10 21:52:39+00:00,2024-07-10 21:52:39 UTC,0xe3b2e464f92dd9815d84a0c7086e95d479a1a8a15cfc767217cbcee5e69958b5,0xaf87f3ad0c3034eee9576ac86ce566baf57a9200,True,No,0.0,False,,100,1854.9413838002354,2.0,0.0,-102.0,-1.0
17792,Fed decreases interest rates by 25 bps after June 2025 meeting?,fed-decision-in-june,521835,fed-decreases-interest-rates-by-25-bps-after-june-2025-meeting,Yes,0.021,55992.95,1175.85,2.1%,,,,,,,,,,2026-05-28 01:05:09 UTC,2025-06-14 18:06:04+00:00,2025-06-14 18:06:04 UTC,0x61593ec4b734801612d526c90c31c0ec2e88402a214c802beb51d898bc623a35,0xd1acd3925d895de9aec98ff95f3a30c5279d08d5,True,No,0.0,False,,100,4761.9047619047615,2.0,0.0,-102.0,-1.0
13464,"Will there be 150,000,000-155,000,000 votes cast in the U.S. Presidential Election?",turnout-in-2024-presidential-election,510524,will-there-be-150000000-155000000-votes-cast-in-the-us-presidential-election,Yes,0.08891256561195286,13204.53,1174.05,8.9%,,,,,,,,,,2026-05-28 01:03:02 UTC,2024-11-19 12:30:11+00:00,2024-11-19 12:30:11 UTC,0xe335801b5b77e2617ba3a93224f5c918f8c4ae22f5cef4d34925b4800bd26fae,0x1cc16713196d456f86fa9c7387dd326a7f73b8df,True,No,0.0,False,,100,1124.700421270451,2.0,0.0,-102.0,-1.0
11798,Will Kamala Harris drop out of presidential race?,will-kamala-drop-out-before-election,504400,will-kamala-drop-out-before-election,Yes,0.07,16754.85,1172.84,7.0%,,,,,,,,,,2026-05-28 01:01:58 UTC,2024-08-08 12:49:41+00:00,2024-08-08 12:49:41 UTC,0xcbf11c3a6d83276a8d48d8d89110c1cd5d6b49dca10b22c3bdd5479635a2e76a,0x10b30364936b03d26b3fd01a63d1f991454b40d4,True,No,0.0,False,,100,1428.5714285714284,2.0,0.0,-102.0,-1.0
16432,Conservatives win majority in Canadian election?,will-the-conservative-party-win-a-majority-in-next-canadian-election,517600,will-the-conservative-party-win-a-majority-in-next-canadian-election,Yes,0.051106536854686725,22922.703652,1171.5,5.1%,,,,,,,,,,2026-05-28 01:04:36 UTC,2025-04-25 06:24:26+00:00,2025-04-25 06:24:26 UTC,0x9402daf3133a9852413fef9c8a942cfc69d0f17df798d68fdce959b25fd6310a,0x3ac0ae310b2ee96f834803f69f5af2dd32557b9a,True,No,0.0,False,,100,1956.6968563010644,2.0,0.0,-102.0,-1.0
13464,"Will there be 150,000,000-155,000,000 votes cast in the U.S. Presidential Election?",turnout-in-2024-presidential-election,510524,will-there-be-150000000-155000000-votes-cast-in-the-us-presidential-election,Yes,0.09216257620193878,12708.01,1171.2,9.2%,,,,,,,,,,2026-05-28 01:03:02 UTC,2024-11-21 00:53:25+00:00,2024-11-21 00:53:25 UTC,0x6a170bfea06e986c62d5c52fc5b22407ad677d934931f1382fd4106e24538bd7,0x174a8c447ed7f08ab43f4ac0a98da9aa59e6f2ce,True,No,0.0,False,,100,1085.0391137167055,2.0,0.0,-102.0,-1.0
11798,Will Kamala Harris drop out of presidential race?,will-kamala-drop-out-before-election,504400,will-kamala-drop-out-before-election,Yes,0.028317512846294097,41345.085861,1170.79,2.8%,,,,,,,,,,2026-05-28 01:01:58 UTC,2024-09-23 00:57:14+00:00,2024-09-23 00:57:14 UTC,0xe77625153aa49c57f60f868ae91338f9230d808d8fac775ca9f01a0961e44d34,0x6fa718cf10811fcca5a3f2e0189911405967320a,True,No,0.0,False,,100,3531.3835838194727,2.0,0.0,-102.0,-1.0
16108,Russia x Ukraine ceasefire in 2025?,russia-x-ukraine-ceasefire-in-2025,516719,russia-x-ukraine-ceasefire-in-2025,Yes,0.09,13000.0,1170.0,9.0%,,,,,,,,,,2026-05-28 01:04:31 UTC,2025-11-28 20:44:05+00:00,2025-11-28 20:44:05 UTC,0xa532624a6e6a0d096fd5d0b45a206cc0d12ecb50b6f78e24038637b95396ea5d,0xbe1405c14ad9a243b60ab709cb6e81c92ea7a1ae,True,No,0.0,False,,100,1111.111111111111,2.0,0.0,-102.0,-1.0
10214,Will a Democrat win Arizona US Senate Election?,arizona-us-senate-election-winner,500614,will-a-democrat-win-arizona-us-senate-election,No,0.05949549595399257,19649.0,1169.03,5.9%,,,,,,,,,,2026-05-28 01:01:11 UTC,2024-11-07 21:44:51+00:00,2024-11-07 21:44:51 UTC,0x93ee3e77ffbb83e9b7a4d31ff39979c8c45e7e1ccf9d1a8650f2949fb7d7fc3e,0x9d84ce0306f8551e02efef1680475fc0f1dc1344,True,Yes,0.0,False,,100,1680.7995024922436,2.0,0.0,-102.0,-1.0
11385,Will Andy Beshear be the 2024 Democratic VP nominee?,democratic-vp-nominee,503190,will-andy-beshear-be-the-2024-democratic-vp-nominee,Yes,0.071,16452.89,1168.16,7.1%,,,,,,,,,,2026-05-28 01:01:39 UTC,2024-08-02 21:49:18+00:00,2024-08-02 21:49:18 UTC,0x25e47d87492c3f156e41b6a634873ae11cb7713904a50c8a66c454ddcb332d08,0xc6154a43bc53f7c267d295b29510a030c489221d,True,No,0.0,False,,100,1408.4507042253522,2.0,0.0,-102.0,-1.0
12973,Khamenei out as Supreme Leader of Iran in 2024?,khamenei-out-as-supreme-leader-of-iran-in-2024,508499,khamenei-out-as-supreme-leader-of-iran-in-2024,Yes,0.07785523333333333,15000.0,1167.83,7.8%,,,,,,,,,,2026-05-28 01:02:52 UTC,2024-12-11 14:42:25+00:00,2024-12-11 14:42:25 UTC,0xdd17091f2af9afba062063d7d9d8a9e2cb5dc1429d6b32827593f479d9174aee,0x3425c280a27977287e6b25956250ca2e1da65698,True,No,0.0,False,,100,1284.4351717739378,2.0,0.0,-102.0,-1.0
12795,Israel x Hezbollah Ceasefire in 2024?,israel-x-hezbollah-ceasefire-in-2024,507792,israel-x-hezbollah-ceasefire-in-2024,No,0.01,116711.37,1167.11,1.0%,,,,,,,,,,2026-05-28 01:02:49 UTC,2024-11-28 15:53:03+00:00,2024-11-28 15:53:03 UTC,0x3e1836f57ddb94cbfddd89425bc8df240c8a89ab09a687d8dc2f40db1604525a,0x1c72797cd4b9b83f42e287144e334c4de347dfb6,True,Yes,0.0,False,,100,10000.0,2.0,0.0,-102.0,-1.0
17140,Fed decreases interest rates by 25 bps after May 2025 meeting?,fed-decision-in-may-2025,519777,fed-decreases-interest-rates-by-25-bps-after-may-2025-meeting,Yes,0.09,12959.0,1166.31,9.0%,,,,,,,,,,2026-05-28 01:04:56 UTC,2025-04-18 17:31:22+00:00,2025-04-18 17:31:22 UTC,0x1f3b012c93a35288d7c6545079efae7821dc29e881ce52a41b353ec7298f5c98,0xa49becb692927d455924583b5e3e5788246f4c40,True,No,0.0,False,,100,1111.111111111111,2.0,0.0,-102.0,-1.0
17140,Fed decreases interest rates by 25 bps after May 2025 meeting?,fed-decision-in-may-2025,519777,fed-decreases-interest-rates-by-25-bps-after-may-2025-meeting,Yes,0.08999999993440683,12958.666665,1166.28,9.0%,,,,,,,,,,2026-05-28 01:04:56 UTC,2025-04-24 12:24:27+00:00,2025-04-24 12:24:27 UTC,0x33b66a3dccdac8898bdb37f2ef09300c0c0b4f42c393cdaf210c629db24fe283,0xa58e4adccaa98aba2872f0189ec332324451d9ab,True,No,0.0,False,,100,1111.1111119209033,2.0,0.0,-102.0,-1.0
12795,Israel x Hezbollah Ceasefire in 2024?,israel-x-hezbollah-ceasefire-in-2024,507792,israel-x-hezbollah-ceasefire-in-2024,No,0.08653971789161098,13470.0,1165.69,8.7%,,,,,,,,,,2026-05-28 01:02:49 UTC,2024-11-26 14:37:37+00:00,2024-11-26 14:37:37 UTC,0xde27b1abcc2a28e9facb3dfa8b145d9e1fe2a8a1a5b86268255d228270570f42,0x639a51c51e9cd6df2e7073c03cbf52cfa751312c,True,Yes,0.0,False,,100,1155.538779606928,2.0,0.0,-102.0,-1.0
16108,Russia x Ukraine ceasefire in 2025?,russia-x-ukraine-ceasefire-in-2025,516719,russia-x-ukraine-ceasefire-in-2025,Yes,0.06,19414.5,1164.87,6.0%,,,,,,,,,,2026-05-28 01:04:31 UTC,2025-12-03 03:00:11+00:00,2025-12-03 03:00:11 UTC,0x8cd9966b360f184f6fcea0d27733ea2c1ea2479ca0c26fd5cd5f735bf7c966f5,0x4be0c6ffc413b60cf7f52dbca9dc50102c02ca6c,True,No,0.0,False,,100,1666.6666666666667,2.0,0.0,-102.0,-1.0
12603,Russia x Ukraine Ceasefire in 2024?,russia-x-ukraine-ceasefire-in-2024,507115,russia-x-ukraine-ceasefire-in-2024,Yes,0.05822723,20000.0,1164.54,5.8%,,,,,,,,,,2026-05-28 01:02:44 UTC,2024-11-25 21:04:56+00:00,2024-11-25 21:04:56 UTC,0xe205e3a0b2c0ccf893d628790d0193ad619e9b22742f2f772966edfc488620cc,0x50bcabfd0fb9665916b6d821c8b427deda7278c2,True,No,0.0,False,,100,1717.4095350233904,2.0,0.0,-102.0,-1.0
15586,Will  Alice Weidel be the next Chancellor of Germany?,next-chancellor-of-germany,515796,will-alice-weidel-be-the-next-chancellor-of-germany,Yes,0.05825577931881829,19989.38,1164.5,5.8%,,,,,,,,,,2026-05-28 01:04:16 UTC,2025-02-03 00:13:37+00:00,2025-02-03 00:13:37 UTC,0x1df20255cf855dc657f83f47925a9274575ceea515f250b979f69276c0a56f3d,0xe87ebb63451cdefa8970ade50bb6433dabcf9437,True,No,0.0,False,,100,1716.567886813886,2.0,0.0,-102.0,-1.0
11321,Will Biden announce resignation by July 31?,will-biden-resign-by-july-31,503011,will-biden-resign-by-july-31,Yes,0.065,17908.45,1164.05,6.5%,,,,,,,,,,2026-05-28 01:01:36 UTC,2024-07-11 00:42:16+00:00,2024-07-11 00:42:16 UTC,0x7621ecff61b2aef513632933a97bd3cb5d1ca8bf2cfbc93a79599fc370fc7e90,0xdc6e18d6ffc9907213b6562e93f9b2b3ede72003,True,No,0.0,False,,100,1538.4615384615383,2.0,0.0,-102.0,-1.0
11143,Will Trump launch a coin before the election?,will-trump-launch-a-coin-before-the-election,502571,will-trump-launch-a-coin-before-the-election,No,0.020010991784392813,58168.031427,1164.0,2.0%,,,,,,,,,,2026-05-28 01:01:31 UTC,2024-10-16 23:34:13+00:00,2024-10-16 23:34:13 UTC,0x2177eb6a49fbd85de8debfe2bfc266ae95a81d71fe49115c20bd13e29b8982f4,0x0488087c529b1ef5b399b3d031d7b51c9a46bab2,True,Yes,0.0,False,,100,4997.253563313792,2.0,0.0,-102.0,-1.0
11650,JD Vance replaced as Republican VP nominee?,jd-vance-steps-down-as-republican-vp-nominee,503989,jd-vance-steps-down-as-republican-vp-nominee,Yes,0.069560790428011,16727.14,1163.55,7.0%,,,,,,,,,,2026-05-28 01:01:53 UTC,2024-08-11 20:16:33+00:00,2024-08-11 20:16:33 UTC,0x0bd83b4d0c3e701fad921997242e82abf54b801af709301000542e4fc1d560e3,0xe64ffa7621459172ad81960762d5760e65d444a5,True,No,0.0,False,,100,1437.591484868056,2.0,0.0,-102.0,-1.0
10842,Trump sentenced to between 12 and 23 months prison time?,trump-sentenced-to-how-much-prison-time,501960,trump-sentenced-to-between-12-and-23-months-prison-time,Yes,0.07899999993948971,14675.189872,1159.34,7.9%,,,,,,,,,,2026-05-28 01:01:27 UTC,2024-08-19 15:24:11+00:00,2024-08-19 15:24:11 UTC,0x268be6d84373e97021fd0ea970e435200e77efeb91e93d4cb898bda4ffcbe1d0,0x53827024b0c6bf701c9200f5db4e8e3385213d01,True,No,0.0,False,,100,1265.8227857796874,2.0,0.0,-102.0,-1.0
17792,No change in Fed interest rates after June 2025 meeting?,fed-decision-in-june,521836,no-change-in-fed-interest-rates-after-june-2025-meeting,No,0.024,48210.59,1157.05,2.4%,,,,,,,,,,2026-05-28 01:05:09 UTC,2025-06-11 06:40:55+00:00,2025-06-11 06:40:55 UTC,0x5c6d78c2055e3a0318629350823168f5aeab2828a505b57022b8f6d1993c9ed3,0x2aa0785974c55c3a98d0a44bb6cc159ce9a9ee01,True,Yes,0.0,False,,100,4166.666666666667,2.0,0.0,-102.0,-1.0
11696,No change in Fed interest rates after 2024 September meeting?,fed-interest-rates-september-2024,504071,no-change-in-fed-interest-rates-after-2024-september-meeting,Yes,0.057514272958039014,20114.839665,1156.89,5.8%,,,,,,,,,,2026-05-28 01:01:55 UTC,2024-08-29 08:45:42+00:00,2024-08-29 08:45:42 UTC,0xa1c950e4095ff94781ccb3d23f45a1ec2061573f760adbad33690965884a07bc,0x2373809dadc2c73d05038df89e9399560f445b7f,True,No,0.0,False,,100,1738.698845640586,2.0,0.0,-102.0,-1.0
12700,Israeli forces enters Lebanon in September?,israeli-forces-enters-lebanon-in-september,507472,israeli-forces-enters-lebanon-in-september,No,0.03303727846579261,35013.78,1156.76,3.3%,,,,,,,,,,2026-05-28 01:02:47 UTC,2024-10-01 22:27:48+00:00,2024-10-01 22:27:48 UTC,0x2b073e055f0c1807c78b88bc967f1e73e19423766d4978316786c9cc32d8a199,0xcfe811d59ae3b46b7366c496446a89ee01cc0212,True,Yes,0.0,False,,100,3026.883709671842,2.0,0.0,-102.0,-1.0
11322,Will Biden finish his term?,will-biden-complete-his-term-as-president,503013,will-biden-complete-his-term-as-president,No,0.07956819264044786,14534.95375,1156.52,8.0%,,,,,,,,,,2026-05-28 01:01:34 UTC,2024-12-20 14:12:57+00:00,2024-12-20 14:12:57 UTC,0xe4978f32969b3c67fc76872f959af4d48c5a6af2ed5668c303eef1a98d2acc95,0xc7aa5e79847786a6acc381befe4e0e0719e6d0f0,True,Yes,0.0,False,,100,1256.783605125722,2.0,0.0,-102.0,-1.0
12647,Will there be a 269-269 tie in Electoral College?,us-presidential-election-ends-in-electoral-college-tie,507282,us-presidential-election-ends-in-electoral-college-tie,Yes,0.05490432705510985,21055.7175,1156.05,5.5%,,,,,,,,,,2026-05-28 01:02:46 UTC,2024-11-05 01:18:59+00:00,2024-11-05 01:18:59 UTC,0xda0b6229f426176cbd35a58af103ecc45a7e2a00dea20cfefc3fa8c4c1d13dcf,0xe083537d22ac9903b616bb10e731285f8224fcb5,True,No,0.0,False,,100,1821.3500713636954,2.0,0.0,-102.0,-1.0
12700,Israeli forces enters Lebanon in September?,israeli-forces-enters-lebanon-in-september,507472,israeli-forces-enters-lebanon-in-september,No,0.02551134364029085,45264.57,1154.76,2.6%,,,,,,,,,,2026-05-28 01:02:47 UTC,2024-10-01 22:15:24+00:00,2024-10-01 22:15:24 UTC,0xf30e268c31624b716a95c5690773a11ded559b21e16eef45c9ab8cb4892b2746,0xcfe811d59ae3b46b7366c496446a89ee01cc0212,True,Yes,0.0,False,,100,3919.824898680245,2.0,0.0,-102.0,-1.0
11143,Will Trump launch a coin before the election?,will-trump-launch-a-coin-before-the-election,502571,will-trump-launch-a-coin-before-the-election,No,0.019361332552826765,59619.4,1154.31,1.9%,,,,,,,,,,2026-05-28 01:01:31 UTC,2024-10-16 16:48:43+00:00,2024-10-16 16:48:43 UTC,0x5135e9528506a997845921dbed8bb66482c4a714f7a08476bbbcaf4d3be23e55,0x26887b6555601a2952ea8bc36d8c3bcf2b1cccfc,True,Yes,0.0,False,,100,5164.933752733871,2.0,0.0,-102.0,-1.0
14231,GOP wins popular vote by 1.75-2.0%?,popular-vote-margin-of-victory-0pt25-ranges,512348,gop-wins-popular-vote-by-1pt75-2pt0,Yes,0.05369534484621949,21466.96,1152.68,5.4%,,,,,,,,,,2026-05-28 01:03:51 UTC,2024-11-14 22:33:34+00:00,2024-11-14 22:33:34 UTC,0xa6152995e7150fae9e69cd967135c73bc9d42c070cec6805b97273bd9e6722df,0xcf0d7f69cf162918b33fc1ea7449583fa537132d,True,No,0.0,False,,100,1862.3588373702505,2.0,0.0,-102.0,-1.0
11887,Tim Walz replaced as Democratic VP nominee?,tim-walz-out-as-democratic-vp-nominee,504598,tim-walz-out-as-democratic-vp-nominee,Yes,0.028148351111154563,40912.4,1151.62,2.8%,,,,,,,,,,2026-05-28 01:02:08 UTC,2024-10-13 01:31:33+00:00,2024-10-13 01:31:33 UTC,0x07c97eb96a327efc7aaff0684b55e81b3ce778dfc4c54c6ba89cc8ce1c9213de,0xa8b97b862b95c8c6efcf22cfd6e3bf29558be991,True,No,0.0,False,,100,3552.6059627831,2.0,0.0,-102.0,-1.0
10656,Will a Republican win the popular vote and a Democrat win the Presidency?,which-party-wins-presidency-popular-vote,501588,will-a-republican-win-the-popular-vote-and-a-democrat-win-the-presidency,Yes,0.023,50000.0,1150.0,2.3%,,,,,,,,,,2026-05-28 01:01:23 UTC,2024-10-30 08:25:22+00:00,2024-10-30 08:25:22 UTC,0x5c35fa25b3f07274643d4d173cd6c8c13022d9aedfa6d8babd1c30405607d044,0x45580feac3b916a88b7513929e26f86b3adea2b3,True,No,0.0,False,,100,4347.826086956522,2.0,0.0,-102.0,-1.0
10656,Will a Republican win the popular vote and a Democrat win the Presidency?,which-party-wins-presidency-popular-vote,501588,will-a-republican-win-the-popular-vote-and-a-democrat-win-the-presidency,Yes,0.023,50000.0,1150.0,2.3%,,,,,,,,,,2026-05-28 01:01:23 UTC,2024-10-30 02:12:51+00:00,2024-10-30 02:12:51 UTC,0xafad9d89c78c903da62a764f18dc837e4bc9bc33c206b673d74db424a1520be5,0xfcb034faade540c47ad37e582f6e0c762feac865,True,No,0.0,False,,100,4347.826086956522,2.0,0.0,-102.0,-1.0
17140,Fed decreases interest rates by 25 bps after May 2025 meeting?,fed-decision-in-may-2025,519777,fed-decreases-interest-rates-by-25-bps-after-may-2025-meeting,Yes,0.025650941960046587,44832.661537,1150.0,2.6%,,,,,,,,,,2026-05-28 01:04:55 UTC,2025-05-05 11:56:12+00:00,2025-05-05 11:56:12 UTC,0x69afc6b864f19e5599b36102876ec5e515560aaea5976caa938ae0180cabcd3d,0x99be9bd56029a7421593bdeffecd0d4cb4f0f794,True,No,0.0,False,,100,3898.4923109552105,2.0,0.0,-102.0,-1.0
17248,Will John Fetterman vote to confirm Kash Patel as FBI Director?,which-senators-will-vote-to-confirm-kash-patel,520165,will-john-fetterman-vote-to-confirm-kash-patel-as-fbi-director,Yes,0.08468682233850942,13579.444443,1150.0,8.5%,,,,,,,,,,2026-05-28 01:04:59 UTC,2025-02-10 02:02:04+00:00,2025-02-10 02:02:04 UTC,0xbab6a160bf6d3d690236f80564ee41d21b80c7e4729229b33664cba4175ed49a,0x69197499597187a92e043ade00d79614f1a15eff,True,No,0.0,False,,100,1180.8212569398445,2.0,0.0,-102.0,-1.0
14188,Trump ends Ukraine war before inauguration?,trump-ends-ukraine-war-before-inauguration,512205,trump-ends-ukraine-war-before-inauguration,Yes,0.08,14372.37,1149.79,8.0%,,,,,,,,,,2026-05-28 01:03:41 UTC,2024-12-19 14:27:33+00:00,2024-12-19 14:27:33 UTC,0xc79c7811dc87b8af44c77078600dd899287681241e7f22def8a315944747b546,0x40f6786fb91d4b9a8e95d042493f636c5099267f,True,No,0.0,False,,100,1250.0,2.0,0.0,-102.0,-1.0
16180,Maduro out in 2025?,maduro-out-in-2025,516947,maduro-out-in-2025-411,Yes,0.039062555759347056,29423.318,1149.35,3.9%,,,,,,,,,,2026-05-28 01:04:29 UTC,2025-12-24 00:31:39+00:00,2025-12-24 00:31:39 UTC,0xcf5b8b7115cde888151871c6d8be5c47f61c8d1595943f2a5f9fb421cb895bb4,0x834079f62fa9b4b0bdfad5b8b7a841e8267da024,True,No,0.0,False,,100,2559.9963457606477,2.0,0.0,-102.0,-1.0
12327,Will there be a US Government shutdown? ,us-government-shutdown-before-2025,506202,us-government-shutdown-before-2025,No,0.08120901185918697,14138.086066,1148.14,8.1%,,,,,,,,,,2026-05-28 01:02:35 UTC,2024-12-21 12:20:08+00:00,2024-12-21 12:20:08 UTC,0xbeddcb608dd940b80db0dd221073e18b832f8dd72a857b2c2a49eb9f8ce482ba,0x329529e574926056dad6627e9677eef8511270f6,True,Yes,0.0,False,,100,1231.390429591679,2.0,0.0,-102.0,-1.0
16106,Nuclear weapon detonation in 2025?,nuclear-weapon-detonation-in-2025,516717,nuclear-weapon-detonation-in-2025,Yes,0.09222074339368898,12449.043,1148.06,9.2%,,,,,,,,,,2026-05-28 01:04:25 UTC,2025-11-05 22:47:27+00:00,2025-11-05 22:47:27 UTC,0x47de735d135af49e42792fc1b9db17b52284486ed2e996a310a3c99b117bb004,0x589d401e9bd2a9ab40c255db4d3a321ecc161003,True,No,0.0,False,,100,1084.3547375572705,2.0,0.0,-102.0,-1.0
11827,Fed decreases interest rates by 25 bps after November 2024 meeting?,fed-interest-rates-november-2024,504492,fed-decreases-interest-rates-by-25-bps-after-november-2024-meeting,No,0.029,39549.97,1146.95,2.9%,,,,,,,,,,2026-05-28 01:02:03 UTC,2024-11-07 12:12:13+00:00,2024-11-07 12:12:13 UTC,0xaf297108773556eaccf043dfbce131cc03c033247681400487f7794268cc24c6,0x51f5a87fe32bd9102d4cd75a6afbeb576c732e8d,True,Yes,0.0,False,,100,3448.275862068965,2.0,0.0,-102.0,-1.0
10656,Will a Republican win the popular vote and a Democrat win the Presidency?,which-party-wins-presidency-popular-vote,501588,will-a-republican-win-the-popular-vote-and-a-democrat-win-the-presidency,Yes,0.03,38211.66,1146.35,3.0%,,,,,,,,,,2026-05-28 01:01:23 UTC,2024-10-25 16:58:19+00:00,2024-10-25 16:58:19 UTC,0xd080f8738e51696de6c44bf4505115227e55174e0c8aad7182c5149bd6667269,0x629bc4a1e53e1d475beb7ea3d388791e96dd995a,True,No,0.0,False,,100,3333.3333333333335,2.0,0.0,-102.0,-1.0
12514,"Will Trump say ""cat"" during his Arizona rally?",what-will-trump-say-during-arizona-rally,506815,will-trump-say-cat-during-his-arizona-rally,Yes,0.08974129821260583,12756.0,1144.74,9.0%,,,,,,,,,,2026-05-28 01:02:39 UTC,2024-09-12 23:37:28+00:00,2024-09-12 23:37:28 UTC,0x5c76674bf8a1b016c6060f2e2101552b425b5c4175aae2542ff8b90feef24a08,0x3cf3e8d5427aed066a7a5926980600f6c3cf87b3,True,No,0.0,False,,100,1114.3141674091933,2.0,0.0,-102.0,-1.0
17584,Will Trump say 'term limit' during the 2025 State of the Union?,what-will-trump-say-during-state-of-the-union,521304,will-trump-say-term-limit-during-the-2025-state-of-the-union,Yes,0.08,14300.0,1144.0,8.0%,,,,,,,,,,2026-05-28 01:05:04 UTC,2025-02-10 08:10:11+00:00,2025-02-10 08:10:11 UTC,0x1512c42d135296268d92aa98e83bf43539b8f77e197d56f6950558fa441ef297,0x988925deb67a632acf77a97f8ad2e189ced33e00,True,No,0.0,False,,100,1250.0,2.0,0.0,-102.0,-1.0
11650,JD Vance replaced as Republican VP nominee?,jd-vance-steps-down-as-republican-vp-nominee,503989,jd-vance-steps-down-as-republican-vp-nominee,Yes,0.06788560830587304,16833.39,1142.74,6.8%,,,,,,,,,,2026-05-28 01:01:53 UTC,2024-08-15 13:34:13+00:00,2024-08-15 13:34:13 UTC,0x1306b4522e6588962bfa7ba753a16ec7fc922a110df02572df8e9fd34b9148bd,0xe64ffa7621459172ad81960762d5760e65d444a5,True,No,0.0,False,,100,1473.0662727426518,2.0,0.0,-102.0,-1.0
15602,Will the AFD be part of the next German government?,which-parties-will-be-part-of-next-german-government,515840,will-the-afd-be-part-of-the-next-german-government,Yes,0.01879240210822558,60775.28,1142.11,1.9%,,,,,,,,,,2026-05-28 01:04:16 UTC,2025-03-17 11:29:39+00:00,2025-03-17 11:29:39 UTC,0x522393f3b33e21436618a002065efdb3caf818dc7319b19a8a8c967e43c8a806,0x2d5204b1735203376e63f716e67f93981a2450e6,True,No,0.0,False,,100,5321.299503070404,2.0,0.0,-102.0,-1.0
13794,Will Russia capture Pokrovsk in 2024?,will-russia-capture-pokrovsk-in-2024,511044,will-russia-capture-pokrovsk-in-2024,Yes,0.07923670372585728,14411.18,1141.89,7.9%,,,,,,,,,,2026-05-28 01:03:12 UTC,2024-12-14 04:47:24+00:00,2024-12-14 04:47:24 UTC,0x0562dd89306b1ce47fa3bb1d2fb66f7d82d0df60838a06afb3c223132e2898b1,0x44c1dfe43260c94ed4f1d00de2e1f80fb113ebc1,True,No,0.0,False,,100,1262.0413936700277,2.0,0.0,-102.0,-1.0
11322,Will Biden finish his term?,will-biden-complete-his-term-as-president,503013,will-biden-complete-his-term-as-president,No,0.02699777536533702,42290.52148,1141.75,2.7%,,,,,,,,,,2026-05-28 01:01:34 UTC,2024-12-29 07:08:06+00:00,2024-12-29 07:08:06 UTC,0x99b2dd0304109c1e715a0ea0496dc0c5f83f2bce286b2a32b2d716e1b7c5cbe0,0x70cca61fbc25c807430fffa8f7716ada04e0ebcf,True,Yes,0.0,False,,100,3704.0088913545073,2.0,0.0,-102.0,-1.0
15586,Will  Alice Weidel be the next Chancellor of Germany?,next-chancellor-of-germany,515796,will-alice-weidel-be-the-next-chancellor-of-germany,Yes,0.06730510541642694,16955.939998,1141.22,6.7%,,,,,,,,,,2026-05-28 01:04:16 UTC,2025-02-03 00:36:15+00:00,2025-02-03 00:36:15 UTC,0xe0de90784212b82e96ba63a9b408007bcd3218a2717a5c66d764e2e07d5299c6,0xe87ebb63451cdefa8970ade50bb6433dabcf9437,True,No,0.0,False,,100,1485.7713895741604,2.0,0.0,-102.0,-1.0
15665,Fed decreases interest rates by 25 bps after March 2025 meeting?,fed-decision-in-march,516009,fed-decreases-interest-rates-by-25-bps-after-march-2025-meeting,Yes,0.05995570747874351,19033.01,1141.14,6.0%,,,,,,,,,,2026-05-28 01:04:20 UTC,2025-03-03 23:20:47+00:00,2025-03-03 23:20:47 UTC,0x1853b68e24ad5a96adfb39d98097b3789c6eb52978f8f1784b70c74fa7bd641b,0x6a9b04663e24b275bf6258a53976eb1a516e4d6c,True,No,0.0,False,,100,1667.897923403767,2.0,0.0,-102.0,-1.0
11910,GOP wins popular vote by 7% or more?,popular-vote-margin-of-victory-in-presidential-election,504666,gop-wins-popular-vote-by-more-than-7,Yes,0.03093098725956519,36856.243528,1140.0,3.1%,,,,,,,,,,2026-05-28 01:02:10 UTC,2024-09-10 09:02:08+00:00,2024-09-10 09:02:08 UTC,0x391add41c578952a4c1e42cc6919a792cb0b67ea7cd170e7afd547f2dd088dbe,0xcc360999addbce2b843a6ee752aa01439f928bbf,True,No,0.0,False,,100,3233.0038210815824,2.0,0.0,-102.0,-1.0
16180,Maduro out in 2025?,maduro-out-in-2025,516947,maduro-out-in-2025-411,Yes,0.03899306876851014,29221.090696,1139.42,3.9%,,,,,,,,,,2026-05-28 01:04:29 UTC,2025-12-23 21:46:07+00:00,2025-12-23 21:46:07 UTC,0x28aaf7f58b7a2066e2776972009bea7c5676bda18c0f52949f350750acdbbbb6,0x036a07d1abc2947e23d2845303742667e9fb1e23,True,No,0.0,False,,100,2564.558347373715,2.0,0.0,-102.0,-1.0
11650,JD Vance replaced as Republican VP nominee?,jd-vance-steps-down-as-republican-vp-nominee,503989,jd-vance-steps-down-as-republican-vp-nominee,Yes,0.03323766831258383,34252.101841,1138.46,3.3%,,,,,,,,,,2026-05-28 01:01:53 UTC,2024-08-22 13:03:24+00:00,2024-08-22 13:03:24 UTC,0xd776b64462564fb55ee085181ecd260d160b57d8befe91526e8f754db3e81a95,0x3306f5dee2a5c536c941160fdffec1446e1e7258,True,No,0.0,False,,100,3008.6346328373415,2.0,0.0,-102.0,-1.0
15665,Fed decreases interest rates by 25 bps after March 2025 meeting?,fed-decision-in-march,516009,fed-decreases-interest-rates-by-25-bps-after-march-2025-meeting,Yes,0.04944759991778316,23014.2616,1138.0,4.9%,,,,,,,,,,2026-05-28 01:04:20 UTC,2025-03-01 01:06:12+00:00,2025-03-01 01:06:12 UTC,0x355b642412a3da0e97e5c59d0e2927a4096c2fb1a39afaa62015cbba96b9f31e,0x3b83b230e67d18daebe145d79466237d5f547fb5,True,No,0.0,False,,100,2022.3428471001757,2.0,0.0,-102.0,-1.0
11599,Will Michelle Obama be the Democratic Presidential Nominee?,democratic-presidential-nominee,503849,will-michelle-obama-be-the-democratic-presidential-nomination,Yes,0.014981433279996669,75889.01,1136.93,1.5%,,,,,,,,,,2026-05-28 01:01:51 UTC,2024-07-27 21:52:23+00:00,2024-07-27 21:52:23 UTC,0xe950da354d286fe10252a92e5bed287db646c12e94e4288778c60c2ff19e97d8,0xeba7612b6b9feb34e0fd668e914cad83ceb2daaf,True,No,0.0,False,,100,6674.928768899623,2.0,0.0,-102.0,-1.0
10223,"2024 Balance of Power: D Prez, R Senate, R House",balance-of-power-2024-election,500638,2024-balance-of-power-democratic-presidency-republican-house-and-senate,Yes,0.0569955371516205,19940.18,1136.5,5.7%,,,,,,,,,,2026-05-28 01:01:16 UTC,2024-09-23 13:14:21+00:00,2024-09-23 13:14:21 UTC,0x35c9dccf52b8a6678229b4d37ec096a4abeb8daf50dfe8eca7173ec43b1d202e,0x3cf3e8d5427aed066a7a5926980600f6c3cf87b3,True,No,0.0,False,,100,1754.5233363443579,2.0,0.0,-102.0,-1.0
17792,Fed decreases interest rates by 25 bps after June 2025 meeting?,fed-decision-in-june,521835,fed-decreases-interest-rates-by-25-bps-after-june-2025-meeting,Yes,0.029,39155.74,1135.52,2.9%,,,,,,,,,,2026-05-28 01:05:11 UTC,2025-06-05 16:20:36+00:00,2025-06-05 16:20:36 UTC,0xceac10f30d8c727d152edbccff16eaafbdfd2fe753dc95eb2113110460352e78,0xdcc9d68a4bad9fc8becd27a03ee5b2b4feda4534,True,No,0.0,False,,100,3448.275862068965,2.0,0.0,-102.0,-1.0
17140,Fed decreases interest rates by 25 bps after May 2025 meeting?,fed-decision-in-may-2025,519777,fed-decreases-interest-rates-by-25-bps-after-may-2025-meeting,Yes,0.02109643090526787,53789.667271,1134.77,2.1%,,,,,,,,,,2026-05-28 01:04:55 UTC,2025-05-05 14:56:35+00:00,2025-05-05 14:56:35 UTC,0x41a25dc2f710de9e8aed2e478d07be34f1b40126f2cf287ee7605da656f5ab2b,0x733bac04e25855365cdb3659845d9d1f066c02c8,True,No,0.0,False,,100,4740.138293962775,2.0,0.0,-102.0,-1.0
16103,Weed rescheduled in 2025?,weed-rescheduled-in-2025,516714,weed-rescheduled-in-2025,Yes,0.04862422129569192,23317.58,1133.8,4.9%,,,,,,,,,,2026-05-28 01:04:25 UTC,2025-12-15 20:44:05+00:00,2025-12-15 20:44:05 UTC,0x4d7ee0b08cf746181040886b8c4fa9f4a082f660eaeea691c72e919f56aed5a8,0xee1706b93845d50ea60e49219be7311a2ebb6ea1,True,No,0.0,False,,100,2056.5882051227823,2.0,0.0,-102.0,-1.0
16868,Will George Simion win the Romanian presidential election?,romania-presidential-election-winner,519066,romania-presidential-election-winner-will-george-simion-win-the-romanian-presidential-election,Yes,0.02999999997483288,37747.666665,1132.43,3.0%,,,,,,,,,,2026-05-28 01:04:47 UTC,2025-05-18 18:59:39+00:00,2025-05-18 18:59:39 UTC,0xb1d36da74de09659f51eea63c5c8ad0e87237eea10427742743ea2c6a3e96a07,0xb37ee75340ceaa90e8267484bdd9b274f20c8438,True,No,0.0,False,,100,3333.33333612968,2.0,0.0,-102.0,-1.0
14182,Will Trump end Department of Education in first 100 days?,trump-ends-department-of-education-in-first-100-days,512172,trump-ends-department-of-education-in-first-100-days,Yes,0.07762848767956437,14574.16,1131.37,7.8%,,,,,,,,,,2026-05-28 01:03:36 UTC,2025-03-19 23:55:11+00:00,2025-03-19 23:55:11 UTC,0xa104994a90521006e378bb667e66ac5893ae82ba5c4a4cf2ba7d60f8a1aae668,0x1d379e322ef813587a3e13ad79857c45edc7f4a4,True,No,0.0,False,,100,1288.1868884626604,2.0,0.0,-102.0,-1.0
12120,Favorite to win on Polymarket day before election?,favorite-to-win-on-polymarket-day-before-election,505437,favorite-to-win-on-polymarket-day-before-election,Kamala,0.04791519430659591,23583.333332,1130.0,4.8%,,,,,,,,,,2026-05-28 01:02:21 UTC,2024-11-04 16:29:00+00:00,2024-11-04 16:29:00 UTC,0xb9e20adb7366fd270d0d8b9034ff53a4aa8cd387a8bbb9c3da225d8e55900956,0xffe44ff62885db89f97a27ccbfb2e23bf6b82859,True,Trump,0.0,False,,100,2087.0206506964787,2.0,0.0,-102.0,-1.0
12641,TikTok banned in the US before May 2025?,tiktok-banned-in-the-us-before-may-2025,507276,tiktok-banned-in-the-us-before-may-2025,No,0.016154581015745503,69894.87,1129.12,1.6%,,,,,,,,,,2026-05-28 01:02:43 UTC,2025-01-21 15:28:26+00:00,2025-01-21 15:28:26 UTC,0xe58c8f781b8a30453ad50827dbb4481518d91a38bcdc06d1bd182aeff3f2b103,0x8a7177faedf058d7373f2566599c9e02aaa8c660,True,Yes,0.0,False,,100,6190.1945895428835,2.0,0.0,-102.0,-1.0
11322,Will Biden finish his term?,will-biden-complete-his-term-as-president,503013,will-biden-complete-his-term-as-president,No,0.0699999999435529,16121.285713,1128.49,7.0%,,,,,,,,,,2026-05-28 01:01:34 UTC,2024-12-20 05:57:36+00:00,2024-12-20 05:57:36 UTC,0xb1a9d589a695dc7b115fd9f2e349f4cfe0dd5881b27f3d59df0e76bc4be63562,0xce647b4d44bce87dc438def9d4226cd27b9db8f5,True,Yes,0.0,False,,100,1428.5714297234103,2.0,0.0,-102.0,-1.0
14220,No change in Fed interest rates after January 2025 meeting?,fed-interest-rates-january-2025,512324,no-change-in-fed-interest-rates-after-january-2025-meeting,No,0.014577125928638577,77384.25294,1128.04,1.5%,,,,,,,,,,2026-05-28 01:03:46 UTC,2025-01-22 22:20:11+00:00,2025-01-22 22:20:11 UTC,0xd246f4920f2df2183ca0ee7bfb912c762a8a26b15de63792e5e1c86f0fbdbbfe,0x30e09a81196d47fae44473db2d9895b347195fd9,True,Yes,0.0,False,,100,6860.0628470621605,2.0,0.0,-102.0,-1.0
10842,Trump sentenced to 48 or more months prison time?,trump-sentenced-to-how-much-prison-time,501963,trump-sentenced-to-48-or-more-months-prison-time,Yes,0.08067976997682602,13981.2,1128.0,8.1%,,,,,,,,,,2026-05-28 01:01:27 UTC,2024-07-02 09:55:04+00:00,2024-07-02 09:55:04 UTC,0x5e506e734971ee12bfa9b7e236427573f458710e821d819d6f6ef274cc3e725d,0x46483a45de96eacaf31430c3ed97e0b6a30b5361,True,No,0.0,False,,100,1239.4680851063831,2.0,0.0,-102.0,-1.0
11385,Will Mark Kelly be the 2024 Democratic VP nominee?,democratic-vp-nominee,503228,will-mark-kelly-be-the-2024-democratic-vp-nominee,Yes,0.06736081458828588,16742.2,1127.77,6.7%,,,,,,,,,,2026-05-28 01:01:40 UTC,2024-07-31 15:55:21+00:00,2024-07-31 15:55:21 UTC,0x847a4cd47e44e15fda4d5c92bbf9de6fd35bcec7bf41322b1628e85d582ac3a7,0x9f47f1fcb1701bf9eaf31236ad39875e5d60af93,True,No,0.0,False,,100,1484.5426174135089,2.0,0.0,-102.0,-1.0
13551,Trump ends Ukraine war in first 90 days?,trump-wins-ends-ukraine-war-in-90-days,510319,trump-wins-ends-ukraine-war-in-90-days,Yes,0.07051914513354722,15975.80342,1126.6,7.1%,,,,,,,,,,2026-05-28 01:03:04 UTC,2025-04-19 15:47:34+00:00,2025-04-19 15:47:34 UTC,0xd0b0d2f82138cd54534288a458bef0bbe4cc2f7991a9ae78f2f33be6acc2b6f3,0x4a1bbac23e49cb85ac686c6d2c2a165d4e5e6c21,True,No,0.0,False,,100,1418.054626309249,2.0,0.0,-102.0,-1.0
11696,No change in Fed interest rates after 2024 September meeting?,fed-interest-rates-september-2024,504071,no-change-in-fed-interest-rates-after-2024-september-meeting,Yes,0.0393478022739145,28626.503487,1126.39,3.9%,,,,,,,,,,2026-05-28 01:01:55 UTC,2024-08-28 05:16:46+00:00,2024-08-28 05:16:46 UTC,0x2323f372f5213dcc0e26e30b604c0c83c9258da1ace8e4fa9d4c2bfc9979f38d,0x2373809dadc2c73d05038df89e9399560f445b7f,True,No,0.0,False,,100,2541.438002149733,2.0,0.0,-102.0,-1.0
17140,Fed decreases interest rates by 25 bps after May 2025 meeting?,fed-decision-in-may-2025,519777,fed-decreases-interest-rates-by-25-bps-after-may-2025-meeting,Yes,0.07,16089.54,1126.27,7.0%,,,,,,,,,,2026-05-28 01:04:56 UTC,2025-04-29 12:48:15+00:00,2025-04-29 12:48:15 UTC,0x419078e349189289541e2ea31fb0d8661a672d06d4b020f0b28a56af75485d02,0xa9ee0279edee743ed85fb293c079994a24635a28,True,No,0.0,False,,100,1428.5714285714284,2.0,0.0,-102.0,-1.0
17792,Fed decreases interest rates by 25 bps after June 2025 meeting?,fed-decision-in-june,521835,fed-decreases-interest-rates-by-25-bps-after-june-2025-meeting,Yes,0.09,12487.44,1123.87,9.0%,,,,,,,,,,2026-05-28 01:05:12 UTC,2025-05-12 13:42:19+00:00,2025-05-12 13:42:19 UTC,0x3aefe7e7d12502a3bc9deeaf7c2fba9d70495cf8a219cd2be8acf295ebec4fff,0x5a06a58f7d7499262d98211f338f7669caef201b,True,No,0.0,False,,100,1111.111111111111,2.0,0.0,-102.0,-1.0
14874,Will Rafał Trzaskowski be the next President of Poland?,poland-presidential-election,514139,will-rafa-trzaskowski-be-the-next-president-of-poland,Yes,0.06079939869862975,18469.426064,1122.93,6.1%,,,,,,,,,,2026-05-28 01:04:01 UTC,2025-06-01 22:46:21+00:00,2025-06-01 22:46:21 UTC,0x2e7abe1aa7571b74491b3d272bac85429442846b135da2ed8fda54b15be4157f,0x110c8545abb00b6d026f71c508c30285828270b7,True,No,0.0,False,,100,1644.753108425951,2.0,0.0,-102.0,-1.0
16108,Russia x Ukraine ceasefire in 2025?,russia-x-ukraine-ceasefire-in-2025,516719,russia-x-ukraine-ceasefire-in-2025,Yes,0.07,16040.42,1122.83,7.0%,,,,,,,,,,2026-05-28 01:04:31 UTC,2025-11-28 15:24:49+00:00,2025-11-28 15:24:49 UTC,0x1dcd772a99a47498f7c5252b221b91f74553aaee276fea141791a8373d228787,0xc15a136a4358a68ad9ebc9fdb84d8f0ceaeeacac,True,No,0.0,False,,100,1428.5714285714284,2.0,0.0,-102.0,-1.0
12641,TikTok banned in the US before May 2025?,tiktok-banned-in-the-us-before-may-2025,507276,tiktok-banned-in-the-us-before-may-2025,No,0.0448004688,25000.0,1120.01,4.5%,,,,,,,,,,2026-05-28 01:02:43 UTC,2025-01-19 23:15:46+00:00,2025-01-19 23:15:46 UTC,0x5ca5738a3560c3293271a7f033bc5d9b645abd8828a77defc35dbe4d705d76f3,0x824c70b95e766341579e89fcac4bbb121a8fd2bb,True,Yes,0.0,False,,100,2232.1194996066647,2.0,0.0,-102.0,-1.0
10656,Will a Republican win the popular vote and a Democrat win the Presidency?,which-party-wins-presidency-popular-vote,501588,will-a-republican-win-the-popular-vote-and-a-democrat-win-the-presidency,Yes,0.028,40000.0,1120.0,2.8%,,,,,,,,,,2026-05-28 01:01:21 UTC,2024-11-04 11:55:18+00:00,2024-11-04 11:55:18 UTC,0x71a0ed6c315a714d3b0c61a2889d09b8439766c2d9375504696276c1ea38c54c,0x88b59d79b6e1659c95a0043028e5bb7a26e6205c,True,No,0.0,False,,100,3571.4285714285716,2.0,0.0,-102.0,-1.0
16108,Russia x Ukraine ceasefire in 2025?,russia-x-ukraine-ceasefire-in-2025,516719,russia-x-ukraine-ceasefire-in-2025,Yes,0.028,40000.0,1120.0,2.8%,,,,,,,,,,2026-05-28 01:04:29 UTC,2025-12-13 13:55:59+00:00,2025-12-13 13:55:59 UTC,0x2b912fde19694c58037a1d3922e5a2fd821724612eee9f8cccbb1c26753c7574,0x0a854897a06d4999e5b2dde5693609f1428ffe9d,True,No,0.0,False,,100,3571.4285714285716,2.0,0.0,-102.0,-1.0
11639,Will Biden resign before the election?,biden-resigns-from-presidency-before-election,503972,biden-resigns-from-presidency-before-election,Yes,0.06,18640.37,1118.42,6.0%,,,,,,,,,,2026-05-28 01:01:51 UTC,2024-08-31 10:16:13+00:00,2024-08-31 10:16:13 UTC,0x078c3c3a0247fc11e2383fe99e1815952b35d641058d883dc78d570402af60a9,0x235ea9d9c6d71d9e3df5a4e876a7860647467916,True,No,0.0,False,,100,1666.6666666666667,2.0,0.0,-102.0,-1.0
16868,Will George Simion win the Romanian presidential election?,romania-presidential-election-winner,519066,romania-presidential-election-winner-will-george-simion-win-the-romanian-presidential-election,Yes,0.019659305903860544,56889.5975,1118.41,2.0%,,,,,,,,,,2026-05-28 01:04:47 UTC,2025-05-18 19:14:36+00:00,2025-05-18 19:14:36 UTC,0x43ac4b6319913b4a151384f7ab4e4ac35c8ea15c8ea91f6c0c4da1f7959dbd59,0x5b040086a447c7a0dd96694eea788c621e04194a,True,No,0.0,False,,100,5086.649573948731,2.0,0.0,-102.0,-1.0
12327,Will there be a US Government shutdown? ,us-government-shutdown-before-2025,506202,us-government-shutdown-before-2025,No,0.025758315181562085,43394.918927,1117.78,2.6%,,,,,,,,,,2026-05-28 01:02:35 UTC,2024-12-23 01:40:21+00:00,2024-12-23 01:40:21 UTC,0xc441133086d273c905f9feb512cabeecf89ee755d2cab932b18555d842574690,0x8031d7471fe4b873508f33dc89a547220d231ccd,True,Yes,0.0,False,,100,3882.2414934801495,2.0,0.0,-102.0,-1.0
12641,TikTok banned in the US before May 2025?,tiktok-banned-in-the-us-before-may-2025,507276,tiktok-banned-in-the-us-before-may-2025,No,0.05,22355.5878,1117.78,5.0%,,,,,,,,,,2026-05-28 01:02:43 UTC,2025-01-19 22:36:04+00:00,2025-01-19 22:36:04 UTC,0x55e24cbd10da949bcb1af223cbd8b25e375001ace6a1920cfa2d0c8f1454034d,0xe9b76d60d737e4bc8069a0c737019b0f68475590,True,Yes,0.0,False,,100,2000.0,2.0,0.0,-102.0,-1.0
12120,Favorite to win on Polymarket day before election?,favorite-to-win-on-polymarket-day-before-election,505437,favorite-to-win-on-polymarket-day-before-election,Kamala,0.027000000000217742,41333.333333,1116.0,2.7%,,,,,,,,,,2026-05-28 01:02:21 UTC,2024-10-29 01:05:45+00:00,2024-10-29 01:05:45 UTC,0x5bbc2cbe236d10b16687e8d505382c853b62e8a15441cebebd8a653770e5872b,0x50f9223d70d22e73eec3866e7059ffa1be09b157,True,Trump,0.0,False,,100,3703.703703673835,2.0,0.0,-102.0,-1.0
11910,Democrats win popular vote by 6-7%?,popular-vote-margin-of-victory-in-presidential-election,504705,democrats-win-popular-vote-by-6-7,Yes,0.042,26564.77,1115.72,4.2%,,,,,,,,,,2026-05-28 01:02:08 UTC,2024-09-28 05:04:08+00:00,2024-09-28 05:04:08 UTC,0xdaeff71b27dd83ec9cc2c1afb7e64be724fbb1d09419ea3e3ee0fec5c341b04d,0x8076518e218a01628c5837c84111b4f7b4366114,True,No,0.0,False,,100,2380.9523809523807,2.0,0.0,-102.0,-1.0
11385,Will Andy Beshear be the 2024 Democratic VP nominee?,democratic-vp-nominee,503190,will-andy-beshear-be-the-2024-democratic-vp-nominee,Yes,0.055649022,20000.0,1112.98,5.6%,,,,,,,,,,2026-05-28 01:01:39 UTC,2024-08-04 23:12:27+00:00,2024-08-04 23:12:27 UTC,0x8ce43aecb8a335a1e1f57948327879c21f3a75b03f07b50419abc95b33289f82,0x62d2bcd198bb6eab8b7eeb9d2061815dc02b9eb7,True,No,0.0,False,,100,1796.976773464231,2.0,0.0,-102.0,-1.0
17140,Fed decreases interest rates by 25 bps after May 2025 meeting?,fed-decision-in-may-2025,519777,fed-decreases-interest-rates-by-25-bps-after-may-2025-meeting,Yes,0.01737977549926301,64006.580525,1112.42,1.7%,,,,,,,,,,2026-05-28 01:04:55 UTC,2025-05-07 09:52:30+00:00,2025-05-07 09:52:30 UTC,0x30bb9ee2c4d1bf22ffdd781e930171db8e5805cc29b469fb16b160f2bdeb4eb6,0xd0d719c2deff7ea109aaffb906372d7bc793e854,True,No,0.0,False,,100,5753.81425405872,2.0,0.0,-102.0,-1.0
16108,Russia x Ukraine ceasefire in 2025?,russia-x-ukraine-ceasefire-in-2025,516719,russia-x-ukraine-ceasefire-in-2025,Yes,0.025737536485239406,43196.441922,1111.77,2.6%,,,,,,,,,,2026-05-28 01:04:29 UTC,2025-12-13 18:37:49+00:00,2025-12-13 18:37:49 UTC,0x044f48465e46236786170b072229404b8b07dfae65e1b44eead3a07bbf7fd320,0xdeaf6256822c276aeadfd6b451b700cc607d97bf,True,No,0.0,False,,100,3885.375745163118,2.0,0.0,-102.0,-1.0
11906,Kamala Harris replaced as nominee at DNC?,kamala-swap-at-dnc,504653,kamala-swap-at-dnc,Yes,0.013262792788016299,83776.472856,1111.11,1.3%,,,,,,,,,,2026-05-28 01:02:10 UTC,2024-08-17 15:24:25+00:00,2024-08-17 15:24:25 UTC,0xc9bf3a9c48b146786379c50e74997b1728d29f5f23c5288e8646ba29f7217a44,0x844a0e2bc319306970d7c0802583c044f8c6313d,True,No,0.0,False,,100,7539.890096930097,2.0,0.0,-102.0,-1.0
16432,Conservatives win majority in Canadian election?,will-the-conservative-party-win-a-majority-in-next-canadian-election,517600,will-the-conservative-party-win-a-majority-in-next-canadian-election,Yes,0.0669939698856695,16583.582088,1111.0,6.7%,,,,,,,,,,2026-05-28 01:04:36 UTC,2025-04-26 14:26:34+00:00,2025-04-26 14:26:34 UTC,0x245a8def2841d3814cc77bbf2539da4db2e8ffefd21e56d5464a8e3e86a574a5,0x04c3045da7e7896f9444cfce96af135e9962eb1f,True,No,0.0,False,,100,1492.6716564290473,2.0,0.0,-102.0,-1.0
10656,Will a Republican win the popular vote and a Democrat win the Presidency?,which-party-wins-presidency-popular-vote,501588,will-a-republican-win-the-popular-vote-and-a-democrat-win-the-presidency,Yes,0.024858579100469905,44690.0,1110.93,2.5%,,,,,,,,,,2026-05-28 01:01:21 UTC,2024-11-01 18:37:50+00:00,2024-11-01 18:37:50 UTC,0xce727715f0527a83da7a238aa86a035057e7ab69bad7d34d1d6bf6d3bd63f5a1,0xd7ad2823643b9ebb132d221aa73be62af0264953,True,No,0.0,False,,100,4022.756071287666,2.0,0.0,-102.0,-1.0
11906,Kamala Harris replaced as nominee at DNC?,kamala-swap-at-dnc,504653,kamala-swap-at-dnc,Yes,0.010999499855346864,100892.769089,1109.77,1.1%,,,,,,,,,,2026-05-28 01:02:10 UTC,2024-08-19 08:38:21+00:00,2024-08-19 08:38:21 UTC,0x042154f02b2ad7119a0a404226c90ecf660a71f15e6e80961c3927d9ef5bfcae,0x4b2ccc7cfda713c37e6c8b8eea69ce3356eeb691,True,No,0.0,False,,100,9091.322452392227,2.0,0.0,-102.0,-1.0
11639,Will Biden resign before the election?,biden-resigns-from-presidency-before-election,503972,biden-resigns-from-presidency-before-election,Yes,0.08,13871.84,1109.75,8.0%,,,,,,,,,,2026-05-28 01:01:51 UTC,2024-08-28 12:27:10+00:00,2024-08-28 12:27:10 UTC,0x051080dbbd04cb97cca02d8c07f34681a7e9573f1750d2b9699e30441d26c120,0x926580d1b5264b727e2a023807602938e9c8bff9,True,No,0.0,False,,100,1250.0,2.0,0.0,-102.0,-1.0
12327,Will there be a US Government shutdown? ,us-government-shutdown-before-2025,506202,us-government-shutdown-before-2025,No,0.046030967521003704,24083.56936,1108.59,4.6%,,,,,,,,,,2026-05-28 01:02:35 UTC,2024-12-21 11:52:52+00:00,2024-12-21 11:52:52 UTC,0x1e7f4cd5491d47add9cf7aa408d6172e16a4ac1757acf4c69bbbfc36b2cddd0c,0xe90af77ed103d67431fbafa1bd62dac1addf8fb6,True,Yes,0.0,False,,100,2172.4505346182546,2.0,0.0,-102.0,-1.0
11639,Will Biden resign before the election?,biden-resigns-from-presidency-before-election,503972,biden-resigns-from-presidency-before-election,Yes,0.08,13855.35,1108.43,8.0%,,,,,,,,,,2026-05-28 01:01:51 UTC,2024-08-28 11:15:23+00:00,2024-08-28 11:15:23 UTC,0xa1825a228f2900ed906c5316c17999cbfb2f89f04641e594bbcd18ffc95bb1d1,0x809c6f840f1484438dcb9de3e1f1aeeadd41ebda,True,No,0.0,False,,100,1250.0,2.0,0.0,-102.0,-1.0
14063,Trump deportation executive order in first 100 days?,trump-deportation-executive-order-in-first-100-days,511914,trump-deportation-executive-order-in-first-100-days,No,0.08820659307769031,12562.57,1108.1,8.8%,,,,,,,,,,2026-05-28 01:03:33 UTC,2024-12-16 20:00:11+00:00,2024-12-16 20:00:11 UTC,0x2f149dc181802b468f9444858dc70ec718daf3b7666b26c455fd7c1a7dd35071,0x952932a040f10c1107faf1815436efef80027c6a,True,Yes,0.0,False,,100,1133.7021021991216,2.0,0.0,-102.0,-1.0
11650,JD Vance replaced as Republican VP nominee?,jd-vance-steps-down-as-republican-vp-nominee,503989,jd-vance-steps-down-as-republican-vp-nominee,Yes,0.08874381120422127,12479.743477,1107.5,8.9%,,,,,,,,,,2026-05-28 01:01:53 UTC,2024-08-03 05:45:08+00:00,2024-08-03 05:45:08 UTC,0xf61242239f1d3a7668e583ad8ed8e533e0f63c7696a554d7e0282e9062b96ed4,0x78511e966cc0b7bbe060767fb8c6a31bb78bd471,True,No,0.0,False,,100,1126.8391411529021,2.0,0.0,-102.0,-1.0
14874,Will Rafał Trzaskowski be the next President of Poland?,poland-presidential-election,514139,will-rafa-trzaskowski-be-the-next-president-of-poland,Yes,0.06258899008757718,17625.943436,1103.19,6.3%,,,,,,,,,,2026-05-28 01:04:01 UTC,2025-06-01 22:31:41+00:00,2025-06-01 22:31:41 UTC,0x6d9fe50b8a9224e0bb1e8d0731a818e1fc72790d39b9f17c338423d9624cb5a8,0xcce5dc3435229c09da9c8f71d8aa134494f9a15c,True,No,0.0,False,,100,1597.7250928649871,2.0,0.0,-102.0,-1.0
13922,"Will Trump say ""crypto"" or ""Bitcoin""during New Mexico rally on October 31?",what-will-trump-say-during-albuquerque-nm-rally,511429,will-trump-say-crypto-or-bitcoinduring-new-mexico-rally-on-october-31,Yes,0.049,22494.78,1102.24,4.9%,,,,,,,,,,2026-05-28 01:03:15 UTC,2024-10-31 17:04:03+00:00,2024-10-31 17:04:03 UTC,0xbad61a44e5b9319448094dfb10b479081ca77e8fd55c258fe1ee85e881f42a23,0xb10047d6a254b2ebb306d7a7d13bf59171ab6461,True,No,0.0,False,,100,2040.816326530612,2.0,0.0,-102.0,-1.0
11369,Biden drops out by July 12?,biden-drop-out-by-july-12,503131,biden-drop-out-by-july-12,Yes,0.09857121202217986,11168.69,1100.91,9.9%,,,,,,,,,,2026-05-28 01:01:43 UTC,2024-07-11 23:38:44+00:00,2024-07-11 23:38:44 UTC,0xed43dc0ce359c7a267802f76fd76dfa767803f933469d8d2522d3b1e04c02212,0xe6a71e25c227ca55c6fa11956afcb9ea0bb4438d,True,No,0.0,False,,100,1014.4949823433097,2.0,0.0,-102.0,-1.0
11565,Biden resigns from presidency by August 31?,will-biden-announce-resignation-by-august-31,503656,will-biden-announce-resignation-by-august-31,Yes,0.02186383883685473,50311.384346,1100.0,2.2%,,,,,,,,,,2026-05-28 01:01:49 UTC,2024-08-18 04:21:49+00:00,2024-08-18 04:21:49 UTC,0xb9181c46cebd570c347a9bf20c7f2c3f0c820e92248b89ca900a443245c4f4d4,0x0677445aca95c5422717a87ff99805e06f581477,True,No,0.0,False,,100,4573.762217430693,2.0,0.0,-102.0,-1.0
11639,Will Biden resign before the election?,biden-resigns-from-presidency-before-election,503972,biden-resigns-from-presidency-before-election,Yes,0.07,15714.33,1100.0,7.0%,,,,,,,,,,2026-05-28 01:01:51 UTC,2024-08-29 11:11:17+00:00,2024-08-29 11:11:17 UTC,0xd976ffe84d6c897957a5dd07df3a4d43b37c37c27192f43c7ff24b287d674e90,0x235ea9d9c6d71d9e3df5a4e876a7860647467916,True,No,0.0,False,,100,1428.5714285714284,2.0,0.0,-102.0,-1.0
11696,No change in Fed interest rates after 2024 September meeting?,fed-interest-rates-september-2024,504071,no-change-in-fed-interest-rates-after-2024-september-meeting,Yes,0.016416278620662483,67006.66,1100.0,1.6%,,,,,,,,,,2026-05-28 01:01:54 UTC,2024-09-13 21:17:00+00:00,2024-09-13 21:17:00 UTC,0x8be5298a0ca1460a0117e84dcd1d4d9feb8b5937033282a1d688e4325ac3239d,0x0a355ad2cfd12b8aef597977c65444168bf14379,True,No,0.0,False,,100,6091.514545454545,2.0,0.0,-102.0,-1.0
11798,Will Kamala Harris drop out of presidential race?,will-kamala-drop-out-before-election,504400,will-kamala-drop-out-before-election,Yes,0.01943697773312951,56593.160475,1100.0,1.9%,,,,,,,,,,2026-05-28 01:01:58 UTC,2024-10-13 03:19:29+00:00,2024-10-13 03:19:29 UTC,0x301ec4a293b5e105fc2e4343bb9e6a481829680f4b13e17a876c1d34ef1cae5f,0x68aeb2c54a6009c7e10316411e9bfe3e259d1781,True,No,0.0,False,,100,5144.832770454545,2.0,0.0,-102.0,-1.0
12181,Will George Bush speak at the DNC?,will-george-bush-speak-at-the-dnc,505692,will-george-bush-speak-at-the-dnc,Yes,0.027458556523706514,40060.372367,1100.0,2.7%,,,,,,,,,,2026-05-28 01:02:32 UTC,2024-08-23 00:22:21+00:00,2024-08-23 00:22:21 UTC,0x289343feba68f72655c21eb9fa4de60f153f42d13aa11e28e88750478cb046a2,0x8a458670dd167dc112a9ff1241c9a6dd5f424a71,True,No,0.0,False,,100,3641.852036674411,2.0,0.0,-102.0,-1.0
13431,Israel military action against Iraq before November?,israel-military-action-against-iraq-before-november,509855,israel-military-action-against-iraq-before-november,No,0.010019647120424907,109784.305453,1100.0,1.0%,,,,,,,,,,2026-05-28 01:02:59 UTC,2024-10-28 05:05:44+00:00,2024-10-28 05:05:44 UTC,0x585062eac03cef7eeb7ea7dbfda8c40c17365f7db9ecedf5f54df2512a215a62,0x9a151f34b31b7192e1d798b856fc45eebbbe68ab,True,Yes,0.0,False,,100,9980.391404818183,2.0,0.0,-102.0,-1.0
16108,Russia x Ukraine ceasefire in 2025?,russia-x-ukraine-ceasefire-in-2025,516719,russia-x-ukraine-ceasefire-in-2025,Yes,0.09918671402982544,11090.195,1100.0,9.9%,,,,,,,,,,2026-05-28 01:04:33 UTC,2025-11-19 12:05:19+00:00,2025-11-19 12:05:19 UTC,0x6757d9f1592847c7f8af34f8f18fc9cb51f21f55182cc1bccc86d330dcd619f2,0x02d5b02ac635b3699ba42b16ccd4d48bf5849319,True,No,0.0,False,,100,1008.1995454545455,2.0,0.0,-102.0,-1.0
17140,Fed decreases interest rates by 25 bps after May 2025 meeting?,fed-decision-in-may-2025,519777,fed-decreases-interest-rates-by-25-bps-after-may-2025-meeting,Yes,0.025869687641449843,42520.807141,1100.0,2.6%,,,,,,,,,,2026-05-28 01:04:55 UTC,2025-05-06 19:36:10+00:00,2025-05-06 19:36:10 UTC,0xea898d84cfbbf22180fdf1c775ab51083044a4bef4a26bc9715e5531ae4f809a,0x805d946b484951a4c11661a89b1943bacd58e14e,True,No,0.0,False,,100,3865.5279254232073,2.0,0.0,-102.0,-1.0
17792,No change in Fed interest rates after June 2025 meeting?,fed-decision-in-june,521836,no-change-in-fed-interest-rates-after-june-2025-meeting,No,0.014661347777331708,75027.208665,1100.0,1.5%,,,,,,,,,,2026-05-28 01:05:07 UTC,2025-06-18 14:41:26+00:00,2025-06-18 14:41:26 UTC,0x110ed6d1d82068a69cbba39c04590bdc4f59bce04007e1dcec0be37b0696996a,0x9f60637af1603a2baf7e3023c735fb488885bbcc,True,Yes,0.0,False,,100,6820.655339382414,2.0,0.0,-102.0,-1.0
15437,Will Biden pardon SBF?,who-will-biden-pardon,500502,will-biden-pardon-sbf-this-term,Yes,0.09483917513465084,11595.102946,1099.67,9.5%,,,,,,,,,,2026-05-28 01:04:14 UTC,2024-12-23 21:06:37+00:00,2024-12-23 21:06:37 UTC,0x643acb61c6ccb2ae41547c920e8b9ff7be8b9ef24dac54a79499a8fd27073595,0x9ca6dd7c27bc737233711ef1b544da2987451c1d,True,No,0.0,False,,100,1054.416593754869,2.0,0.0,-102.0,-1.0
11827,Fed decreases interest rates by 25 bps after November 2024 meeting?,fed-interest-rates-november-2024,504492,fed-decreases-interest-rates-by-25-bps-after-november-2024-meeting,No,0.029,37900.0,1099.1,2.9%,,,,,,,,,,2026-05-28 01:02:03 UTC,2024-11-07 12:16:27+00:00,2024-11-07 12:16:27 UTC,0xbe3b94ed2fcd0d83f2bfa3209e97c35632bc469aef9f1c544120267cec09621f,0x51f5a87fe32bd9102d4cd75a6afbeb576c732e8d,True,Yes,0.0,False,,100,3448.275862068965,2.0,0.0,-102.0,-1.0
17174,Was JFK assassination an inside job?,was-jfk-assassination-an-inside-job-march-31,519906,was-jfk-assassination-an-inside-job-march-31,Yes,0.016953703567957994,64799.81,1098.6,1.7%,,,,,,,,,,2026-05-28 01:04:59 UTC,2025-03-19 04:18:05+00:00,2025-03-19 04:18:05 UTC,0x934bda28111c8f19d217779fffbf01bcd3c1317c4387b6eb18b6b454f23b8f56,0x011dcbfd147ec4adbf51fdcc15de1531cadb3d2f,True,No,0.0,False,,100,5898.416213257207,2.0,0.0,-102.0,-1.0
17792,No change in Fed interest rates after June 2025 meeting?,fed-decision-in-june,521836,no-change-in-fed-interest-rates-after-june-2025-meeting,No,0.02295926748116385,47843.860868,1098.46,2.3%,,,,,,,,,,2026-05-28 01:05:11 UTC,2025-06-07 09:40:52+00:00,2025-06-07 09:40:52 UTC,0x32c8bef55e7260a724155557ab3fa2cd7c2f916ece119a2e31b8c31fccf46e89,0x9921df381f775ccbf505da9a7df56b1e74596258,True,Yes,0.0,False,,100,4355.539656569688,2.0,0.0,-102.0,-1.0
11143,Will Trump launch a coin before the election?,will-trump-launch-a-coin-before-the-election,502571,will-trump-launch-a-coin-before-the-election,No,0.021201975976800642,51796.587271,1098.19,2.1%,,,,,,,,,,2026-05-28 01:01:31 UTC,2024-10-16 14:57:49+00:00,2024-10-16 14:57:49 UTC,0xb6eccb849833b4b78b409466f61e4dd7f0db890de8a6b2f1282387a6f4d5b450,0x33d300a1a037ac0338da04dfe61040f05dbbfe5b,True,Yes,0.0,False,,100,4716.541519970626,2.0,0.0,-102.0,-1.0
11798,Will Kamala Harris drop out of presidential race?,will-kamala-drop-out-before-election,504400,will-kamala-drop-out-before-election,Yes,0.07,15683.0,1097.81,7.0%,,,,,,,,,,2026-05-28 01:01:58 UTC,2024-08-08 20:19:29+00:00,2024-08-08 20:19:29 UTC,0x5fbbdb374c7a1bc830ea93c115adab97eeb79b8b975583a537d45db39fd8a6e1,0x10b30364936b03d26b3fd01a63d1f991454b40d4,True,No,0.0,False,,100,1428.5714285714284,2.0,0.0,-102.0,-1.0
14555,Elise Stefanik confirmed as UN ambassador?,which-trump-picks-will-be-confirmed,512957,will-elise-stefanik-be-confirmed-as-un-ambassador,No,0.0631561768651035,17377.99,1097.53,6.3%,,,,,,,,,,2026-05-28 01:03:56 UTC,2025-03-27 15:19:38+00:00,2025-03-27 15:19:38 UTC,0x5a86347dc7585d9906041a3a97e198f3faaee81c842a2b843a2140a67290341d,0xa3d3da79775f534629a920bfd1c6e4f5fb6fd424,True,No,0.0,True,,100,1583.3764005948608,2.0,1583.3764005948608,1481.3764005948608,14.523298045047655
16282,"Will Trump deport 250,000-500,000 people?",how-many-people-will-trump-deport-in-2025,517311,will-trump-deport-250000-500000-people,No,0.068,16127.0,1096.64,6.8%,,,,,,,,,,2026-05-28 01:04:34 UTC,2026-02-11 20:36:41+00:00,2026-02-11 20:36:41 UTC,0xf641920d0c65e99554834e5ff7556859e54452b5d238f16a78077a451d5c0d70,0xef1a212ef56d24cf63308b5faaf5056113de4d11,True,Yes,0.0,False,,100,1470.5882352941176,2.0,0.0,-102.0,-1.0
10995,Biden drops out by July 4? ,biden-drops-out-after-debate,502223,biden-drops-out-after-debate,Yes,0.05772399354518895,18962.6,1094.6,5.8%,,,,,,,,,,2026-05-28 01:01:30 UTC,2024-07-03 14:43:35+00:00,2024-07-03 14:43:35 UTC,0xbf39ab2931413eab2a7029bf751118456ed9b2d68f0f2c690604ace3d244a17f,0x9d84ce0306f8551e02efef1680475fc0f1dc1344,True,No,0.0,False,,100,1732.3818720497134,2.0,0.0,-102.0,-1.0
11143,Will Trump launch a coin before the election?,will-trump-launch-a-coin-before-the-election,502571,will-trump-launch-a-coin-before-the-election,No,0.025,43778.4,1094.46,2.5%,,,,,,,,,,2026-05-28 01:01:31 UTC,2024-10-16 20:31:40+00:00,2024-10-16 20:31:40 UTC,0xd6a41594c87736df3b76b343b4745aec3ac1f050dc69e929a913cf269f463bee,0x36cf7d409f8e413ca2362f6fb11bdf55fa137c15,True,Yes,0.0,False,,100,4000.0,2.0,0.0,-102.0,-1.0
13905,Kamala wins 319-219 - swing state sweep ,kamala-swing-state-sweep-319-evs,511401,kamala-swing-state-sweep-319-evs,Yes,0.07844674203390314,13949.209,1094.27,7.8%,,,,,,,,,,2026-05-28 01:03:15 UTC,2024-11-02 00:25:11+00:00,2024-11-02 00:25:11 UTC,0xa7d604abeb1e5f8146d966e1dcd5625b396a404f837429c609573550ce89e88b,0x0ee13ba520a12408383fcce5ff206844814f01f8,True,No,0.0,False,,100,1274.7501987626454,2.0,0.0,-102.0,-1.0
11385,Will Andy Beshear be the 2024 Democratic VP nominee?,democratic-vp-nominee,503190,will-andy-beshear-be-the-2024-democratic-vp-nominee,Yes,0.04871318505324595,22434.57,1092.86,4.9%,,,,,,,,,,2026-05-28 01:01:39 UTC,2024-08-05 02:00:37+00:00,2024-08-05 02:00:37 UTC,0x3d0e55266429236f563cb8718560a1ada4ad1dc9f4824c2ccd937754e584e2dd,0x133ba4d001ae339bfb08631eead95c5dabe92f22,True,No,0.0,False,,100,2052.832305887923,2.0,0.0,-102.0,-1.0
15725,Will Trump acquire Greenland before July?,will-the-us-acquire-greenland-before-july,516184,will-the-us-acquire-greenland-before-july,Yes,0.058,18840.28,1092.74,5.8%,,,,,,,,,,2026-05-28 01:04:24 UTC,2025-01-21 12:47:32+00:00,2025-01-21 12:47:32 UTC,0x47071fbacba050efc3ec99ebdbc00cb8bf04b32684a2342b7cbaf3180dc9e86c,0xc7aa5e79847786a6acc381befe4e0e0719e6d0f0,True,No,0.0,False,,100,1724.1379310344826,2.0,0.0,-102.0,-1.0
11960,Election certified on January 6?,us-presidential-election-certified-on-january-6,504830,us-presidential-election-certified-on-january-6,No,0.04994866880283373,21839.74,1090.87,5.0%,,,,,,,,,,2026-05-28 01:02:06 UTC,2025-01-05 15:39:37+00:00,2025-01-05 15:39:37 UTC,0xf6de5f294ed7e66b900030b3c71728799e9725de8e90322f01675a805e683b86,0x542aae10712e812bd71d792861ec5a570aa8a81b,True,Yes,0.0,False,,100,2002.055357966351,2.0,0.0,-102.0,-1.0
11385,Will Andy Beshear be the 2024 Democratic VP nominee?,democratic-vp-nominee,503190,will-andy-beshear-be-the-2024-democratic-vp-nominee,Yes,0.03782518491128109,28828.69,1090.45,3.8%,,,,,,,,,,2026-05-28 01:01:40 UTC,2024-07-30 15:21:58+00:00,2024-07-30 15:21:58 UTC,0x3326aa10c4b283e111dc2dd7ef03105063e17e85cdc0cea7c4515d261c47964a,0x9d84ce0306f8551e02efef1680475fc0f1dc1344,True,No,0.0,False,,100,2643.7412066735387,2.0,0.0,-102.0,-1.0
10656,Will a Republican win the popular vote and a Democrat win the Presidency?,which-party-wins-presidency-popular-vote,501588,will-a-republican-win-the-popular-vote-and-a-democrat-win-the-presidency,Yes,0.02694086054399923,40464.186295,1090.14,2.7%,,,,,,,,,,2026-05-28 01:01:21 UTC,2024-11-02 00:03:54+00:00,2024-11-02 00:03:54 UTC,0x24038a96471969efadde5ff79f2601925def61ce8660abe79664e8d027134c8f,0xf655c5c77ff95761d952e626bb27410718dfe63c,True,No,0.0,False,,100,3711.833919955235,2.0,0.0,-102.0,-1.0
16432,Conservatives win majority in Canadian election?,will-the-conservative-party-win-a-majority-in-next-canadian-election,517600,will-the-conservative-party-win-a-majority-in-next-canadian-election,Yes,0.07038248250864948,15483.8244,1089.79,7.0%,,,,,,,,,,2026-05-28 01:04:36 UTC,2025-04-28 18:01:18+00:00,2025-04-28 18:01:18 UTC,0x7f05fdf3c0f98b465e93fe55bd63ca101b0def3a60b5b18bb8c097b03ecb9351,0xa47fd874dcee4b9374d862ca7597ea3d33cb375d,True,No,0.0,False,,100,1420.8080822910836,2.0,0.0,-102.0,-1.0
11910,GOP wins popular vote by 7% or more?,popular-vote-margin-of-victory-in-presidential-election,504666,gop-wins-popular-vote-by-more-than-7,Yes,0.044649110182303574,24392.4234,1089.1,4.5%,,,,,,,,,,2026-05-28 01:02:10 UTC,2024-09-10 23:26:12+00:00,2024-09-10 23:26:12 UTC,0xa725cdd053d50df1be54d1720afd2141c1295124f776e7e4c02803a6910925e9,0xcc360999addbce2b843a6ee752aa01439f928bbf,True,No,0.0,False,,100,2239.6862914332937,2.0,0.0,-102.0,-1.0
14189,Will John Cornyn be the next Senate Majority Leader?,next-senate-majority-leader,512216,will-john-cornyn-be-the-next-seante-majority-leader,Yes,0.09946423878218308,10942.86,1088.42,9.9%,,,,,,,,,,2026-05-28 01:03:43 UTC,2024-11-12 05:12:24+00:00,2024-11-12 05:12:24 UTC,0xdcfa4c7e73af8d2f01fd07d881dd4e41de969b542d5399270c7978d13e1cde12,0x47bc4b50a8d0c4a07b22bfd949f9c6afb8aec043,True,No,0.0,False,,100,1005.3864707997232,2.0,0.0,-102.0,-1.0
16547,U.S. Government funding lapse on March 15?,us-government-funding-lapse-on-march-15,518009,us-government-funding-lapse-on-march-15,No,0.0523517894954915,20782.861665,1088.02,5.2%,,,,,,,,,,2026-05-28 01:04:41 UTC,2025-03-15 13:00:37+00:00,2025-03-15 13:00:37 UTC,0x2e3cf5da67ace93700d88947a329a261491e80fcb11eda1100d208938ad93464,0x1399703b374aeea59372c32e10524aa06472913e,True,Yes,0.0,False,,100,1910.1543798920557,2.0,0.0,-102.0,-1.0
10656,Will a Republican win the popular vote and a Democrat win the Presidency?,which-party-wins-presidency-popular-vote,501588,will-a-republican-win-the-popular-vote-and-a-democrat-win-the-presidency,Yes,0.03,36254.68,1087.64,3.0%,,,,,,,,,,2026-05-28 01:01:21 UTC,2024-11-02 14:16:26+00:00,2024-11-02 14:16:26 UTC,0xf87cc092114403bbf3797cedb5b5bd13f39924c1a2c78e6912d7d6c798f6307f,0x6236a163db74732a2004c0c162d8536dbf2d15f1,True,No,0.0,False,,100,3333.3333333333335,2.0,0.0,-102.0,-1.0
11973,Will Kamala Harris win all 6 swing states?,will-kamala-harris-win-every-swing-state,504897,will-kamala-harris-win-every-swing-state,Yes,0.09,12081.6,1087.34,9.0%,,,,,,,,,,2026-05-28 01:02:13 UTC,2024-10-24 02:26:04+00:00,2024-10-24 02:26:04 UTC,0x25a93bad7f1bce92d1368b28ed68ecf9a9cb02ebd828023bb84d0fea4ee2994f,0x4c0ff4ed37078480a5abcc1605b8c8e61566f4e1,True,No,0.0,False,,100,1111.111111111111,2.0,0.0,-102.0,-1.0
12641,TikTok banned in the US before May 2025?,tiktok-banned-in-the-us-before-may-2025,507276,tiktok-banned-in-the-us-before-may-2025,No,0.039633408365216415,27428.34,1087.08,4.0%,,,,,,,,,,2026-05-28 01:02:43 UTC,2025-01-19 17:28:18+00:00,2025-01-19 17:28:18 UTC,0x32f4b60c0e16e853fbc0c02886ba6fc7250d39cccacb003a517d1a6611afced5,0x0027afe19cdef13568f5cdd43ebe67b5b5516e97,True,Yes,0.0,False,,100,2523.1239029082167,2.0,0.0,-102.0,-1.0
10656,Will a Republican win the popular vote and a Democrat win the Presidency?,which-party-wins-presidency-popular-vote,501588,will-a-republican-win-the-popular-vote-and-a-democrat-win-the-presidency,Yes,0.03,36219.51,1086.59,3.0%,,,,,,,,,,2026-05-28 01:01:21 UTC,2024-11-04 15:30:58+00:00,2024-11-04 15:30:58 UTC,0x07867b6ac044223e7eaa8a8af69477843c579ce38859bdfde8807c5bc9d0a007,0x6bd4f813091dc404809bdcd065cc81103bdc8aca,True,No,0.0,False,,100,3333.3333333333335,2.0,0.0,-102.0,-1.0
10656,Will a Republican win the popular vote and a Democrat win the Presidency?,which-party-wins-presidency-popular-vote,501588,will-a-republican-win-the-popular-vote-and-a-democrat-win-the-presidency,Yes,0.028,38750.0,1085.0,2.8%,,,,,,,,,,2026-05-28 01:01:23 UTC,2024-10-25 14:15:54+00:00,2024-10-25 14:15:54 UTC,0xa0b35b1c874df187dc887904224b09f04ba55cb99e3d81ddd4786e8c6479df7f,0x1ac02887c7d61a96749fd1f45e4b7822d9ed041f,True,No,0.0,False,,100,3571.4285714285716,2.0,0.0,-102.0,-1.0
14874,Will Rafał Trzaskowski be the next President of Poland?,poland-presidential-election,514139,will-rafa-trzaskowski-be-the-next-president-of-poland,Yes,0.06307593860958459,17201.487967,1085.0,6.3%,,,,,,,,,,2026-05-28 01:04:01 UTC,2025-06-01 22:52:27+00:00,2025-06-01 22:52:27 UTC,0xfb7eb6f05ac49ed4a1809da4b8ccc76fd97ba5610e32f6a1daf616b0e6fb6b54,0x3a3041bed370a9feb1fef889a8e0119db1de906e,True,No,0.0,False,,100,1585.3905974980557,2.0,0.0,-102.0,-1.0
17792,No change in Fed interest rates after June 2025 meeting?,fed-decision-in-june,521836,no-change-in-fed-interest-rates-after-june-2025-meeting,No,0.040761083085248284,26617.055237,1084.94,4.1%,,,,,,,,,,2026-05-28 01:05:11 UTC,2025-06-04 20:19:48+00:00,2025-06-04 20:19:48 UTC,0xdf50c2508a8b627970c1eec7e303ca1e7e58c2039895f04a81566d5e15d1cf19,0x40b078960902ce9e7223d4ee6426bdf794071f0a,True,Yes,0.0,False,,100,2453.3204819621365,2.0,0.0,-102.0,-1.0
12700,Israeli forces enters Lebanon in September?,israeli-forces-enters-lebanon-in-september,507472,israeli-forces-enters-lebanon-in-september,No,0.026335471831184162,41190.072726,1084.76,2.6%,,,,,,,,,,2026-05-28 01:02:47 UTC,2024-10-01 22:53:00+00:00,2024-10-01 22:53:00 UTC,0xaf0b989b7af7e5757b39bf8da85bd72e39b7a271b80af308e7f755a73ede38de,0xcfe811d59ae3b46b7366c496446a89ee01cc0212,True,Yes,0.0,False,,100,3797.1599917032336,2.0,0.0,-102.0,-1.0
14874,Will Rafał Trzaskowski be the next President of Poland?,poland-presidential-election,514139,will-rafa-trzaskowski-be-the-next-president-of-poland,Yes,0.07206842398873893,15041.261332,1084.0,7.2%,,,,,,,,,,2026-05-28 01:04:01 UTC,2025-06-01 22:34:11+00:00,2025-06-01 22:34:11 UTC,0x8d5c015b04d006731b7329880aba535370aed29f3ab6364055118cbb821b2b42,0x3a3041bed370a9feb1fef889a8e0119db1de906e,True,No,0.0,False,,100,1387.570234859382,2.0,0.0,-102.0,-1.0
15586,Will Friedrich Merz be the next Chancellor of Germany?,next-chancellor-of-germany,515766,will-friedrich-merz-be-the-next-chancellor-of-germany,No,0.04728176149929733,22926.3878,1084.0,4.7%,,,,,,,,,,2026-05-28 01:04:16 UTC,2025-04-08 10:32:53+00:00,2025-04-08 10:32:53 UTC,0x6d1cf612d90027bc9e4bf8c67f68e20936ee3e0ccb23b70689b493511668d567,0xbefc03187e562a963a9a0e5f9e5b802cc5f151b7,True,Yes,0.0,False,,100,2114.9804243542435,2.0,0.0,-102.0,-1.0
17140,Fed decreases interest rates by 25 bps after May 2025 meeting?,fed-decision-in-may-2025,519777,fed-decreases-interest-rates-by-25-bps-after-may-2025-meeting,Yes,0.02333401742351955,46448.0668,1083.82,2.3%,,,,,,,,,,2026-05-28 01:04:55 UTC,2025-05-07 16:57:20+00:00,2025-05-07 16:57:20 UTC,0x8284c1fa14d4b0229ebba6e4caebb4b4b335b21af9f076da21a63dbd3dca99af,0x8c71da25bfdb37526f88243405cf40336013d035,True,No,0.0,False,,100,4285.5886401801035,2.0,0.0,-102.0,-1.0
11650,JD Vance replaced as Republican VP nominee?,jd-vance-steps-down-as-republican-vp-nominee,503989,jd-vance-steps-down-as-republican-vp-nominee,Yes,0.045,24080.94,1083.64,4.5%,,,,,,,,,,2026-05-28 01:01:53 UTC,2024-08-14 04:26:29+00:00,2024-08-14 04:26:29 UTC,0x5a685016c0f30a722d3650223b946a7135ecef9eb02514995382f03ade7d9dd9,0x0e0641cbd7849962226f5357f8a47f9b71da15d5,True,No,0.0,False,,100,2222.222222222222,2.0,0.0,-102.0,-1.0
12327,Will there be a US Government shutdown? ,us-government-shutdown-before-2025,506202,us-government-shutdown-before-2025,No,0.01,108361.41,1083.61,1.0%,,,,,,,,,,2026-05-28 01:02:35 UTC,2024-12-23 07:28:19+00:00,2024-12-23 07:28:19 UTC,0x5fc8c5061462fb3a14c88a305660d4a526b0eae8f3eca22e64de25dcc4a19f09,0xf30f98552dc72fd3e94ecc11df6e832b072ff4dd,True,Yes,0.0,False,,100,10000.0,2.0,0.0,-102.0,-1.0
13272,Will Trump win no swing states?,how-many-swing-states-will-trump-win,509222,will-trump-win-no-swing-states,Yes,0.09,12005.53,1080.5,9.0%,,,,,,,,,,2026-05-28 01:02:56 UTC,2024-10-20 10:19:41+00:00,2024-10-20 10:19:41 UTC,0xf709c5b9c5d86dcd8a8925cfff3ea2aba353b4af6bc2b6741971fc5cebc86f90,0xd42f6a1634a3707e27cbae14ca966068e5d1047d,True,No,0.0,False,,100,1111.111111111111,2.0,0.0,-102.0,-1.0
14379,Will AUR win the most seats in the Romanian parliamentary election?,romania-parliamentary-election,512850,will-aur-win-the-most-seats-in-the-romanian-parliamentary-election,Yes,0.05375877425815723,20097.370409,1080.41,5.4%,,,,,,,,,,2026-05-28 01:03:55 UTC,2024-12-01 22:22:12+00:00,2024-12-01 22:22:12 UTC,0x2a11ffb7780a0b84bc276d2ce8bb690027210df10ae3b28e6300c9399e372585,0xe274eed0e6e2c168094856a85c07efc747d8ee86,True,No,0.0,False,,100,1860.1614597793073,2.0,0.0,-102.0,-1.0
15665,No change in Fed interest rates after March 2025 meeting?,fed-decision-in-march,516010,no-change-in-fed-interest-rates-after-march-2025-meeting,No,0.07322324739378766,14754.17,1080.35,7.3%,,,,,,,,,,2026-05-28 01:04:20 UTC,2025-03-06 12:56:09+00:00,2025-03-06 12:56:09 UTC,0x2b22ffc7469ffe118006a08b2b650076b6dc24ec5fe3207151c5ddd2e034b650,0xa9ee0279edee743ed85fb293c079994a24635a28,True,Yes,0.0,False,,100,1365.6864938290637,2.0,0.0,-102.0,-1.0
16180,Maduro out in 2025?,maduro-out-in-2025,516947,maduro-out-in-2025-411,Yes,0.06546808846148235,16501.321856,1080.31,6.5%,,,,,,,,,,2026-05-28 01:04:29 UTC,2025-12-20 04:29:04+00:00,2025-12-20 04:29:04 UTC,0x16488f90e5b690cb095abaa511dd8461b92fb2e08156e8818d999d7a98d5f5c9,0x50bb2eb8481d6fbafd64cf252503fcf54c4bc3b4,True,No,0.0,False,,100,1527.461735175516,2.0,0.0,-102.0,-1.0
11910,GOP wins popular vote by 1-2%?,popular-vote-margin-of-victory-in-presidential-election,504679,gop-wins-popular-vote-by-1-2,Yes,0.09,12000.87,1080.08,9.0%,,,,,,,,,,2026-05-28 01:02:08 UTC,2024-10-15 07:56:29+00:00,2024-10-15 07:56:29 UTC,0xd5983686243aa93959854031296536c6f596d080b251b157b9f5c7adf720ccf3,0x6236a163db74732a2004c0c162d8536dbf2d15f1,True,Yes,0.0,True,,100,1111.111111111111,2.0,1111.111111111111,1009.1111111111111,9.893246187363834
16180,"Maduro out by January 31, 2026?",maduro-out-in-2025,916440,maduro-out-by-january-31-2026-318,Yes,0.06,18000.0,1080.0,6.0%,,,,,,,,,,2026-05-28 01:04:28 UTC,2025-12-30 11:26:39+00:00,2025-12-30 11:26:39 UTC,0x035b49b064f6ffad466f2f354af8539f67f57b40e078df799bb82d852bb8d57b,0xf797d4d1c038d1eb0593edae0e66bf8e4b2e0bf2,True,Yes,0.0,True,,100,1666.6666666666667,2.0,1666.6666666666667,1564.6666666666667,15.339869281045752
16180,Maduro out in 2025?,maduro-out-in-2025,516947,maduro-out-in-2025-411,Yes,0.04450442370007798,24267.250516,1080.0,4.5%,,,,,,,,,,2026-05-28 01:04:29 UTC,2025-12-23 00:13:11+00:00,2025-12-23 00:13:11 UTC,0xff66509ae0a5249d044aa3dc057959a016f94a37ac9169f8f2e43b6a8f5fe3b2,0x834079f62fa9b4b0bdfad5b8b7a841e8267da024,True,No,0.0,False,,100,2246.9676424508957,2.0,0.0,-102.0,-1.0
16180,Maduro out in 2025?,maduro-out-in-2025,516947,maduro-out-in-2025-411,Yes,0.0451549750408617,23907.443156,1079.54,4.5%,,,,,,,,,,2026-05-28 01:04:29 UTC,2025-12-23 01:22:59+00:00,2025-12-23 01:22:59 UTC,0xaf492460ab08c691a0398efeac5439dfde27255efe53097a331d68dd02eeab82,0xac3266f8365d8d414607dfc2af3b8dde01ba3f55,True,No,0.0,False,,100,2214.595399720803,2.0,0.0,-102.0,-1.0
17140,Fed decreases interest rates by 25 bps after May 2025 meeting?,fed-decision-in-may-2025,519777,fed-decreases-interest-rates-by-25-bps-after-may-2025-meeting,Yes,0.0194244243007703,55573.333,1079.48,1.9%,,,,,,,,,,2026-05-28 01:04:56 UTC,2025-05-03 16:39:16+00:00,2025-05-03 16:39:16 UTC,0x220a801f2d2c8b19d621b6adc8a3af20c9037d88015ba88573230d970fddd5a6,0x97f4dc2b0fd2d47bfdbc500c0124531f34eb097b,True,No,0.0,False,,100,5148.157724089376,2.0,0.0,-102.0,-1.0
11385,Will Pete Buttigieg be the 2024 Democratic VP nominee?,democratic-vp-nominee,503175,will-pete-buttigieg-be-the-2024-democratic-vp-nomination,Yes,0.044339580628805955,24318.79,1078.28,4.4%,,,,,,,,,,2026-05-28 01:01:40 UTC,2024-07-30 01:43:10+00:00,2024-07-30 01:43:10 UTC,0x3e66da6362badf15ab5e7f84f4cacff1c5d5be413781213453b084863319b085,0x0386550f6729b1a8478696280985293f95e299b9,True,No,0.0,False,,100,2255.3212858994275,2.0,0.0,-102.0,-1.0
14038,Will Biden resign in November?,will-biden-resign-in-november,511884,will-biden-resign-in-november,Yes,0.01451041119077982,74284.01,1077.89,1.5%,,,,,,,,,,2026-05-28 01:03:33 UTC,2024-11-20 09:46:15+00:00,2024-11-20 09:46:15 UTC,0x6b8ac7a006a9b7b56207315b43a0a89a7194595cc9ad64e9aaea221f0f1aa3d1,0x48362f4c13c94804eb5a9bd79cf6de830d930964,True,No,0.0,False,,100,6891.603462177683,2.0,0.0,-102.0,-1.0
17792,Fed decreases interest rates by 50+ bps after June 2025 meeting?,fed-decision-in-june,521834,fed-decreases-interest-rates-by-50-bps-after-june-2025-meeting,Yes,0.048720483100000184,22117.16,1077.56,4.9%,,,,,,,,,,2026-05-28 01:05:12 UTC,2025-03-10 19:06:29+00:00,2025-03-10 19:06:29 UTC,0xa077ba524ed65e423a889426bfc875271ca49abc786892f926c1cf6673ac7bdf,0xa9ee0279edee743ed85fb293c079994a24635a28,True,No,0.0,False,,100,2052.524803474283,2.0,0.0,-102.0,-1.0
12120,Favorite to win on Polymarket day before election?,favorite-to-win-on-polymarket-day-before-election,505437,favorite-to-win-on-polymarket-day-before-election,Kamala,0.03964644452088445,27152.74,1076.51,4.0%,,,,,,,,,,2026-05-28 01:02:21 UTC,2024-10-31 01:41:47+00:00,2024-10-31 01:41:47 UTC,0xa99b5b5b894c0e5aed60c5e44fa11dbb244daadd14c89bdb0b3944326b6178cf,0x8714136f9925a568f1d069babd54772009ad4750,True,Trump,0.0,False,,100,2522.2942740129765,2.0,0.0,-102.0,-1.0
11646,Major challenger to Kamala for Democratic nomination?,major-challenger-to-kamala-for-democratic-nomination,503985,major-challenger-to-kamala-for-democratic-nomination,Yes,0.0617022553752853,17442.33,1076.23,6.2%,,,,,,,,,,2026-05-28 01:01:53 UTC,2024-07-29 12:43:49+00:00,2024-07-29 12:43:49 UTC,0xafafa9021d070ce9d0ab32b23f96b754f00a815ed53a35c0f87f299877ecc48b,0xaed29198b46d25a5b2b3b2556bd1cb39c6138e93,True,No,0.0,False,,100,1620.6863005538494,2.0,0.0,-102.0,-1.0
11696,No change in Fed interest rates after 2024 September meeting?,fed-interest-rates-september-2024,504071,no-change-in-fed-interest-rates-after-2024-september-meeting,Yes,0.018300932691702368,58790.99263,1075.93,1.8%,,,,,,,,,,2026-05-28 01:01:54 UTC,2024-09-14 13:14:39+00:00,2024-09-14 13:14:39 UTC,0xc37dc3238068b8061344763cd6263423c533bf842fb766fd15d260107d093d4e,0xa21e2b3e49487d81cc2278550aa6c58430a91378,True,No,0.0,False,,100,5464.202381627246,2.0,0.0,-102.0,-1.0
16108,Russia x Ukraine ceasefire in 2025?,russia-x-ukraine-ceasefire-in-2025,516719,russia-x-ukraine-ceasefire-in-2025,Yes,0.08,13443.75,1075.5,8.0%,,,,,,,,,,2026-05-28 01:04:31 UTC,2025-12-02 11:33:04+00:00,2025-12-02 11:33:04 UTC,0xe72e44d0551c261db34a5d1f97c535b9b7ae70b72dc3d6b88b48e23783b9c34c,0x50a064a261966908967617fe5d5f5c439b5bf233,True,No,0.0,False,,100,1250.0,2.0,0.0,-102.0,-1.0
11696,No change in Fed interest rates after 2024 September meeting?,fed-interest-rates-september-2024,504071,no-change-in-fed-interest-rates-after-2024-september-meeting,Yes,0.0550731882032595,19524.201051,1075.26,5.5%,,,,,,,,,,2026-05-28 01:01:55 UTC,2024-08-04 09:37:39+00:00,2024-08-04 09:37:39 UTC,0x11c054ec090ca51c2b9c8bae9466b83f84c996f264663dcfe41f514ed098b8fa,0xc43cc461873d532d859886d6edbe2827e1c1e9e8,True,No,0.0,False,,100,1815.7655887094895,2.0,0.0,-102.0,-1.0
17174,Was JFK assassination an inside job?,was-jfk-assassination-an-inside-job-march-31,519906,was-jfk-assassination-an-inside-job-march-31,Yes,0.028956809157530506,37132.198964,1075.23,2.9%,,,,,,,,,,2026-05-28 01:04:59 UTC,2025-03-18 22:17:58+00:00,2025-03-18 22:17:58 UTC,0x87332a3d421b83d0c8daaa737680e5659d49bded04b835b63b7ec8da56737dbc,0x4124f6919daa006632c70edd120aa1b4b8fe5827,True,No,0.0,False,,100,3453.419175295908,2.0,0.0,-102.0,-1.0
11143,Will Trump launch a coin before the election?,will-trump-launch-a-coin-before-the-election,502571,will-trump-launch-a-coin-before-the-election,No,0.013,82702.87,1075.14,1.3%,,,,,,,,,,2026-05-28 01:01:31 UTC,2024-10-17 12:05:38+00:00,2024-10-17 12:05:38 UTC,0x7e3687fc656f650de2b683554ee201c42e7f5482fa404795fc4db82066a153f6,0x0650b70814f32bb8e79bfdc867617505ab83bc71,True,Yes,0.0,False,,100,7692.307692307692,2.0,0.0,-102.0,-1.0
12374,Favorite to win on Polymarket day after debate?,favorite-to-win-on-polymarket-one-day-after-debate,506376,favorite-to-win-on-polymarket-one-day-after-debate,Trump,0.09582591958786776,11219.7,1075.14,9.6%,,,,,,,,,,2026-05-28 01:02:38 UTC,2024-09-12 03:05:12+00:00,2024-09-12 03:05:12 UTC,0x4013478d730cfb7eec2d7cb61626295ae689dc34fa80a1da255f631658788fb5,0x62d2bcd198bb6eab8b7eeb9d2061815dc02b9eb7,True,Kamala,0.0,False,,100,1043.5589914512097,2.0,0.0,-102.0,-1.0
11650,JD Vance replaced as Republican VP nominee?,jd-vance-steps-down-as-republican-vp-nominee,503989,jd-vance-steps-down-as-republican-vp-nominee,Yes,0.02942982360030678,36508.0,1074.42,2.9%,,,,,,,,,,2026-05-28 01:01:53 UTC,2024-08-21 18:32:51+00:00,2024-08-21 18:32:51 UTC,0xf3fac8b26821a1dc95b2e36144d9cd80c02ecb061f8fd4bb50d57e7cc5b4a6dd,0xe64ffa7621459172ad81960762d5760e65d444a5,True,No,0.0,False,,100,3397.913672814457,2.0,0.0,-102.0,-1.0
16180,Maduro out in 2025?,maduro-out-in-2025,516947,maduro-out-in-2025-411,Yes,0.032999999971136576,32497.878786,1072.43,3.3%,,,,,,,,,,2026-05-28 01:04:29 UTC,2025-12-20 14:56:30+00:00,2025-12-20 14:56:30 UTC,0x958cf14d633fc46721a9645616574b742484e3f4ab3e0dc53ba33d82defcfc66,0x50bb2eb8481d6fbafd64cf252503fcf54c4bc3b4,True,No,0.0,False,,100,3030.3030329534827,2.0,0.0,-102.0,-1.0
12795,Israel x Hezbollah Ceasefire in 2024?,israel-x-hezbollah-ceasefire-in-2024,507792,israel-x-hezbollah-ceasefire-in-2024,No,0.018,59559.46,1072.07,1.8%,,,,,,,,,,2026-05-28 01:02:49 UTC,2024-11-30 17:02:26+00:00,2024-11-30 17:02:26 UTC,0x1bc49f400a90ad006933605af5336bbae0bc6aaff60d4a491f335c68c8d83948,0x59ef87aa0fdd684ba5e9b8730ee31a1ff83d5924,True,Yes,0.0,False,,100,5555.555555555556,2.0,0.0,-102.0,-1.0
10656,Will a Republican win the popular vote and a Democrat win the Presidency?,which-party-wins-presidency-popular-vote,501588,will-a-republican-win-the-popular-vote-and-a-democrat-win-the-presidency,Yes,0.02682753799498194,39940.303102,1071.5,2.7%,,,,,,,,,,2026-05-28 01:01:21 UTC,2024-11-04 22:09:10+00:00,2024-11-04 22:09:10 UTC,0x8346afebd03ffc6468bcd96741b1312959fce9176e9b195c82db5d23ae1ce753,0x336cf9d48b99e492dc4bec34ece3983259c5d7ff,True,No,0.0,False,,100,3727.5131254573153,2.0,0.0,-102.0,-1.0
10223,"2024 Balance of Power: D Prez, R Senate, R House",balance-of-power-2024-election,500638,2024-balance-of-power-democratic-presidency-republican-house-and-senate,Yes,0.051,21000.0,1071.0,5.1%,,,,,,,,,,2026-05-28 01:01:13 UTC,2024-11-03 21:42:50+00:00,2024-11-03 21:42:50 UTC,0xd2a66d8b15476d1b668f61c5508ab5d34e99d9f5755e4981d8d85c0cc85c8c1b,0x56dc2c558dcb8e15fc412a6f4cff0b1c4570f02b,True,No,0.0,False,,100,1960.7843137254904,2.0,0.0,-102.0,-1.0
11639,Will Biden resign before the election?,biden-resigns-from-presidency-before-election,503972,biden-resigns-from-presidency-before-election,Yes,0.08,13386.16,1070.89,8.0%,,,,,,,,,,2026-05-28 01:01:51 UTC,2024-08-28 13:20:00+00:00,2024-08-28 13:20:00 UTC,0x58ef83a3fe20a08e8c5ae1f1e4059452ed0282289933b03da66a00baff662711,0x235ea9d9c6d71d9e3df5a4e876a7860647467916,True,No,0.0,False,,100,1250.0,2.0,0.0,-102.0,-1.0
14874,Will Rafał Trzaskowski be the next President of Poland?,poland-presidential-election,514139,will-rafa-trzaskowski-be-the-next-president-of-poland,Yes,0.060996607510119434,17541.959179,1070.0,6.1%,,,,,,,,,,2026-05-28 01:04:01 UTC,2025-06-01 22:55:35+00:00,2025-06-01 22:55:35 UTC,0x0f2edf688307222b4aa2d2222a67fb9986bd94d10c91f4c94c77cc5df8308ba9,0x48b02ca501bdd00861b3a0e906e921edc1ad083e,True,No,0.0,False,,100,1639.4354388219024,2.0,0.0,-102.0,-1.0
12327,Will there be a US Government shutdown? ,us-government-shutdown-before-2025,506202,us-government-shutdown-before-2025,No,0.01899999998281291,56263.157893,1069.0,1.9%,,,,,,,,,,2026-05-28 01:02:35 UTC,2024-12-21 06:52:24+00:00,2024-12-21 06:52:24 UTC,0x411515ed7f0ca3b0d136df3f4fba91d7457a5ee786adec168fb782dc8fa7cd13,0x6d00c9d284d3a5086d18610cbe6e34fcecd1506e,True,Yes,0.0,False,,100,5263.157899497809,2.0,0.0,-102.0,-1.0
15665,No change in Fed interest rates after March 2025 meeting?,fed-decision-in-march,516010,no-change-in-fed-interest-rates-after-march-2025-meeting,No,0.039999251607360294,26723.94,1068.94,4.0%,,,,,,,,,,2026-05-28 01:04:20 UTC,2025-03-11 00:05:11+00:00,2025-03-11 00:05:11 UTC,0x66497cdba2e8f428e2d68e73a7e425f7c39a501372d1748ba4ae3612d5c4916e,0xa974826f82380f9bb3d5b9c722c50f82fb1aef79,True,Yes,0.0,False,,100,2500.046775415141,2.0,0.0,-102.0,-1.0
11887,Tim Walz replaced as Democratic VP nominee?,tim-walz-out-as-democratic-vp-nominee,504598,tim-walz-out-as-democratic-vp-nominee,Yes,0.028,38114.0,1067.19,2.8%,,,,,,,,,,2026-05-28 01:02:08 UTC,2024-10-14 01:47:14+00:00,2024-10-14 01:47:14 UTC,0x9642e00d764e48028450ac415f2ce152b5d4dd88cf820a06fd9c822e77421497,0x8be44e0d22b30f567d8e65645a8a01a167bb49e2,True,No,0.0,False,,100,3571.4285714285716,2.0,0.0,-102.0,-1.0
15602,Will the AFD be part of the next German government?,which-parties-will-be-part-of-next-german-government,515840,will-the-afd-be-part-of-the-next-german-government,Yes,0.08268396262715405,12896.817776,1066.36,8.3%,,,,,,,,,,2026-05-28 01:04:16 UTC,2025-01-26 19:57:09+00:00,2025-01-26 19:57:09 UTC,0xa27ba5699e29313b0e1e8eda2b8f13b0c7d84a9d141e53325cb89253c0f83ac0,0x28ef465e8cc384080d935626e884a90439afffe1,True,No,0.0,False,,100,1209.4243771422637,2.0,0.0,-102.0,-1.0
11910,Democrats win popular vote by 3-4%?,popular-vote-margin-of-victory-in-presidential-election,504702,democrats-win-popular-vote-by-3-4,Yes,0.08,13325.0,1066.0,8.0%,,,,,,,,,,2026-05-28 01:02:08 UTC,2024-10-24 11:10:43+00:00,2024-10-24 11:10:43 UTC,0xb6ec49d38efe5210ba46f848aa680b71e125fabcb9a9a520a905afe657afe059,0x3e68e7b1c31148856c9f5743630a1c14545bee1d,True,No,0.0,False,,100,1250.0,2.0,0.0,-102.0,-1.0
11889,Harris-Walz Democratic ticket on election day?,harris-walz-final-democratic-ticket,504603,harris-walz-final-democratic-ticket,No,0.048986208196983905,21760.818774,1065.98,4.9%,,,,,,,,,,2026-05-28 01:02:10 UTC,2024-09-10 10:18:35+00:00,2024-09-10 10:18:35 UTC,0x32fcb5e0ace65a973925a121f891d054e5cae6bf10f77433acf3d2ae058b854b,0x1584a0a1b9595119f4cfd2d4d6540827d51f53d1,True,Yes,0.0,False,,100,2041.3909073729253,2.0,0.0,-102.0,-1.0
14220,Fed decreases interest rates by 25 bps after January 2025 meeting?,fed-interest-rates-january-2025,512323,fed-decreases-interest-rates-by-25-bps-after-january-2025-meeting,Yes,0.01999493272631148,53283.09,1065.39,2.0%,,,,,,,,,,2026-05-28 01:03:49 UTC,2025-01-11 05:15:53+00:00,2025-01-11 05:15:53 UTC,0x614254756e0de7433c412fed11c07b3bd55d1f324baa581e409c2d79dea8330d,0xa55ce71987243538f7e44e199e20def2958274ba,True,No,0.0,False,,100,5001.267139469254,2.0,0.0,-102.0,-1.0
12641,TikTok banned in the US before May 2025?,tiktok-banned-in-the-us-before-may-2025,507276,tiktok-banned-in-the-us-before-may-2025,No,0.04984618347623509,21372.749621,1065.35,5.0%,,,,,,,,,,2026-05-28 01:02:43 UTC,2025-01-19 17:35:06+00:00,2025-01-19 17:35:06 UTC,0x8812ef1b54ab7b4b7b822446f8b899f808bb4f92f48b824567f49bb24e92099d,0x4499bac1b94bd43e53797e3ff7eac8629635abb1,True,Yes,0.0,False,,100,2006.1716469762723,2.0,0.0,-102.0,-1.0
13678,Record turnout in 2024 Presidential election?,record-turnout-in-2024-presidential-election,510534,record-turnout-in-2024-presidential-election,Yes,0.05553124292789556,19177.46,1064.95,5.6%,,,,,,,,,,2026-05-28 01:03:11 UTC,2024-11-08 17:35:35+00:00,2024-11-08 17:35:35 UTC,0x4cdab5f75610c56bed44258a5d60cbfa6c827b30529c407932e9e7b933fc34d9,0xe2b1fc269d0c2e27da11fadd1d9596fe28227d2a,True,No,0.0,False,,100,1800.7880740188873,2.0,0.0,-102.0,-1.0
17792,No change in Fed interest rates after June 2025 meeting?,fed-decision-in-june,521836,no-change-in-fed-interest-rates-after-june-2025-meeting,No,0.014,76054.12,1064.76,1.4%,,,,,,,,,,2026-05-28 01:05:07 UTC,2025-06-17 14:06:45+00:00,2025-06-17 14:06:45 UTC,0x1b0bb6f1d98e6576bbfebef4cf14259b51ff1b74c975f28378bfa83ce711a5ed,0x9d84ce0306f8551e02efef1680475fc0f1dc1344,True,Yes,0.0,False,,100,7142.857142857143,2.0,0.0,-102.0,-1.0
15665,No change in Fed interest rates after March 2025 meeting?,fed-decision-in-march,516010,no-change-in-fed-interest-rates-after-march-2025-meeting,No,0.03870613692153832,27497.5,1064.32,3.9%,,,,,,,,,,2026-05-28 01:04:22 UTC,2025-02-25 07:50:51+00:00,2025-02-25 07:50:51 UTC,0x3bfdf1872f1211305b6e58ffabf2b53a1878f78ae07433a50d8fc91834db1606,0xa3d3da79775f534629a920bfd1c6e4f5fb6fd424,True,Yes,0.0,False,,100,2583.5696340017403,2.0,0.0,-102.0,-1.0
16108,Russia x Ukraine ceasefire in 2025?,russia-x-ukraine-ceasefire-in-2025,516719,russia-x-ukraine-ceasefire-in-2025,Yes,0.05,21280.0,1064.0,5.0%,,,,,,,,,,2026-05-28 01:04:31 UTC,2025-12-04 23:02:15+00:00,2025-12-04 23:02:15 UTC,0x0e0bbeedeccf6979057422364b8ae43d64a708e0bd9bf1a6aa1aafb47b6b4150,0xc16dece545ac6df0a750e16866df536c6e71bceb,True,No,0.0,False,,100,2000.0,2.0,0.0,-102.0,-1.0
11878,Fed decreases interest rates by 50 bps after December 2024 meeting?,fed-interest-rates-december-2024,504585,fed-decreases-interest-rates-by-50-bps-after-december-2024-meeting,Yes,0.012254002124174877,86804.29375,1063.7,1.2%,,,,,,,,,,2026-05-28 01:01:59 UTC,2024-12-13 14:22:42+00:00,2024-12-13 14:22:42 UTC,0x37d98c82d9ba65175b5833da40389b87f2cb11fd0d8b28a9b4600bf709e3918e,0xdf988710bb46007ea78ca7c22248c3f3f8b041bc,True,No,0.0,False,,100,8160.599205603084,2.0,0.0,-102.0,-1.0
14178,Will Trump pardon SBF in his first 100 days?,trump-pardons,512161,will-trump-pardon-sbf-in-his-first-100-days,Yes,0.04,26545.32,1061.81,4.0%,,,,,,,,,,2026-05-28 01:03:36 UTC,2025-03-28 19:02:35+00:00,2025-03-28 19:02:35 UTC,0x9f080eaf21d801ae000f8d82ba39517bbd9f376fc57c7a30d4e90470dfa8111c,0xfd2b117412a698f322b0cd18d6827dad262b8e50,True,No,0.0,False,,100,2500.0,2.0,0.0,-102.0,-1.0
11385,Will Andy Beshear be the 2024 Democratic VP nominee?,democratic-vp-nominee,503190,will-andy-beshear-be-the-2024-democratic-vp-nominee,Yes,0.08984668628156553,11810.75,1061.16,9.0%,,,,,,,,,,2026-05-28 01:01:40 UTC,2024-07-31 19:10:43+00:00,2024-07-31 19:10:43 UTC,0x7ebe7d70fb2c9b56ffb608bf93937a4eea77e795fb3fd219cb3b576e91c8bd20,0x133ba4d001ae339bfb08631eead95c5dabe92f22,True,No,0.0,False,,100,1113.0071028620418,2.0,0.0,-102.0,-1.0
11906,Kamala Harris replaced as nominee at DNC?,kamala-swap-at-dnc,504653,kamala-swap-at-dnc,Yes,0.014774378510257435,71802.07,1060.83,1.5%,,,,,,,,,,2026-05-28 01:02:11 UTC,2024-08-09 23:15:33+00:00,2024-08-09 23:15:33 UTC,0x20a7f1937c3bd569326b2b3eb655b458787966737f9c0367bafa8e48da96baed,0x4abb035f4fe007fb13b2fc98d74cba53d3e6e789,True,No,0.0,False,,100,6768.474215722361,2.0,0.0,-102.0,-1.0
11385,Will Hillary Clinton be the 2024 Democratic VP nominee?,democratic-vp-nominee,503188,will-hillary-clinton-be-the-2024-democratic-vp-nominee,Yes,0.04772103470240729,22198.46,1059.33,4.8%,,,,,,,,,,2026-05-28 01:01:42 UTC,2024-07-24 10:35:44+00:00,2024-07-24 10:35:44 UTC,0x2bacf6b45d683b5fe2984e2df466da4a9e9387d57b753293094935570d263ae3,0xc2a445b6c89c124cb3b4859110dec4aba7a439dc,True,No,0.0,False,,100,2095.5119817415757,2.0,0.0,-102.0,-1.0
16432,Conservatives win majority in Canadian election?,will-the-conservative-party-win-a-majority-in-next-canadian-election,517600,will-the-conservative-party-win-a-majority-in-next-canadian-election,Yes,0.09,11768.0,1059.12,9.0%,,,,,,,,,,2026-05-28 01:04:36 UTC,2025-04-21 15:58:26+00:00,2025-04-21 15:58:26 UTC,0x918cd99e7eadf0d306b326bab08b27bc5abeef444f1a7820911a26dbc904141f,0xa47fd874dcee4b9374d862ca7597ea3d33cb375d,True,No,0.0,False,,100,1111.111111111111,2.0,0.0,-102.0,-1.0
10656,Will a Republican win the popular vote and a Democrat win the Presidency?,which-party-wins-presidency-popular-vote,501588,will-a-republican-win-the-popular-vote-and-a-democrat-win-the-presidency,Yes,0.0227911035595883,46436.55,1058.34,2.3%,,,,,,,,,,2026-05-28 01:01:21 UTC,2024-11-03 08:35:51+00:00,2024-11-03 08:35:51 UTC,0xcb9e38f44442219c4c347410f5dee5b0ffc721453cb066b7af3993a3d994e421,0x8365a0c9908dca494abaf0b90584162b474ce9a6,True,No,0.0,False,,100,4387.676960817004,2.0,0.0,-102.0,-1.0
12877,Will Trump be Speaker by January 1?,will-trump-be-speaker-by-january-1,508204,will-trump-be-speaker-by-january-1,Yes,0.025804677592430006,41004.0,1058.1,2.6%,,,,,,,,,,2026-05-28 01:02:51 UTC,2024-12-19 23:57:09+00:00,2024-12-19 23:57:09 UTC,0x6573fbbc3e46289f1b23a51b802dbbe0c599b53808cef34aa6eda74dfe8647cc,0xcf7c3d0c796b2aaaccfd613236431a0ec7cdf2cb,True,No,0.0,False,,100,3875.266398574797,2.0,0.0,-102.0,-1.0
14199,Will Trump create Bitcoin reserve in first 100 days?,will-trump-create-a-national-bitcoin-reserve-in-his-first-100-days,512250,will-trump-create-a-national-bitcoin-reserve-in-his-first-100-days,Yes,0.08,13204.72,1056.38,8.0%,,,,,,,,,,2026-05-28 01:03:36 UTC,2025-04-16 12:22:03+00:00,2025-04-16 12:22:03 UTC,0xe2464f6e74c5f577a20fb962660bb73119e5a874b2664c1a0071ccfababd56ea,0x4e05ed8c847b38a16df99e37f52a30231a06e2fd,True,No,0.0,False,,100,1250.0,2.0,0.0,-102.0,-1.0
13180,Israel military action against Iraq by Sunday?,israel-military-action-against-iraq-by-sunday,508851,israel-military-action-against-iraq-by-sunday,Yes,0.09944223554157683,10616.13,1055.69,9.9%,,,,,,,,,,2026-05-28 01:02:55 UTC,2024-10-06 02:02:05+00:00,2024-10-06 02:02:05 UTC,0x5f1b4bb5940ac1132ec83f442caabaa33d3aad1e3921b54da9923ae67376bc6d,0x3cf3e8d5427aed066a7a5926980600f6c3cf87b3,True,No,0.0,False,,100,1005.6089291977951,2.0,0.0,-102.0,-1.0
17140,No change in Fed interest rates after May 2025 meeting?,fed-decision-in-may-2025,519778,no-change-in-fed-interest-rates-after-may-2025-meeting,No,0.021282745915924193,49595.104089,1055.52,2.1%,,,,,,,,,,2026-05-28 01:04:55 UTC,2025-05-06 16:26:58+00:00,2025-05-06 16:26:58 UTC,0x236ddbc346c6e40429d2c585e0a932edf437e66d89f5a8731f9eaf3145252308,0x40b078960902ce9e7223d4ee6426bdf794071f0a,True,Yes,0.0,False,,100,4698.641819765274,2.0,0.0,-102.0,-1.0
11798,Will Kamala Harris drop out of presidential race?,will-kamala-drop-out-before-election,504400,will-kamala-drop-out-before-election,Yes,0.029230110767476402,36094.53,1055.05,2.9%,,,,,,,,,,2026-05-28 01:01:58 UTC,2024-09-26 08:45:22+00:00,2024-09-26 08:45:22 UTC,0xb5ec52d01323ffe7a78b4d4c5fc6709b30265b2fb2ed3438be70e9d2deaec8e7,0x9dc671f0a27c28ea75b68ac6d340553c56b53c27,True,No,0.0,False,,100,3421.129697232193,2.0,0.0,-102.0,-1.0
11910,Democrats win popular vote by 7% or more?,popular-vote-margin-of-victory-in-presidential-election,504706,democrats-win-popular-vote-by-over-7,Yes,0.04884325372935264,21593.56,1054.7,4.9%,,,,,,,,,,2026-05-28 01:02:08 UTC,2024-10-09 16:17:00+00:00,2024-10-09 16:17:00 UTC,0x9c8d9867c5531bebde49ba7eb5fe672cdba0041e0bef85ba1eb1083779071f7e,0x9f47f1fcb1701bf9eaf31236ad39875e5d60af93,True,No,0.0,False,,100,2047.3656516438098,2.0,0.0,-102.0,-1.0
11599,Will Michelle Obama be the Democratic Presidential Nominee?,democratic-presidential-nominee,503849,will-michelle-obama-be-the-democratic-presidential-nomination,Yes,0.05005796408289119,21054.59,1053.95,5.0%,,,,,,,,,,2026-05-28 01:01:52 UTC,2024-07-22 04:59:11+00:00,2024-07-22 04:59:11 UTC,0x2c9a76afca49da96546d03f1acd1306f7a6e69b481b8c9dee9eebb75c396bf38,0x9d84ce0306f8551e02efef1680475fc0f1dc1344,True,No,0.0,False,,100,1997.684121439889,2.0,0.0,-102.0,-1.0
16108,Russia x Ukraine ceasefire in 2025?,russia-x-ukraine-ceasefire-in-2025,516719,russia-x-ukraine-ceasefire-in-2025,Yes,0.028146753966655592,37432.380311,1053.6,2.8%,,,,,,,,,,2026-05-28 01:04:29 UTC,2025-12-20 13:55:08+00:00,2025-12-20 13:55:08 UTC,0xded7710f3819a8d03a2e6bf84ade9579d7f5e6ea83da175716010c3c77d16038,0x84c322daf117acb36c5483c25707153253286efe,True,No,0.0,False,,100,3552.8075499741913,2.0,0.0,-102.0,-1.0
11696,No change in Fed interest rates after 2024 September meeting?,fed-interest-rates-september-2024,504071,no-change-in-fed-interest-rates-after-2024-september-meeting,Yes,0.015,70238.0,1053.57,1.5%,,,,,,,,,,2026-05-28 01:01:54 UTC,2024-09-18 15:19:03+00:00,2024-09-18 15:19:03 UTC,0xf161ee5130a6f557f81f1c6c7cc1a0d8c5363fecc410bf2638ab4ce80ccedee1,0x2f40900abfad9bdd6e7bf1e4b870e3104fae82de,True,No,0.0,False,,100,6666.666666666667,2.0,0.0,-102.0,-1.0
11910,GOP wins popular vote by 0-1%?,popular-vote-margin-of-victory-in-presidential-election,504680,gop-wins-popular-vote-by-0-1,Yes,0.025082719523809523,42000.0,1053.47,2.5%,,,,,,,,,,2026-05-28 01:02:06 UTC,2024-11-08 02:32:53+00:00,2024-11-08 02:32:53 UTC,0x3bcaacd083684c8472a8cc69916fbbac060de665d70094af3f771ccb8a38f0c8,0xfcb034faade540c47ad37e582f6e0c762feac865,True,No,0.0,False,,100,3986.808523895345,2.0,0.0,-102.0,-1.0
11910,GOP wins popular vote by 7% or more?,popular-vote-margin-of-victory-in-presidential-election,504666,gop-wins-popular-vote-by-more-than-7,Yes,0.0210465846,50000.0,1052.33,2.1%,,,,,,,,,,2026-05-28 01:02:06 UTC,2024-11-05 12:55:04+00:00,2024-11-05 12:55:04 UTC,0xa5ed17e547568cd304c117e67752a81c00b055a9368ffb46091d8fa573fa221a,0x4c95c2282f884ea92e412177ecc7d3af6741e6c2,True,No,0.0,False,,100,4751.364741621783,2.0,0.0,-102.0,-1.0
11385,Will Andy Beshear be the 2024 Democratic VP nominee?,democratic-vp-nominee,503190,will-andy-beshear-be-the-2024-democratic-vp-nominee,Yes,0.0976193355705696,10771.943825,1051.55,9.8%,,,,,,,,,,2026-05-28 01:01:40 UTC,2024-07-31 13:55:25+00:00,2024-07-31 13:55:25 UTC,0x65227cddcb4a672383ab1835cfc3a7e49b034300339cfa7bfb1cc4064fa38496,0x322c04c1eb1471f78b2828b2df2c0667e5494088,True,No,0.0,False,,100,1024.387222218998,2.0,0.0,-102.0,-1.0
17140,No change in Fed interest rates after May 2025 meeting?,fed-decision-in-may-2025,519778,no-change-in-fed-interest-rates-after-may-2025-meeting,No,0.020991199702692417,50086.227271,1051.37,2.1%,,,,,,,,,,2026-05-28 01:04:55 UTC,2025-05-06 17:34:27+00:00,2025-05-06 17:34:27 UTC,0xa66e97d2f34da41612fd446fb9bec9e3f4478a5c13269c5fa04ce4150d0058e9,0x40b078960902ce9e7223d4ee6426bdf794071f0a,True,Yes,0.0,False,,100,4763.901130775941,2.0,0.0,-102.0,-1.0
14578,Will Russia use a nuclear weapon in 2024?,will-russia-use-a-nuclear-weapon-in-2024,513448,will-russia-use-a-nuclear-weapon-in-2024,Yes,0.047552036199095024,22100.0,1050.9,4.8%,,,,,,,,,,2026-05-28 01:03:58 UTC,2024-11-22 08:18:39+00:00,2024-11-22 08:18:39 UTC,0x350ef1aebfeae3709c5e95853d82069790a8e3710e5f56f3dcc3e853241b227e,0x80cbae9bc97343d1352626faec6bd6062373ec13,True,No,0.0,False,,100,2102.9593681606243,2.0,0.0,-102.0,-1.0
16103,Weed rescheduled in 2025?,weed-rescheduled-in-2025,516714,weed-rescheduled-in-2025,Yes,0.059641692454042466,17618.44,1050.79,6.0%,,,,,,,,,,2026-05-28 01:04:25 UTC,2025-12-18 19:01:53+00:00,2025-12-18 19:01:53 UTC,0xc0fe4f87cff42762416e8899739fb6bab24fc40a076e95474872885c2774c026,0x74f1b8944c7b10f7239e3dda0de6b8ee42e816a8,True,No,0.0,False,,100,1676.6794483080112,2.0,0.0,-102.0,-1.0
14547,Will Assad remain President of Syria through 2024?,will-assad-remain-president-of-syria-through-2024,513334,will-assad-remain-president-of-syria-through-2024,Yes,0.035991467342882597,29182.0,1050.3,3.6%,,,,,,,,,,2026-05-28 01:03:57 UTC,2024-12-08 10:02:45+00:00,2024-12-08 10:02:45 UTC,0x04ec84f3d35c1bd9f1ef565a57187c98b31ca4945947d435f464572842ab260d,0x43e329d2cd4d8064e981fa4592a507040256c7f2,True,No,0.0,False,,100,2778.436317900644,2.0,0.0,-102.0,-1.0
10214,Will a Republican win Arizona US Senate Election?,arizona-us-senate-election-winner,500615,will-a-republican-win-arizona-us-senate-election,Yes,0.07191465579591032,14600.64,1050.0,7.2%,,,,,,,,,,2026-05-28 01:01:11 UTC,2024-11-09 19:15:54+00:00,2024-11-09 19:15:54 UTC,0x199eb1d54f3b2e1b0ff43f4a4b85554873f41d77ab212d4108cd6d200e467f9c,0x5b09455a9f99e6ccd0557c5ee890fd76e1c8bca8,True,No,0.0,False,,100,1390.5371428571427,2.0,0.0,-102.0,-1.0
11322,Will Biden finish his term?,will-biden-complete-his-term-as-president,503013,will-biden-complete-his-term-as-president,No,0.07,15000.0,1050.0,7.0%,,,,,,,,,,2026-05-28 01:01:34 UTC,2024-12-03 23:33:32+00:00,2024-12-03 23:33:32 UTC,0x60607cc5a08add0df49971b41b9bf839aa884bcb7f7b7fb21ead84aaada8219f,0x21f90e5ff30c12f52fbb2fb220aa268f22faed12,True,Yes,0.0,False,,100,1428.5714285714284,2.0,0.0,-102.0,-1.0
11385,Will Mark Kelly be the 2024 Democratic VP nominee?,democratic-vp-nominee,503228,will-mark-kelly-be-the-2024-democratic-vp-nominee,Yes,0.07,15000.0,1050.0,7.0%,,,,,,,,,,2026-05-28 01:01:39 UTC,2024-08-05 00:28:35+00:00,2024-08-05 00:28:35 UTC,0x4944ffcda6189b7ce51befb29396bc612a1435ede38957b0116097a75445f1f2,0xaaf4acafbb7980ce93631d238eb10a5c4ca67883,True,No,0.0,False,,100,1428.5714285714284,2.0,0.0,-102.0,-1.0
11639,Will Biden resign before the election?,biden-resigns-from-presidency-before-election,503972,biden-resigns-from-presidency-before-election,Yes,0.07,15000.0,1050.0,7.0%,,,,,,,,,,2026-05-28 01:01:51 UTC,2024-08-22 22:29:17+00:00,2024-08-22 22:29:17 UTC,0x1ddb94fc70bcf37c5f62656c2a42264bce020f686bbbf87b06d0ba7fc93eaee9,0x4ecc27292d8c853e3e5193f68ab0c6b8c4c96ee0,True,No,0.0,False,,100,1428.5714285714284,2.0,0.0,-102.0,-1.0
11887,Tim Walz replaced as Democratic VP nominee?,tim-walz-out-as-democratic-vp-nominee,504598,tim-walz-out-as-democratic-vp-nominee,Yes,0.0791889484872357,13259.425956,1050.0,7.9%,,,,,,,,,,2026-05-28 01:02:11 UTC,2024-08-08 05:09:49+00:00,2024-08-08 05:09:49 UTC,0x99d9c2f1796d634eedbb5284adfc09b2257de3b29356e3aac9e33257be6fffc2,0x76e5b6697e5e5a118b5682f0de8915cf4bf8da6f,True,No,0.0,False,,100,1262.802473202669,2.0,0.0,-102.0,-1.0
16108,Russia x Ukraine ceasefire in 2025?,russia-x-ukraine-ceasefire-in-2025,516719,russia-x-ukraine-ceasefire-in-2025,Yes,0.05729706810902486,18325.545,1050.0,5.7%,,,,,,,,,,2026-05-28 01:04:31 UTC,2025-12-03 02:04:53+00:00,2025-12-03 02:04:53 UTC,0x5dfdfe10ce837c6522c4987633a39b3cf08653f76bf59ac85eeec58e9e7f0576,0x0d6393f6a7c150fbf8f2268b320257d85a295853,True,No,0.0,False,,100,1745.2900000000002,2.0,0.0,-102.0,-1.0
16108,Russia x Ukraine ceasefire in 2025?,russia-x-ukraine-ceasefire-in-2025,516719,russia-x-ukraine-ceasefire-in-2025,Yes,0.07,15000.0,1050.0,7.0%,,,,,,,,,,2026-05-28 01:04:33 UTC,2025-11-05 08:59:03+00:00,2025-11-05 08:59:03 UTC,0x566f4ff8f1de4bf0329c33f1301e345b03463e10fe220286a862e9e7b0a666b5,0xe95f74d1457af3376e98b962739b09fcef521a57,True,No,0.0,False,,100,1428.5714285714284,2.0,0.0,-102.0,-1.0
17140,Fed decreases interest rates by 50+ bps after May 2025 meeting?,fed-decision-in-may-2025,519776,fed-decreases-interest-rates-by-50-bps-after-may-2025-meeting,Yes,0.018498167100403577,56762.52,1050.0,1.8%,,,,,,,,,,2026-05-28 01:04:57 UTC,2025-04-02 22:27:53+00:00,2025-04-02 22:27:53 UTC,0x26575b910fdc6bdff31547c40f7dd871b7394caa0a6c79b77e4739e9dc9f98cb,0xa3d3da79775f534629a920bfd1c6e4f5fb6fd424,True,No,0.0,False,,100,5405.941002544965,2.0,0.0,-102.0,-1.0
17792,No change in Fed interest rates after June 2025 meeting?,fed-decision-in-june,521836,no-change-in-fed-interest-rates-after-june-2025-meeting,No,0.015,70000.0,1050.0,1.5%,,,,,,,,,,2026-05-28 01:05:07 UTC,2025-06-18 14:35:02+00:00,2025-06-18 14:35:02 UTC,0x2c495cc08ab57a5271987697074fa4ef9aeff4d699f39a542894f8c246463092,0xcdc495702d5caabf60301025c5a2dd4c1a66a880,True,Yes,0.0,False,,100,6666.666666666667,2.0,0.0,-102.0,-1.0
11034,Will National Rally win the most seats in the National Assembly?,which-party-wins-the-most-seats-in-french-election,502295,will-national-rally-win-the-most-seats-in-the-national-assembly,No,0.06867492328759708,15288.84125,1049.96,6.9%,,,,,,,,,,2026-05-28 01:01:30 UTC,2024-06-21 07:26:42+00:00,2024-06-21 07:26:42 UTC,0x475466e8920cfd9c06f4daa054abab08b0646969e0f2db7cfd9089f7cd29abc5,0x8fc03130acd60632dc5ed87283337f57808e5386,True,Yes,0.0,False,,100,1456.1355908796527,2.0,0.0,-102.0,-1.0
11639,Will Biden resign before the election?,biden-resigns-from-presidency-before-election,503972,biden-resigns-from-presidency-before-election,Yes,0.07,14999.0,1049.93,7.0%,,,,,,,,,,2026-05-28 01:01:51 UTC,2024-08-22 01:49:41+00:00,2024-08-22 01:49:41 UTC,0xb38c14b46acbbd6444ec979fb06cea32002e3fd44ea377c5c4a41be132aa9f10,0x737147dd2536b5b3317da2c7f10258de63260ce4,True,No,0.0,False,,100,1428.5714285714284,2.0,0.0,-102.0,-1.0
12213,Pavel Durov flees France by Sep 15?,pavel-durov-leaves-france-by-sep-15,505791,pavel-durov-leaves-france-by-sep-15,Yes,0.095,11051.81,1049.92,9.5%,,,,,,,,,,2026-05-28 01:02:32 UTC,2024-08-29 20:28:02+00:00,2024-08-29 20:28:02 UTC,0xaba665e337f38e7bd48f6d6d2237ca43299bb922d328564a043558617c4761c4,0xf8ba34bf0e95d952d05b578bfbc0833f9242a286,True,No,0.0,False,,100,1052.6315789473683,2.0,0.0,-102.0,-1.0
12221,Favorite to win on Polymarket on Friday?,favorite-to-win-on-polymarket-this-friday,505809,favorite-to-win-on-polymarket-this-friday,Kamala,0.07,14996.45,1049.75,7.0%,,,,,,,,,,2026-05-28 01:02:32 UTC,2024-09-04 20:10:20+00:00,2024-09-04 20:10:20 UTC,0x2a2e228d0d5be9782e6745689c6da502d91edf75ec6de741b113e3eff6f9fab0,0xfe4a60f991f8a488bf395a4af2b2bfd38453ac42,True,Trump,0.0,False,,100,1428.5714285714284,2.0,0.0,-102.0,-1.0
10656,Will a Republican win the popular vote and a Democrat win the Presidency?,which-party-wins-presidency-popular-vote,501588,will-a-republican-win-the-popular-vote-and-a-democrat-win-the-presidency,Yes,0.024698125411764707,42500.0,1049.67,2.5%,,,,,,,,,,2026-05-28 01:01:21 UTC,2024-11-01 19:45:10+00:00,2024-11-01 19:45:10 UTC,0xb107ef75b49c921c2931175525a57fc221385d5e0bc503013bb4c20bd0bb00e9,0xd7ad2823643b9ebb132d221aa73be62af0264953,True,No,0.0,False,,100,4048.8902834854825,2.0,0.0,-102.0,-1.0
10656,Will a Republican win the popular vote and a Democrat win the Presidency?,which-party-wins-presidency-popular-vote,501588,will-a-republican-win-the-popular-vote-and-a-democrat-win-the-presidency,Yes,0.027,38870.56,1049.51,2.7%,,,,,,,,,,2026-05-28 01:01:21 UTC,2024-11-04 02:00:26+00:00,2024-11-04 02:00:26 UTC,0x18607b31a97c8e63833a99540412d23dfac0a81eb3ec41afd3776ba4fc21c890,0xdef9b64c836d2e9b4108c70ac065b67d252c651a,True,No,0.0,False,,100,3703.703703703704,2.0,0.0,-102.0,-1.0
12221,Favorite to win on Polymarket on Friday?,favorite-to-win-on-polymarket-this-friday,505809,favorite-to-win-on-polymarket-this-friday,Kamala,0.014683188168264529,71471.51,1049.43,1.5%,,,,,,,,,,2026-05-28 01:02:32 UTC,2024-09-06 13:22:56+00:00,2024-09-06 13:22:56 UTC,0x3ebb217fe59fccef0a830e6c526582eff055728c797bc3efeea24064d660ae9d,0x3cf3e8d5427aed066a7a5926980600f6c3cf87b3,True,Trump,0.0,False,,100,6810.510010089957,2.0,0.0,-102.0,-1.0
11878,Fed decreases interest rates by 25 bps after December 2024 meeting?,fed-interest-rates-december-2024,504586,fed-decreases-interest-rates-by-25-bps-after-december-2024-meeting,No,0.04994371047619048,21000.0,1048.82,5.0%,,,,,,,,,,2026-05-28 01:01:59 UTC,2024-12-11 15:25:19+00:00,2024-12-11 15:25:19 UTC,0x3fab810cd42fd3a5d1d43998e4274b45d7d5cba38c33b108a4d3625f091d244f,0x6f72fea92844c87b9d6683c415e7caef70ee83ad,True,Yes,0.0,False,,100,2002.254118617653,2.0,0.0,-102.0,-1.0
14188,Trump ends Ukraine war before inauguration?,trump-ends-ukraine-war-before-inauguration,512205,trump-ends-ukraine-war-before-inauguration,Yes,0.06997397918334668,14988.0,1048.77,7.0%,,,,,,,,,,2026-05-28 01:03:41 UTC,2024-11-28 14:13:34+00:00,2024-11-28 14:13:34 UTC,0x5fff5bff56fe2adf55a178c2370e7e32533396565aeb91efe58f13565b17d83a,0x471670e4adc4c0b6bed99747c56ae140bdf95b50,True,No,0.0,False,,100,1429.1026631196544,2.0,0.0,-102.0,-1.0
13906,"Kamala wins 270-268 - MI, PA, WI ",kamala-wins-with-blue-wall-mi-pa-wi-270-evs,511402,kamala-wins-with-blue-wall-mi-pa-wi-270-evs,Yes,0.07986920743474797,13130.842695,1048.75,8.0%,,,,,,,,,,2026-05-28 01:03:15 UTC,2024-10-30 23:32:29+00:00,2024-10-30 23:32:29 UTC,0x613e2806c514a5b9f7751159719b8e95804e5bd3eafea22bbf20d30c8a257d1d,0x542a0b82b98f832641dc8d6933884fd227030312,True,No,0.0,False,,100,1252.0469804548718,2.0,0.0,-102.0,-1.0
11910,GOP wins popular vote by 1-2%?,popular-vote-margin-of-victory-in-presidential-election,504679,gop-wins-popular-vote-by-1-2,Yes,0.09986857142857143,10500.0,1048.62,10.0%,,,,,,,,,,2026-05-28 01:02:06 UTC,2024-11-05 17:04:35+00:00,2024-11-05 17:04:35 UTC,0x3d975ef87709ba5082cf5f8b4d7e4a9d98259c10c72ec86efa3b4a197cee0531,0x5ba14fa6711907d8f34b7903a94fb533a0c61171,True,Yes,0.0,True,,100,1001.3160153344395,2.0,1001.3160153344395,899.3160153344395,8.816823679749406
15665,No change in Fed interest rates after March 2025 meeting?,fed-decision-in-march,516010,no-change-in-fed-interest-rates-after-march-2025-meeting,No,0.06399890139467945,16384.41,1048.58,6.4%,,,,,,,,,,2026-05-28 01:04:20 UTC,2025-03-05 21:59:45+00:00,2025-03-05 21:59:45 UTC,0x066c01e5cd75f1efdf25be318862292d8a31a8221f8a38347a5dbb238b4721cc,0x42a6ddf7cf7032972b0bfe32775e8109c5171b64,True,Yes,0.0,False,,100,1562.5268218793751,2.0,0.0,-102.0,-1.0
11143,Will Trump launch a coin before the election?,will-trump-launch-a-coin-before-the-election,502571,will-trump-launch-a-coin-before-the-election,No,0.02232245101265889,46963.9288,1048.35,2.2%,,,,,,,,,,2026-05-28 01:01:31 UTC,2024-10-16 17:49:23+00:00,2024-10-16 17:49:23 UTC,0xf5a622186b23c27de5fcb49f0f23ae38ebb9d5c90e06417ca3ef76252e903757,0x40714d69cd9236b11c47306c31efc1443173d109,True,Yes,0.0,False,,100,4479.794801354509,2.0,0.0,-102.0,-1.0
11536,RFK Jr. endorses Trump in August?,rfk-jr-endorses-trump,503535,rfk-jr-endorses-trump,No,0.08572721322205858,12222.0,1047.76,8.6%,,,,,,,,,,2026-05-28 01:01:49 UTC,2024-08-23 20:16:05+00:00,2024-08-23 20:16:05 UTC,0xdafe426f211f247ad0cce95d8fa98c0dd4700d991ee613e62a2e2ed8d17d1b07,0x8a4c788f043023b8b28a762216d037e9f148532b,True,Yes,0.0,False,,100,1166.4907354560883,2.0,0.0,-102.0,-1.0
15437,Will Biden pardon Trump?,who-will-biden-pardon,506488,will-biden-pardon-trump,Yes,0.032264895515833905,32427.88,1046.28,3.2%,,,,,,,,,,2026-05-28 01:04:13 UTC,2025-01-20 01:09:06+00:00,2025-01-20 01:09:06 UTC,0x699a1c0a5445f17b6de47c0cefbfe207283160d109519a9a886897629b4ec8d0,0x42a6ddf7cf7032972b0bfe32775e8109c5171b64,True,No,0.0,False,,100,3099.3436799113542,2.0,0.0,-102.0,-1.0
16180,"Maduro out by November 30, 2025?",maduro-out-in-2025,663849,maduro-out-by-november-30-2025,Yes,0.09593889908256881,10900.0,1045.73,9.6%,,,,,,,,,,2026-05-28 01:04:33 UTC,2025-11-23 04:24:37+00:00,2025-11-23 04:24:37 UTC,0xc004576a830caf318e9478d5569111de2fae4376d74dcf986187c29adc0976f0,0x28ac147dc82d2b13f3d6b1464a26318be56ea01a,True,No,0.0,False,,100,1042.3300762909114,2.0,0.0,-102.0,-1.0
17413,Will China invade Taiwan in 2025?,will-china-invade-taiwan-in-2025,520630,will-china-invade-taiwan-in-2025,Yes,0.036124860164625766,28947.37846,1045.72,3.6%,,,,,,,,,,2026-05-28 01:05:00 UTC,2025-10-10 20:51:12+00:00,2025-10-10 20:51:12 UTC,0x809e4785de8cb0cc8c02615ef9e31120adf997523ddc6025fe2550762d9f0164,0x283c994d76b764abd22c2652d449236bafaa7c7b,True,No,0.0,False,,100,2768.1768052329276,2.0,0.0,-102.0,-1.0
14547,Will Assad remain President of Syria through 2024?,will-assad-remain-president-of-syria-through-2024,513334,will-assad-remain-president-of-syria-through-2024,No,0.07830366789485965,13354.036,1045.67,7.8%,,,,,,,,,,2026-05-28 01:03:58 UTC,2024-12-03 16:03:30+00:00,2024-12-03 16:03:30 UTC,0xaaf8ee1e9701b84380bba54ebac367e200f1e45019e10aa22479db03724fcff4,0xe3b9da9674f9d29fecefbe3c1e5b02c2f23b2556,True,No,0.0,True,,100,1277.0793845094533,2.0,1277.0793845094533,1175.0793845094533,11.5203861226417
16180,Maduro out in 2025?,maduro-out-in-2025,516947,maduro-out-in-2025-411,Yes,0.029546756865963884,35370.379353,1045.08,3.0%,,,,,,,,,,2026-05-28 01:04:28 UTC,2025-12-26 19:50:01+00:00,2025-12-26 19:50:01 UTC,0x269dab1728e64426872e0a73c2bc64418cb1de75b99b7b6927db805503db7948,0x086f42940442b807b93b139ec3ad964a6c8afdd5,True,No,0.0,False,,100,3384.4662022854386,2.0,0.0,-102.0,-1.0
16106,Nuclear weapon detonation in 2025?,nuclear-weapon-detonation-in-2025,516717,nuclear-weapon-detonation-in-2025,Yes,0.04129972973314904,25293.52,1044.62,4.1%,,,,,,,,,,2026-05-28 01:04:25 UTC,2025-11-17 06:13:19+00:00,2025-11-17 06:13:19 UTC,0x8bd5050076067caafc8f6ba283f3603c8ccccc67a71924104762e67f5d61835f,0x2ee1e2e8236f60c95e0e4b41d6c88b2e02c1e2bb,True,No,0.0,False,,100,2421.3233511728154,2.0,0.0,-102.0,-1.0
10656,Will a Republican win the popular vote and a Democrat win the Presidency?,which-party-wins-presidency-popular-vote,501588,will-a-republican-win-the-popular-vote-and-a-democrat-win-the-presidency,Yes,0.0208788798,50000.0,1043.94,2.1%,,,,,,,,,,2026-05-28 01:01:24 UTC,2024-09-24 19:42:18+00:00,2024-09-24 19:42:18 UTC,0xd1b63411060d1d8c05c29be2337e8c70edd9ab859af63bb761053a85aa637756,0xbf78282f15166f376b9f6471689a7f0c92ebc8c4,True,No,0.0,False,,100,4789.528986128844,2.0,0.0,-102.0,-1.0
14220,Fed increases interest rates by 25+ bps after January 2025 meeting?,fed-interest-rates-january-2025,512325,fed-increases-interest-rates-by-25-bps-after-january-2025-meeting,Yes,0.011832047455608381,88150.424,1043.0,1.2%,,,,,,,,,,2026-05-28 01:03:46 UTC,2025-01-26 13:31:43+00:00,2025-01-26 13:31:43 UTC,0x6ca359af77dcaebbec6979a35085588ca806f9c39a12982a3baa06e22d34e403,0xfb5fdb91419fa873b059e7fc63c051c8395ee08c,True,No,0.0,False,,100,8451.622627037392,2.0,0.0,-102.0,-1.0
16103,Weed rescheduled in 2025?,weed-rescheduled-in-2025,516714,weed-rescheduled-in-2025,Yes,0.05303232941616472,19663.665739,1042.81,5.3%,,,,,,,,,,2026-05-28 01:04:25 UTC,2025-12-13 09:11:52+00:00,2025-12-13 09:11:52 UTC,0x42c15463d08fcdd88b5f38afe2547608071dc44ed9819554e6ea47e6681802d1,0xb6828724f897e83905c70d2d45eeb8c0edd88654,True,No,0.0,False,,100,1885.6422318405482,2.0,0.0,-102.0,-1.0
11385,Will Gavin Newsom be the 2024 Democratic VP nominee?,democratic-vp-nominee,503178,will-gavin-newsom-be-the-2024-democratic-vp-nominee,Yes,0.08200463314142943,12713.18411,1042.54,8.2%,,,,,,,,,,2026-05-28 01:01:42 UTC,2024-07-21 22:49:32+00:00,2024-07-21 22:49:32 UTC,0x76fed4b1adf5ebee5be667776bd368f676d9a7e90bc7a99fe06f8f7650ea56d7,0x5b09455a9f99e6ccd0557c5ee890fd76e1c8bca8,True,No,0.0,False,,100,1219.4432944725797,2.0,0.0,-102.0,-1.0
17140,No change in Fed interest rates after May 2025 meeting?,fed-decision-in-may-2025,519778,no-change-in-fed-interest-rates-after-may-2025-meeting,No,0.02472159748692322,42164.3464,1042.37,2.5%,,,,,,,,,,2026-05-28 01:04:55 UTC,2025-05-07 17:10:06+00:00,2025-05-07 17:10:06 UTC,0x1475764dd02ef9adf19f1ff09345cb2152e4c69d60afeccfec71aba9c009e522,0x93f85976016270923cad0a96361122551997f5c3,True,Yes,0.0,False,,100,4045.046039314255,2.0,0.0,-102.0,-1.0
11827,Fed decreases interest rates by 50 bps after November 2024 meeting?,fed-interest-rates-november-2024,504491,fed-decreases-interest-rates-by-50-bps-after-november-2024-meeting,Yes,0.049865005859448835,20897.87,1042.07,5.0%,,,,,,,,,,2026-05-28 01:02:04 UTC,2024-10-21 17:06:17+00:00,2024-10-21 17:06:17 UTC,0x3a19e0b6dd295d23e96b70488eeb46b9dd4627522278a64f1f8aa79432a12c01,0x9847bad49d09a720cb08575ea5b20eeda5a9a3d5,True,No,0.0,False,,100,2005.414383823865,2.0,0.0,-102.0,-1.0
10656,Will a Republican win the popular vote and a Democrat win the Presidency?,which-party-wins-presidency-popular-vote,501588,will-a-republican-win-the-popular-vote-and-a-democrat-win-the-presidency,Yes,0.03,34709.65,1041.29,3.0%,,,,,,,,,,2026-05-28 01:01:21 UTC,2024-11-02 14:16:18+00:00,2024-11-02 14:16:18 UTC,0xebb5759ca7a719f9170a1b36a53c6c48c9b881c4bc8d46a39b61555bb240b992,0xa1fe6ccb33402cc9878ed348fa086564bad7c728,True,No,0.0,False,,100,3333.3333333333335,2.0,0.0,-102.0,-1.0
10223,"2024 Balance of Power: R Prez, R Senate, D House",balance-of-power-2024-election,500637,2024-balance-of-power-republican-presidency-and-senate-democratic-house,Yes,0.03473443620717682,29957.014209,1040.54,3.5%,,,,,,,,,,2026-05-28 01:01:11 UTC,2024-11-06 17:34:09+00:00,2024-11-06 17:34:09 UTC,0x5630d5f5087865a8bb2a5d51658165da698f4b56b37934b6aa23fd8ead66422d,0xf9e7a0ba6ce92364e38a77c2589c787cb5121e69,True,No,0.0,False,,100,2878.987279469302,2.0,0.0,-102.0,-1.0
10223,"2024 Balance of Power: D Prez, R Senate, R House",balance-of-power-2024-election,500638,2024-balance-of-power-democratic-presidency-republican-house-and-senate,Yes,0.058518812771193716,17780.606778,1040.5,5.9%,,,,,,,,,,2026-05-28 01:01:16 UTC,2024-09-19 06:11:51+00:00,2024-09-19 06:11:51 UTC,0xb1fb02a0adf461dc1db89a5712580fd4a02b2971257157d8a76ef3043c19b829,0x001cf5e330a9215386cffdc747b340e1d84a5ab8,True,No,0.0,False,,100,1708.852166755264,2.0,0.0,-102.0,-1.0
11910,GOP wins popular vote by 1-2%?,popular-vote-margin-of-victory-in-presidential-election,504679,gop-wins-popular-vote-by-1-2,Yes,0.08,13000.0,1040.0,8.0%,,,,,,,,,,2026-05-28 01:02:06 UTC,2024-11-03 23:26:18+00:00,2024-11-03 23:26:18 UTC,0xbcb8aff80fb8bf580b5184cbf90bb6e1c7e5721f790450973d578043d1adf993,0xb953672dad4880ff30f79f890daabfe422e116cc,True,Yes,0.0,True,,100,1250.0,2.0,1250.0,1148.0,11.254901960784315
11143,Will Trump launch a coin before the election?,will-trump-launch-a-coin-before-the-election,502571,will-trump-launch-a-coin-before-the-election,No,0.027,38509.6,1039.76,2.7%,,,,,,,,,,2026-05-28 01:01:31 UTC,2024-10-16 22:13:51+00:00,2024-10-16 22:13:51 UTC,0xec6f834cc27e0a2323b53206a7d24f521a3323fd00544c7553715c3ab705250f,0xfda66473e219adf35db59e99c78b760669649b40,True,Yes,0.0,False,,100,3703.703703703704,2.0,0.0,-102.0,-1.0
16432,Conservatives win majority in Canadian election?,will-the-conservative-party-win-a-majority-in-next-canadian-election,517600,will-the-conservative-party-win-a-majority-in-next-canadian-election,Yes,0.06669703939430799,15577.902834,1039.0,6.7%,,,,,,,,,,2026-05-28 01:04:36 UTC,2025-04-25 14:56:36+00:00,2025-04-25 14:56:36 UTC,0x4bb23de57098c2101be291ef4986d314b93d4dfd74914a6c5fa0ab2e5b9996a1,0x22f7d737813f31048e8004908fdbe9d513a9b0f6,True,No,0.0,False,,100,1499.3169248309114,2.0,0.0,-102.0,-1.0
15196,Will Nicușor Dan advance to the Romanian Presidential Election Runoff?,which-candidates-will-advance-in-romanian-presidential-election-1st-round,528797,will-nicuor-dan-advance-to-the-romanian-presidential-election-runoff,No,0.09958401226876258,10433.0,1038.96,10.0%,,,,,,,,,,2026-05-28 01:04:11 UTC,2025-05-04 20:14:01+00:00,2025-05-04 20:14:01 UTC,0xb52cf50149df3b0f1c4d52b04f0a3ee67f0438e8420778b39defd9750a0e2be6,0x8795bcb2fe129d1ea3e3d73bc13a3d8078047544,True,Yes,0.0,False,,100,1004.1772541772542,2.0,0.0,-102.0,-1.0
11887,Tim Walz replaced as Democratic VP nominee?,tim-walz-out-as-democratic-vp-nominee,504598,tim-walz-out-as-democratic-vp-nominee,Yes,0.06833817236842105,15200.0,1038.74,6.8%,,,,,,,,,,2026-05-28 01:02:11 UTC,2024-08-11 22:10:16+00:00,2024-08-11 22:10:16 UTC,0xf9eb8d1ad6274658bd298e1fc6c67f17c77ef2d1a1e061cc4c736756f2f8937e,0x5b09455a9f99e6ccd0557c5ee890fd76e1c8bca8,True,No,0.0,False,,100,1463.311009561178,2.0,0.0,-102.0,-1.0
12327,Will there be a US Government shutdown? ,us-government-shutdown-before-2025,506202,us-government-shutdown-before-2025,No,0.04898316877826176,21191.9732,1038.05,4.9%,,,,,,,,,,2026-05-28 01:02:35 UTC,2024-12-21 11:54:14+00:00,2024-12-21 11:54:14 UTC,0xaf01772d86da534c296d3eec540f1f24982357af1e152542e7ee3852946437f0,0xf64d29ae537f8f95a4555802675a9ec3dbd458d2,True,Yes,0.0,False,,100,2041.517576224652,2.0,0.0,-102.0,-1.0
12641,TikTok banned in the US before May 2025?,tiktok-banned-in-the-us-before-may-2025,507276,tiktok-banned-in-the-us-before-may-2025,No,0.01766087280415058,58743.41611,1037.46,1.8%,,,,,,,,,,2026-05-28 01:02:43 UTC,2025-01-20 11:03:55+00:00,2025-01-20 11:03:55 UTC,0x8b9d3956c0e787170f1cb1eb5d09c7685dc3fefa05b7b839a8a8216376cb07e8,0x285de5d5d2455e4ae5b17ccec285daae52ebce79,True,Yes,0.0,False,,100,5662.234313612091,2.0,0.0,-102.0,-1.0
16103,Weed rescheduled in 2025?,weed-rescheduled-in-2025,516714,weed-rescheduled-in-2025,Yes,0.07,14813.16,1036.92,7.0%,,,,,,,,,,2026-05-28 01:04:25 UTC,2025-12-18 19:04:59+00:00,2025-12-18 19:04:59 UTC,0x7cef7da835d8d5ba3604317d04c7e27f90b0f60b69817df40e462a8072514ed6,0xacd820295f89ea135159f98c52ad6db4ffde1325,True,No,0.0,False,,100,1428.5714285714284,2.0,0.0,-102.0,-1.0
14188,Trump ends Ukraine war before inauguration?,trump-ends-ukraine-war-before-inauguration,512205,trump-ends-ukraine-war-before-inauguration,Yes,0.06999999994125534,14809.857141,1036.69,7.0%,,,,,,,,,,2026-05-28 01:03:41 UTC,2024-12-02 12:31:26+00:00,2024-12-02 12:31:26 UTC,0xf49858fd15ef2b192dffd14dd729036fc6c0886c2dd393594fafabc142b0e4ef,0x9181c1a28ef80bf03279e0fd401762f24576cc75,True,No,0.0,False,,100,1428.5714297702991,2.0,0.0,-102.0,-1.0
12221,Favorite to win on Polymarket on Friday?,favorite-to-win-on-polymarket-this-friday,505809,favorite-to-win-on-polymarket-this-friday,Kamala,0.019962982935942376,51922.0,1036.52,2.0%,,,,,,,,,,2026-05-28 01:02:32 UTC,2024-09-06 16:00:30+00:00,2024-09-06 16:00:30 UTC,0x5926d224b3a44dfb69fec58ed9ca92510a63a180c36559df3e88c77250c7a9c2,0x41a1b843022a60d8d428ec8318123b5e33254c51,True,Trump,0.0,False,,100,5009.27142606303,2.0,0.0,-102.0,-1.0
17140,Fed decreases interest rates by 50+ bps after May 2025 meeting?,fed-decision-in-may-2025,519776,fed-decreases-interest-rates-by-50-bps-after-may-2025-meeting,Yes,0.0634187380497132,16343.75,1036.5,6.3%,,,,,,,,,,2026-05-28 01:04:57 UTC,2025-04-07 05:05:29+00:00,2025-04-07 05:05:29 UTC,0xdb32b671d575341fd27c399ad459c4ae69fd27dee7850ad7f53141035a4ea9dc,0x0df768a9890f3d1078afe0f87adfa11acfced154,True,No,0.0,False,,100,1576.8210323203086,2.0,0.0,-102.0,-1.0
11889,Harris-Walz Democratic ticket on election day?,harris-walz-final-democratic-ticket,504603,harris-walz-final-democratic-ticket,No,0.08399837859748682,12335.0,1036.12,8.4%,,,,,,,,,,2026-05-28 01:02:10 UTC,2024-08-18 19:36:08+00:00,2024-08-18 19:36:08 UTC,0x279f022f4e2e7eb911bad73b85dc4b15aa8535c498cd5bc447976eaf801e268b,0x50297d10f98d82c2778692680b015a7ac8c85650,True,Yes,0.0,False,,100,1190.4991699803113,2.0,0.0,-102.0,-1.0
12641,TikTok banned in the US before May 2025?,tiktok-banned-in-the-us-before-may-2025,507276,tiktok-banned-in-the-us-before-may-2025,No,0.010992355265434265,94231.8525,1035.83,1.1%,,,,,,,,,,2026-05-28 01:02:43 UTC,2025-01-20 02:45:04+00:00,2025-01-20 02:45:04 UTC,0x8dedd8c6b244ba24f979c18fceee0f2fc1c7dab374dc283b5e66d7045b059ea3,0x1894ed035074ddf17d037033a1eb1ab7f87c4880,True,Yes,0.0,False,,100,9097.231447245204,2.0,0.0,-102.0,-1.0
13464,"Will there be 150,000,000-155,000,000 votes cast in the U.S. Presidential Election?",turnout-in-2024-presidential-election,510524,will-there-be-150000000-155000000-votes-cast-in-the-us-presidential-election,Yes,0.098,10563.0,1035.17,9.8%,,,,,,,,,,2026-05-28 01:03:02 UTC,2024-11-20 06:51:51+00:00,2024-11-20 06:51:51 UTC,0x02beb991a0568ef987c0fb8662b041e204346a49bc6001305ae167dd6551934b,0xe2b1fc269d0c2e27da11fadd1d9596fe28227d2a,True,No,0.0,False,,100,1020.408163265306,2.0,0.0,-102.0,-1.0
14023,Will Donald Trump be inaugurated?,who-will-be-inaugurated-as-president,511754,will-donald-trump-be-inaugurated,No,0.022532840086415446,45932.958075,1035.0,2.3%,,,,,,,,,,2026-05-28 01:03:19 UTC,2025-01-19 21:25:06+00:00,2025-01-19 21:25:06 UTC,0xa2f0ac7afa770b7d056162789b0d5804a4c7988efd5a55fd55323c9fa1c27a7d,0x5917f7c46430980c23135566a5291fec67147c54,True,Yes,0.0,False,,100,4437.966968056006,2.0,0.0,-102.0,-1.0
15665,Fed decreases interest rates by 25 bps after March 2025 meeting?,fed-decision-in-march,516009,fed-decreases-interest-rates-by-25-bps-after-march-2025-meeting,Yes,0.010331654269549668,100177.56818,1035.0,1.0%,,,,,,,,,,2026-05-28 01:04:18 UTC,2025-03-17 04:05:27+00:00,2025-03-17 04:05:27 UTC,0xfc03e2fdc32bbf4717d7dbb5bddeb01f5ac538be229ec4f927f49e31bd2e7d06,0x40f43a67b86fedcf2d386239845b04f02ca8c7d7,True,No,0.0,False,,100,9678.992094685991,2.0,0.0,-102.0,-1.0
11639,Will Biden resign before the election?,biden-resigns-from-presidency-before-election,503972,biden-resigns-from-presidency-before-election,Yes,0.08,12934.95,1034.8,8.0%,,,,,,,,,,2026-05-28 01:01:51 UTC,2024-08-28 11:36:48+00:00,2024-08-28 11:36:48 UTC,0xbded04bf36d5431bfe833768f46d88538591898c856d19d5f9900fbf1157ecf9,0x809c6f840f1484438dcb9de3e1f1aeeadd41ebda,True,No,0.0,False,,100,1250.0,2.0,0.0,-102.0,-1.0
11921,Will Taylor Swift attend the DNC?,will-taylor-swift-attend-the-dnc,504675,will-taylor-swift-attend-the-dnc,Yes,0.07291764311251149,14188.884265,1034.62,7.3%,,,,,,,,,,2026-05-28 01:02:10 UTC,2024-08-23 01:45:05+00:00,2024-08-23 01:45:05 UTC,0xd983e1841f6562f30567647782a1a7a8ef6f7a12d9e3abc679187e42c2ff2356,0x7f33603d9b4e895d46e820c6b076d339e3069e1e,True,No,0.0,False,,100,1371.4102065216314,2.0,0.0,-102.0,-1.0
10588,Will Glenn Youngkin win the 2024 Republican VP nomination?,republican-vp-supplemental,501440,will-glenn-youngkin-win-the-2024-republican-vp-nomination,Yes,0.07542909469427038,13708.901097,1034.05,7.5%,,,,,,,,,,2026-05-28 01:01:21 UTC,2024-07-15 06:09:03+00:00,2024-07-15 06:09:03 UTC,0x6c19ce5a26f31216b7fbcb815a3bc6bc5553ee4be664434c8b9d8f3beaffeb10,0x73f7bee28499c10c1a80edd6c326e76be0e5b51d,True,No,0.0,False,,100,1325.748378729992,2.0,0.0,-102.0,-1.0
15586,Will  Alice Weidel be the next Chancellor of Germany?,next-chancellor-of-germany,515796,will-alice-weidel-be-the-next-chancellor-of-germany,Yes,0.069,14984.0,1033.9,6.9%,,,,,,,,,,2026-05-28 01:04:17 UTC,2025-01-05 20:25:57+00:00,2025-01-05 20:25:57 UTC,0x3257cd99bf4b81767cdd0abeb643f772bad8ee8615f5b5a912c17f97895fee91,0x2cba0285f917c019e45b5a17b1b33f3f89615850,True,No,0.0,False,,100,1449.2753623188405,2.0,0.0,-102.0,-1.0
11878,No change in Fed interest rates after December 2024 meeting?,fed-interest-rates-december-2024,504587,no-change-in-fed-interest-rates-after-december-2024-meeting,Yes,0.05069170586703058,20376.508964,1032.92,5.1%,,,,,,,,,,2026-05-28 01:01:59 UTC,2024-12-13 13:59:02+00:00,2024-12-13 13:59:02 UTC,0x95bb4896b4757d67c1b5ceeca76ffd58b8fb7d111b30e09d59de905880365ee6,0xa75b5c57c315cf407075bb60cd9c571f64814121,True,No,0.0,False,,100,1972.709307954836,2.0,0.0,-102.0,-1.0
10214,Will a Democrat win Arizona US Senate Election?,arizona-us-senate-election-winner,500614,will-a-democrat-win-arizona-us-senate-election,No,0.09996971439301983,10330.98,1032.79,10.0%,,,,,,,,,,2026-05-28 01:01:11 UTC,2024-11-09 04:30:12+00:00,2024-11-09 04:30:12 UTC,0x632016ad8b75b1c2fd5c0c7d42cae6aabc76e64f83fae9c6aef2bc1062eacdce,0xacd943c52e0ba8efcabfeaddfa3ca17c1a5a3d87,True,Yes,0.0,False,,100,1000.3029478193877,2.0,0.0,-102.0,-1.0
12779,U.S. military action against Iran before November?,us-military-action-against-iran-before-november,507749,us-military-action-against-iran-before-november,Yes,0.06548977041714371,15765.55,1032.48,6.5%,,,,,,,,,,2026-05-28 01:02:49 UTC,2024-10-12 03:35:22+00:00,2024-10-12 03:35:22 UTC,0xc93918b205efeab794056f16ca57f00053123d7e4ce6c3b816c46fba81101ed6,0x4987ea1f1cdfeeb2df6ce1d2d4e680edf3cb804b,True,No,0.0,False,,100,1526.9560324160536,2.0,0.0,-102.0,-1.0
12645,Nasrallah remains Hezbollah leader through Oct 31?,nasrallah-remains-leader-of-hezbollah-through-october-31,507280,nasrallah-remains-leader-of-hezbollah-through-october-31,Yes,0.09916337582602085,10407.068037,1032.0,9.9%,,,,,,,,,,2026-05-28 01:02:46 UTC,2024-09-28 08:35:55+00:00,2024-09-28 08:35:55 UTC,0x1b4c50b418ebd60e5ca2dbba77bedf6457c30f617f1ebe00c93142d1f3fa67ad,0xf15f4c66d83516b96e246a057e1e2c4c79c740e0,True,No,0.0,False,,100,1008.4368262678651,2.0,0.0,-102.0,-1.0
17792,No change in Fed interest rates after June 2025 meeting?,fed-decision-in-june,521836,no-change-in-fed-interest-rates-after-june-2025-meeting,No,0.036697197212870965,28114.408684,1031.72,3.7%,,,,,,,,,,2026-05-28 01:05:11 UTC,2025-06-03 17:32:40+00:00,2025-06-03 17:32:40 UTC,0x9214abebed78c580f8f4f2b968f606583b9c8d99d0caefa15d8d86f00e6af629,0x40b078960902ce9e7223d4ee6426bdf794071f0a,True,Yes,0.0,False,,100,2725.0037494669095,2.0,0.0,-102.0,-1.0
11889,Harris-Walz Democratic ticket on election day?,harris-walz-final-democratic-ticket,504603,harris-walz-final-democratic-ticket,No,0.0338849830063864,30430.294116,1031.13,3.4%,,,,,,,,,,2026-05-28 01:02:08 UTC,2024-10-01 12:53:18+00:00,2024-10-01 12:53:18 UTC,0xff3967bd23b8981a91cdab25b5ed02652441308893491f9d1f8093d9e9938d97,0x0f50a317131f6d8b1d8494411baef3da11b24861,True,Yes,0.0,False,,100,2951.1598096759476,2.0,0.0,-102.0,-1.0
11910,Democrats win popular vote by 7% or more?,popular-vote-margin-of-victory-in-presidential-election,504706,democrats-win-popular-vote-by-over-7,Yes,0.05799999994755409,17770.689654,1030.7,5.8%,,,,,,,,,,2026-05-28 01:02:06 UTC,2024-11-02 01:50:44+00:00,2024-11-02 01:50:44 UTC,0xa0fe9d2c373d88ec0f585ef23fd17c51641feda7f3f65a8f2e831cecdf625d6d,0x130f2ee045e4c60623c2dda33becc303b2376e99,True,No,0.0,False,,100,1724.137932593517,2.0,0.0,-102.0,-1.0
11385,Will Mark Kelly be the 2024 Democratic VP nominee?,democratic-vp-nominee,503228,will-mark-kelly-be-the-2024-democratic-vp-nominee,Yes,0.079,13044.5,1030.52,7.9%,,,,,,,,,,2026-05-28 01:01:40 UTC,2024-07-31 19:53:22+00:00,2024-07-31 19:53:22 UTC,0x90bb2a86313be0a69cb691bfae254e73fd371cc2b55b96f7dc1f4e0dbe554bf7,0xbd08d7e51f68a72b7ac8f50398e775b016d258c0,True,No,0.0,False,,100,1265.8227848101267,2.0,0.0,-102.0,-1.0
14874,Will Rafał Trzaskowski be the next President of Poland?,poland-presidential-election,514139,will-rafa-trzaskowski-be-the-next-president-of-poland,Yes,0.030706538805165322,33546.275161,1030.09,3.1%,,,,,,,,,,2026-05-28 01:04:01 UTC,2025-06-02 00:18:53+00:00,2025-06-02 00:18:53 UTC,0x82e940d2f5de842496765941af12d3ae9bbad51209b8c3906198e7a8b8737963,0xa50aee32d0a69cc594870087b78ac2aa04de1197,True,No,0.0,False,,100,3256.6353581725866,2.0,0.0,-102.0,-1.0
16868,Will George Simion win the Romanian presidential election?,romania-presidential-election-winner,519066,romania-presidential-election-winner-will-george-simion-win-the-romanian-presidential-election,Yes,0.02,51500.0,1030.0,2.0%,,,,,,,,,,2026-05-28 01:04:47 UTC,2025-05-18 19:03:29+00:00,2025-05-18 19:03:29 UTC,0x38f8ddf50e53abbfefc95225d6af03a23d0f4c0ab25f04c707dd6b5aa6f8d58c,0x371704727106db84ebfc819e7d72a37f1797ff6e,True,No,0.0,False,,100,5000.0,2.0,0.0,-102.0,-1.0
17505,Jerome Powell out as Fed Chair in 2025?,will-trump-remove-jerome-powell,520930,will-trump-remove-jerome-powell,Yes,0.06327544224639388,16278.037141,1030.0,6.3%,,,,,,,,,,2026-05-28 01:05:02 UTC,2025-09-18 07:33:46+00:00,2025-09-18 07:33:46 UTC,0xa75675ea96c0fd4adde4bac36dd6253bd8bb8c456e98ad3de65f54b4d26b6a07,0x531468f14dbea1f04ca001612af74dcbcfa95390,True,No,0.0,False,,100,1580.3919569712543,2.0,0.0,-102.0,-1.0
16180,Maduro out in 2025?,maduro-out-in-2025,516947,maduro-out-in-2025-411,Yes,0.047317195185537037,21755.304704,1029.4,4.7%,,,,,,,,,,2026-05-28 01:04:29 UTC,2025-12-19 13:05:52+00:00,2025-12-19 13:05:52 UTC,0xcd633596769877a193beba889466ab259a30d5d4a65f0554a614960a20b038b5,0x732cccf59bdfde56564aff046ad3d2b93075abf5,True,No,0.0,False,,100,2113.3966121171525,2.0,0.0,-102.0,-1.0
11910,Democrats win popular vote by 5-6%?,popular-vote-margin-of-victory-in-presidential-election,504704,democrats-win-popular-vote-by-5-6,Yes,0.05,20586.4,1029.32,5.0%,,,,,,,,,,2026-05-28 01:02:06 UTC,2024-10-29 23:10:06+00:00,2024-10-29 23:10:06 UTC,0x66944954bea9687c90e19cf7cebc5ebca5b17ea33b2d737330fddbb6a7472245,0x991e631ce8ed39795d5935a78c9b0cf118c78ffb,True,No,0.0,False,,100,2000.0,2.0,0.0,-102.0,-1.0
16108,Russia x Ukraine ceasefire in 2025?,russia-x-ukraine-ceasefire-in-2025,516719,russia-x-ukraine-ceasefire-in-2025,Yes,0.08,12861.37,1028.91,8.0%,,,,,,,,,,2026-05-28 01:04:33 UTC,2025-11-02 00:30:44+00:00,2025-11-02 00:30:44 UTC,0x5ccce891990216b7736bb201954858e19126de699dd9ac7b6f61cc6e05f08e61,0x482bf5accdecfaffa67c14d4d4fbb59f428a3266,True,No,0.0,False,,100,1250.0,2.0,0.0,-102.0,-1.0
11143,Will Trump launch a coin before the election?,will-trump-launch-a-coin-before-the-election,502571,will-trump-launch-a-coin-before-the-election,No,0.022917997584908506,44825.033042,1027.3,2.3%,,,,,,,,,,2026-05-28 01:01:31 UTC,2024-10-16 22:39:27+00:00,2024-10-16 22:39:27 UTC,0xb87cc7c0d17071a19ccfb9e9845b3090a0c4de3ba86485f8995819348a115afc,0xb34feaa4dd1ea1ceb02f17f7b7e6fa927d81dd46,True,Yes,0.0,False,,100,4363.382953921331,2.0,0.0,-102.0,-1.0
11887,Tim Walz replaced as Democratic VP nominee?,tim-walz-out-as-democratic-vp-nominee,504598,tim-walz-out-as-democratic-vp-nominee,Yes,0.08619056458376168,11907.567887,1026.32,8.6%,,,,,,,,,,2026-05-28 01:02:11 UTC,2024-08-08 06:15:37+00:00,2024-08-08 06:15:37 UTC,0x59064513a36617f6305ac2ac92389806ee8210aba2438a4a60bb9bfabbcc185c,0x027615287940af9175197d1be6561c0f5a2e66fd,True,No,0.0,False,,100,1160.2198046030671,2.0,0.0,-102.0,-1.0
11468,Trump wins every swing state?,trump-wins-every-swing-state,503385,trump-wins-every-swing-state,No,0.05895229214666219,17389.485,1025.15,5.9%,,,,,,,,,,2026-05-28 01:01:44 UTC,2024-11-06 07:28:29+00:00,2024-11-06 07:28:29 UTC,0xf5b2b901c08bd5ad1f6a4b2bed977ac870cb48bba144b2168e58b458fbbf50e1,0xd49272741c7463ff47dbccfe7c22fb9ec5e4cb1e,True,Yes,0.0,False,,100,1696.28688484612,2.0,0.0,-102.0,-1.0
11696,No change in Fed interest rates after 2024 September meeting?,fed-interest-rates-september-2024,504071,no-change-in-fed-interest-rates-after-2024-september-meeting,Yes,0.014719916087763161,69397.134665,1021.52,1.5%,,,,,,,,,,2026-05-28 01:01:54 UTC,2024-09-18 07:15:20+00:00,2024-09-18 07:15:20 UTC,0xe0604d28fe6f104900e33711f2b526fa4fe96957794fc80d8b24f27b7e49375d,0x961fd1b81ba80cc6b4dd2f2129dcc494cc923daa,True,No,0.0,False,,100,6793.516987717829,2.0,0.0,-102.0,-1.0
11650,JD Vance replaced as Republican VP nominee?,jd-vance-steps-down-as-republican-vp-nominee,503989,jd-vance-steps-down-as-republican-vp-nominee,Yes,0.049055969253288666,20823.04,1021.49,4.9%,,,,,,,,,,2026-05-28 01:01:53 UTC,2024-08-14 15:12:59+00:00,2024-08-14 15:12:59 UTC,0xe2d980b750eff46727aaa44f3aa6051d2307ce48f2a861a2dbdfb322b2e5de16,0x9d84ce0306f8551e02efef1680475fc0f1dc1344,True,No,0.0,False,,100,2038.4879051858932,2.0,0.0,-102.0,-1.0
17140,Fed decreases interest rates by 50+ bps after May 2025 meeting?,fed-decision-in-may-2025,519776,fed-decreases-interest-rates-by-50-bps-after-may-2025-meeting,Yes,0.03907157977116873,26143.28,1021.46,3.9%,,,,,,,,,,2026-05-28 01:04:57 UTC,2025-04-04 15:21:27+00:00,2025-04-04 15:21:27 UTC,0x383e6b979009b0f776da06824069911d569eb8c0829d1257d354efc0e5d60fb3,0xa9ee0279edee743ed85fb293c079994a24635a28,True,No,0.0,False,,100,2559.4050863996777,2.0,0.0,-102.0,-1.0
11887,Tim Walz replaced as Democratic VP nominee?,tim-walz-out-as-democratic-vp-nominee,504598,tim-walz-out-as-democratic-vp-nominee,Yes,0.065,15700.0,1020.5,6.5%,,,,,,,,,,2026-05-28 01:02:11 UTC,2024-08-10 16:07:15+00:00,2024-08-10 16:07:15 UTC,0xf314c9ab2aa35f03340986fde4063f42ca22538b5dd877089de445548fe2a71e,0xc8c80d5ce8abe19e72ead720599e12cb8fa67407,True,No,0.0,False,,100,1538.4615384615383,2.0,0.0,-102.0,-1.0
14120,"Will Trump say ""crypto"" or ""Bitcoin"" in his speech after the election is called?",what-will-trump-say-in-speech-after-election-is-called,512024,will-trump-say-crypto-or-bitcoin-in-his-speech-after-the-election-is-called,Yes,0.09209096269141867,11075.2,1019.93,9.2%,,,,,,,,,,2026-05-28 01:03:33 UTC,2024-11-11 10:03:15+00:00,2024-11-11 10:03:15 UTC,0x9a3836ec8266ae85fb4ea3e3caa12c26a1cef928ef65389f3cc58d118c669b1d,0xecdf3a31e85d5f2adafe3fc4194d44ea011d6c07,True,No,0.0,False,,100,1085.8828822876267,2.0,0.0,-102.0,-1.0
13431,Israel military action against Iraq before November?,israel-military-action-against-iraq-before-november,509855,israel-military-action-against-iraq-before-november,No,0.01228695813557081,83004.270768,1019.87,1.2%,,,,,,,,,,2026-05-28 01:02:59 UTC,2024-10-28 05:31:28+00:00,2024-10-28 05:31:28 UTC,0x8c01f2a6df426760f91db39f3c379d8270bfc0764f9f6df633e01e40514857c1,0x83ded6431b27309964f3eddb24c10bc85fa71786,True,Yes,0.0,False,,100,8138.710891388118,2.0,0.0,-102.0,-1.0
10214,Will a Republican win Arizona US Senate Election?,arizona-us-senate-election-winner,500615,will-a-republican-win-arizona-us-senate-election,Yes,0.048984399101600455,20810.34,1019.38,4.9%,,,,,,,,,,2026-05-28 01:01:11 UTC,2024-11-06 09:00:34+00:00,2024-11-06 09:00:34 UTC,0x74e0b559e2fb1ba3432df08d49fc70df74a85e997a77a5d22f36f0a5920d930c,0xe274eed0e6e2c168094856a85c07efc747d8ee86,True,No,0.0,False,,100,2041.466300170103,2.0,0.0,-102.0,-1.0
14220,No change in Fed interest rates after January 2025 meeting?,fed-interest-rates-january-2025,512324,no-change-in-fed-interest-rates-after-january-2025-meeting,No,0.013129872149283576,77541.501427,1018.11,1.3%,,,,,,,,,,2026-05-28 01:03:46 UTC,2025-01-24 00:25:37+00:00,2025-01-24 00:25:37 UTC,0x6006750589d5aace5e71057ce2898b972b1b22b0bfbe157074ed60147f346392,0x0a07f3a92eee5fe8d2fae5a07f25c3c83d80025c,True,Yes,0.0,False,,100,7616.220391411537,2.0,0.0,-102.0,-1.0
11385,Will Tim Walz be the 2024 Democratic VP nominee?,democratic-vp-nominee,503191,will-tim-walz-be-the-2024-democratic-vp-nominee,Yes,0.06282840876662643,16189.58,1017.17,6.3%,,,,,,,,,,2026-05-28 01:01:42 UTC,2024-07-24 12:45:00+00:00,2024-07-24 12:45:00 UTC,0xce390486a67228cd915c90a3019202c0ee3c7d3d3d80309082953b62881f653a,0x4e56f1ddaa8f5328036c449b89e731ec748cdee1,True,Yes,0.0,True,,100,1591.636680970959,2.0,1591.636680970959,1489.636680970959,14.604281185989795
16282,"Will Trump deport 250,000-500,000 people?",how-many-people-will-trump-deport-in-2025,517311,will-trump-deport-250000-500000-people,No,0.06,16952.0,1017.12,6.0%,,,,,,,,,,2026-05-28 01:04:34 UTC,2026-02-11 04:18:05+00:00,2026-02-11 04:18:05 UTC,0xc6a485f26d2b9337c6c46103254982f01a5b68f6edbe3586c9b1570c966aee8d,0xbcb12e015d2d697ff2d3b90e84553e05f6954726,True,Yes,0.0,False,,100,1666.6666666666667,2.0,0.0,-102.0,-1.0
11889,Harris-Walz Democratic ticket on election day?,harris-walz-final-democratic-ticket,504603,harris-walz-final-democratic-ticket,No,0.03386591866666667,30000.0,1015.98,3.4%,,,,,,,,,,2026-05-28 01:02:08 UTC,2024-09-17 18:42:56+00:00,2024-09-17 18:42:56 UTC,0x43caa0bf92bcd31558b61667f38881f615116e436b02c7b2ce3a899e3d1d188f,0x691f941e1fbdf8bfb1dd6f2a1119643eaf3941a1,True,Yes,0.0,False,,100,2952.8211233326847,2.0,0.0,-102.0,-1.0
11143,Will Trump launch a coin before the election?,will-trump-launch-a-coin-before-the-election,502571,will-trump-launch-a-coin-before-the-election,No,0.02799999997353836,36278.92857,1015.81,2.8%,,,,,,,,,,2026-05-28 01:01:31 UTC,2024-10-16 22:23:33+00:00,2024-10-16 22:23:33 UTC,0xaa4a844b5d0a119e087654f007d8d1f30298988d75a80302937e20909fab98f7,0xebc5615720228d0e94bc33800ba05a29f7b661fd,True,Yes,0.0,False,,100,3571.428574803781,2.0,0.0,-102.0,-1.0
17792,No change in Fed interest rates after June 2025 meeting?,fed-decision-in-june,521836,no-change-in-fed-interest-rates-after-june-2025-meeting,No,0.013,78125.86,1015.64,1.3%,,,,,,,,,,2026-05-28 01:05:07 UTC,2025-06-18 16:17:11+00:00,2025-06-18 16:17:11 UTC,0x8141b60810431c9ed3f5817a85774c922fed09307e30ef378d30f44e46cd7da3,0xcdc495702d5caabf60301025c5a2dd4c1a66a880,True,Yes,0.0,False,,100,7692.307692307692,2.0,0.0,-102.0,-1.0
17033,Will Trump sign 0 executive orders on January 21?,how-many-executive-orders-will-trump-issue-on-day-2,519391,how-many-executive-orders-will-trump-issue-on-day-2-will-trump-sign-0-executive-orders-on-january-21,Yes,0.04321704784395976,23495.12636,1015.39,4.3%,,,,,,,,,,2026-05-28 01:04:54 UTC,2025-01-22 04:58:14+00:00,2025-01-22 04:58:14 UTC,0xf3884504f1f4cb7924170a8a204acd9cdbeaea9131d061eda533b34b0bf81659,0xe837f0e296cdea66a51597c8f4d4469ad1cc739f,True,No,0.0,False,,100,2313.9016890061944,2.0,0.0,-102.0,-1.0
15196,Will Crin Antonescu advance to the Romanian Presidential Election Runoff?,which-candidates-will-advance-in-romanian-presidential-election-1st-round,528798,will-crin-antonescu-advance-to-the-romanian-presidential-election-runoff,Yes,0.08998914269861992,11282.73,1015.32,9.0%,,,,,,,,,,2026-05-28 01:04:11 UTC,2025-05-04 20:23:29+00:00,2025-05-04 20:23:29 UTC,0xdadfe3b448dbdebdbbeff67589307af8dfeb70bbfe5d56bdd12bf5f388cccd19,0x8795bcb2fe129d1ea3e3d73bc13a3d8078047544,True,No,0.0,False,,100,1111.2451680410732,2.0,0.0,-102.0,-1.0
15437,Will Biden pardon SBF?,who-will-biden-pardon,500502,will-biden-pardon-sbf-this-term,Yes,0.03124453154242251,32493.686059,1015.25,3.1%,,,,,,,,,,2026-05-28 01:04:13 UTC,2025-01-20 02:35:56+00:00,2025-01-20 02:35:56 UTC,0x41f77488e57cbdc91c40bcf864922639afdb7ad7ca8dfce206b163f8b10c90a4,0x408f36d395a42057e7337ca4da3192e21eb1f530,True,No,0.0,False,,100,3200.5600680626053,2.0,0.0,-102.0,-1.0
12641,TikTok banned in the US before May 2025?,tiktok-banned-in-the-us-before-may-2025,507276,tiktok-banned-in-the-us-before-may-2025,No,0.016916283,60000.0,1014.98,1.7%,,,,,,,,,,2026-05-28 01:02:43 UTC,2025-01-21 15:56:25+00:00,2025-01-21 15:56:25 UTC,0xaa51ffd212e52a90ee6504f51d2d76bbc2b3b41e7b78ce9841970ce0bbb9f3ac,0x57dce74adcd8a0ce69a6beb3258f6e954457a126,True,Yes,0.0,False,,100,5911.464120102507,2.0,0.0,-102.0,-1.0
17792,No change in Fed interest rates after June 2025 meeting?,fed-decision-in-june,521836,no-change-in-fed-interest-rates-after-june-2025-meeting,No,0.023,44124.74,1014.87,2.3%,,,,,,,,,,2026-05-28 01:05:09 UTC,2025-06-08 23:07:50+00:00,2025-06-08 23:07:50 UTC,0xbe0a3109cd5bb230e9b969c3082c039c2bada3eefd1aa5e9286bf77f3787074f,0x8e9eedf20dfa70956d49f608a205e402d9df38e4,True,Yes,0.0,False,,100,4347.826086956522,2.0,0.0,-102.0,-1.0
17174,Was JFK assassination an inside job?,was-jfk-assassination-an-inside-job-march-31,519906,was-jfk-assassination-an-inside-job-march-31,Yes,0.03915404892277429,25901.025,1014.13,3.9%,,,,,,,,,,2026-05-28 01:04:59 UTC,2025-03-18 01:18:00+00:00,2025-03-18 01:18:00 UTC,0x88cc891b34219ae6db6409c6dd6dfa4a771c186827e896dd8948d5522eb47390,0xf572a3d4a0a521ceb3c4800a5f589926a63609f2,True,No,0.0,False,,100,2554.014278248351,2.0,0.0,-102.0,-1.0
11910,GOP wins popular vote by 3-4%?,popular-vote-margin-of-victory-in-presidential-election,504677,gop-wins-popular-vote-by-3-4,Yes,0.016,63335.17,1013.36,1.6%,,,,,,,,,,2026-05-28 01:02:06 UTC,2024-11-07 00:20:36+00:00,2024-11-07 00:20:36 UTC,0x40b71f9fea42e6a0427654222973730860210499beacdba8dc24f0d41f8c374b,0xf596b60b1656ee6277c5e584c7c8203fc01a8c31,True,No,0.0,False,,100,6250.0,2.0,0.0,-102.0,-1.0
11385,Will Andy Beshear be the 2024 Democratic VP nominee?,democratic-vp-nominee,503190,will-andy-beshear-be-the-2024-democratic-vp-nominee,Yes,0.09188214288067222,11027.714061,1013.25,9.2%,,,,,,,,,,2026-05-28 01:01:42 UTC,2024-07-26 18:01:14+00:00,2024-07-26 18:01:14 UTC,0x18f8c9a95942f659690a841e5a52c0eff9e68cd73b1406c7bdf35a201928d852,0x037cb640ae37d90c611a9f7328114a29fe220919,True,No,0.0,False,,100,1088.3507596233414,2.0,0.0,-102.0,-1.0
13551,Trump ends Ukraine war in first 90 days?,trump-wins-ends-ukraine-war-in-90-days,510319,trump-wins-ends-ukraine-war-in-90-days,Yes,0.015123752596285378,66980.0695,1012.99,1.5%,,,,,,,,,,2026-05-28 01:03:04 UTC,2025-04-19 08:51:12+00:00,2025-04-19 08:51:12 UTC,0x7971a89840f2d02c4b7ec67031d9141638ee839884f2a8235e5255ecdd77b9d8,0x4c0aaccac96b8e9b3b083bab987700aeb5795e4d,True,No,0.0,False,,100,6612.115568761784,2.0,0.0,-102.0,-1.0
11798,Will Kamala Harris drop out of presidential race?,will-kamala-drop-out-before-election,504400,will-kamala-drop-out-before-election,Yes,0.07,14468.28,1012.78,7.0%,,,,,,,,,,2026-05-28 01:01:58 UTC,2024-08-08 18:18:50+00:00,2024-08-08 18:18:50 UTC,0x4741ed4400713bf143516a32c023806afbca995e817bcb4f7d363a37dcc91f23,0x10b30364936b03d26b3fd01a63d1f991454b40d4,True,No,0.0,False,,100,1428.5714285714284,2.0,0.0,-102.0,-1.0
17140,Fed decreases interest rates by 25 bps after May 2025 meeting?,fed-decision-in-may-2025,519777,fed-decreases-interest-rates-by-25-bps-after-may-2025-meeting,Yes,0.09,11253.0,1012.77,9.0%,,,,,,,,,,2026-05-28 01:04:56 UTC,2025-04-25 23:35:53+00:00,2025-04-25 23:35:53 UTC,0x59c58b4fbb436e2b64758bfd5e202adb1bb16095706b1340a7062a2442bc896a,0xdcc9d68a4bad9fc8becd27a03ee5b2b4feda4534,True,No,0.0,False,,100,1111.111111111111,2.0,0.0,-102.0,-1.0
11536,RFK Jr. endorses Trump in August?,rfk-jr-endorses-trump,503535,rfk-jr-endorses-trump,No,0.04317726619887151,23452.156381,1012.6,4.3%,,,,,,,,,,2026-05-28 01:01:49 UTC,2024-08-24 14:50:23+00:00,2024-08-24 14:50:23 UTC,0x210a04b134ead6bc51414998a8fdf8f19584a25e9d486efcc9cb4ea5e29b9ede,0x50779c378f152b40d2c3c1b7023d289a2dd0fb7d,True,Yes,0.0,False,,100,2316.0336168438016,2.0,0.0,-102.0,-1.0
17792,No change in Fed interest rates after June 2025 meeting?,fed-decision-in-june,521836,no-change-in-fed-interest-rates-after-june-2025-meeting,No,0.025,40500.05,1012.5,2.5%,,,,,,,,,,2026-05-28 01:05:09 UTC,2025-06-11 19:10:44+00:00,2025-06-11 19:10:44 UTC,0x7d166a09afacfd07c9ffc1f4b514403c923c4d8373a858e60680a29970565a79,0x2aa0785974c55c3a98d0a44bb6cc159ce9a9ee01,True,Yes,0.0,False,,100,4000.0,2.0,0.0,-102.0,-1.0
12641,TikTok banned in the US before May 2025?,tiktok-banned-in-the-us-before-may-2025,507276,tiktok-banned-in-the-us-before-may-2025,No,0.028291994399383277,35777.965516,1012.23,2.8%,,,,,,,,,,2026-05-28 01:02:43 UTC,2025-01-19 15:40:43+00:00,2025-01-19 15:40:43 UTC,0x680cd5a29418bf5681b13147695c71e2a5ac0130239046c1f3038961479c5f96,0x410c19c139ca28075fbebf7751237e7c2341104b,True,Yes,0.0,False,,100,3534.568775475929,2.0,0.0,-102.0,-1.0
16860,Zelenskyy out as Ukraine president before July?,zelenskyy-out-as-ukraine-president-before-july,519048,zelenskyy-out-as-ukraine-president-before-july,Yes,0.08934292091205691,11329.269165,1012.19,8.9%,,,,,,,,,,2026-05-28 01:04:46 UTC,2025-04-19 15:06:43+00:00,2025-04-19 15:06:43 UTC,0xc578f9c06e6577e8d9565c49ad2300705b4996a898891900c899b4ca62a5eed2,0xc2e93fe687de4f2c02fcff46ad27de160ac76d4e,True,No,0.0,False,,100,1119.2828595612314,2.0,0.0,-102.0,-1.0
11910,GOP wins popular vote by 2-3%?,popular-vote-margin-of-victory-in-presidential-election,504678,gop-wins-popular-vote-by-2-3,Yes,0.042335374487428266,23906.41,1012.09,4.2%,,,,,,,,,,2026-05-28 01:02:06 UTC,2024-11-09 06:31:12+00:00,2024-11-09 06:31:12 UTC,0xf32388fa64b143128b41efa3b3f27c41d7d0b66a1883c30841089c3038698c27,0xe2b1fc269d0c2e27da11fadd1d9596fe28227d2a,True,No,0.0,False,,100,2362.0908332745603,2.0,0.0,-102.0,-1.0
11696,No change in Fed interest rates after 2024 September meeting?,fed-interest-rates-september-2024,504071,no-change-in-fed-interest-rates-after-2024-september-meeting,Yes,0.015596655343137807,64859.41875,1011.59,1.6%,,,,,,,,,,2026-05-28 01:01:54 UTC,2024-09-17 22:41:40+00:00,2024-09-17 22:41:40 UTC,0x1b99a23b1c2c43ab969514e80a2a733cf25e71b95ad03431b4cd9d59c7f328df,0x522df3c797116faed23ee0e29a083d14f0de0b97,True,No,0.0,False,,100,6411.631070888404,2.0,0.0,-102.0,-1.0
16180,Maduro out in 2025?,maduro-out-in-2025,516947,maduro-out-in-2025-411,Yes,0.03591621886713003,28146.337,1010.91,3.6%,,,,,,,,,,2026-05-28 01:04:29 UTC,2025-12-23 12:45:15+00:00,2025-12-23 12:45:15 UTC,0x606d813b1b7a2f1766cc8b55171cd4859c7da2197276dfd4cdb799e61db07683,0x168b100d7a6620a2f49a455344c2c006eaf1714b,True,No,0.0,False,,100,2784.2574512073284,2.0,0.0,-102.0,-1.0
12327,Will there be a US Government shutdown? ,us-government-shutdown-before-2025,506202,us-government-shutdown-before-2025,No,0.020520600923981162,49256.35476,1010.77,2.1%,,,,,,,,,,2026-05-28 01:02:35 UTC,2024-12-23 02:24:03+00:00,2024-12-23 02:24:03 UTC,0xf884acd99cded5aefc045ccd55a9178683db2a13a19885b2b0e0d9072fca4c91,0x85b68b573dd7becfd38033111d3b91b131196042,True,Yes,0.0,False,,100,4873.151637734749,2.0,0.0,-102.0,-1.0
10170,Will a Democrat win New York Presidential Election?,new-york-presidential-election-winner-2024,500514,will-a-democrat-win-new-york-presidential-election,No,0.0350446962508019,28833.179,1010.45,3.5%,,,,,,,,,,2026-05-28 01:01:15 UTC,2024-10-20 06:10:28+00:00,2024-10-20 06:10:28 UTC,0x159149a8da0d52b3c5f9be71bba9d55d52af7e6ba64fc730b0983128aa06f530,0xf572a3d4a0a521ceb3c4800a5f589926a63609f2,True,Yes,0.0,False,,100,2853.498837151764,2.0,0.0,-102.0,-1.0
15437,Will Biden pardon SBF?,who-will-biden-pardon,500502,will-biden-pardon-sbf-this-term,Yes,0.036,28064.75,1010.33,3.6%,,,,,,,,,,2026-05-28 01:04:13 UTC,2025-01-16 18:28:38+00:00,2025-01-16 18:28:38 UTC,0xbd561a5fc6be0cc2e17796d7647509d293dab5230de153ac48d635c7c880be86,0x49b8eeeab40ed60dc92fbdb68580c3b4fd29762d,True,No,0.0,False,,100,2777.777777777778,2.0,0.0,-102.0,-1.0
11650,JD Vance replaced as Republican VP nominee?,jd-vance-steps-down-as-republican-vp-nominee,503989,jd-vance-steps-down-as-republican-vp-nominee,Yes,0.017540438684644163,57585.33,1010.07,1.8%,,,,,,,,,,2026-05-28 01:01:53 UTC,2024-08-28 17:35:22+00:00,2024-08-28 17:35:22 UTC,0xa7a9ff6b8dc37706c0018b3ab85acd285d171f349bf2f168e7732c6046b64150,0xe64ffa7621459172ad81960762d5760e65d444a5,True,No,0.0,False,,100,5701.111688132712,2.0,0.0,-102.0,-1.0
11798,Will Kamala Harris drop out of presidential race?,will-kamala-drop-out-before-election,504400,will-kamala-drop-out-before-election,Yes,0.01,101000.0,1010.0,1.0%,,,,,,,,,,2026-05-28 01:01:58 UTC,2024-10-24 06:08:17+00:00,2024-10-24 06:08:17 UTC,0x8a5ea6ce627e3cd50aad71866cb22ce5dac5b70c6a62a672699a33357ce606fd,0x68aeb2c54a6009c7e10316411e9bfe3e259d1781,True,No,0.0,False,,100,10000.0,2.0,0.0,-102.0,-1.0
11889,Harris-Walz Democratic ticket on election day?,harris-walz-final-democratic-ticket,504603,harris-walz-final-democratic-ticket,No,0.05927646669761249,17038.802332,1010.0,5.9%,,,,,,,,,,2026-05-28 01:02:10 UTC,2024-08-17 14:25:31+00:00,2024-08-17 14:25:31 UTC,0x535d44ccf8cac508cae73dc88aee0b1751e2895252feb1c7094882764b4f4728,0xd92e22d37616ffdd5ff55d2caeda64fcdd70329a,True,Yes,0.0,False,,100,1687.010133551495,2.0,0.0,-102.0,-1.0
15586,Will  Alice Weidel be the next Chancellor of Germany?,next-chancellor-of-germany,515796,will-alice-weidel-be-the-next-chancellor-of-germany,Yes,0.049597216649541136,20344.2868,1009.02,5.0%,,,,,,,,,,2026-05-28 01:04:16 UTC,2025-01-31 18:43:20+00:00,2025-01-31 18:43:20 UTC,0xdacaf4ab76e2ff394dce6c400ca255ddfd1be804c508f6551bd146ae6ca48017,0x85e806939830d5ccf54e4946b76b883300da4e94,True,No,0.0,False,,100,2016.2421755763019,2.0,0.0,-102.0,-1.0
14162,Trump signs national abortion ban?,trump-signs-national-abortion-ban-in-first-100-days,512128,trump-signs-national-abortion-ban-in-first-100-days,Yes,0.09,11200.0,1008.0,9.0%,,,,,,,,,,2026-05-28 01:03:33 UTC,2025-01-18 14:25:09+00:00,2025-01-18 14:25:09 UTC,0x5c9c9b0ce62b0d3f2efe72ad885ec13433d415ca5d36ff56f8df33634288e7f3,0xc1bf471ad4033d72a775d84cae2612a40cd51800,True,No,0.0,False,,100,1111.111111111111,2.0,0.0,-102.0,-1.0
12641,TikTok banned in the US before May 2025?,tiktok-banned-in-the-us-before-may-2025,507276,tiktok-banned-in-the-us-before-may-2025,No,0.011,91545.45,1007.0,1.1%,,,,,,,,,,2026-05-28 01:02:43 UTC,2025-01-21 19:34:26+00:00,2025-01-21 19:34:26 UTC,0x5bfa886671ac13aec618ee7dafd2af3a88e957b7835ed754c3563deec37ce775,0xf03f38323fd8e9c8c9f5b994af7dc914884b768b,True,Yes,0.0,False,,100,9090.909090909092,2.0,0.0,-102.0,-1.0
16748,Bernie Sanders votes to confirm Tulsi Gabbard?,which-senators-will-vote-to-confirm-tulsi-gabbard,515822,bernie-sanders-votes-to-confirm-tulsi-gabbard,Yes,0.09501114528230768,10596.5463,1006.79,9.5%,,,,,,,,,,2026-05-28 01:04:45 UTC,2025-02-07 04:53:34+00:00,2025-02-07 04:53:34 UTC,0xff12acd4cf03790db4de07b83fbea4b0eb7ecce74ddb341c5be951a0aad52501,0x072afc0a066adc5b75c989de372adb952268cee6,True,No,0.0,False,,100,1052.5081000009934,2.0,0.0,-102.0,-1.0
11878,Fed decreases interest rates by 25 bps after December 2024 meeting?,fed-interest-rates-december-2024,504586,fed-decreases-interest-rates-by-25-bps-after-december-2024-meeting,No,0.03464031075055864,29034.67025,1005.77,3.5%,,,,,,,,,,2026-05-28 01:01:59 UTC,2024-12-18 18:32:21+00:00,2024-12-18 18:32:21 UTC,0xa34efd1800708df3e0e9f812e636a889390f41b0e54a1bbdce717060bcff1096,0xa3df3e9a593d311d8a824e8f3ae5713860e5444d,True,Yes,0.0,False,,100,2886.8101305467453,2.0,0.0,-102.0,-1.0
10588,Will Tulsi Gabbard win the 2024 Republican VP nomination?,republican-vp-supplemental,501432,will-tulsi-gabbard-win-the-2024-republican-vp-nomination,Yes,0.05908295147456233,17022.0,1005.71,5.9%,,,,,,,,,,2026-05-28 01:01:21 UTC,2024-05-16 17:48:48+00:00,2024-05-16 17:48:48 UTC,0x76d71333a5cf6e0bed6007aee1066c832f470ac8984f5cce5b3a76e6cef4c356,0x50bcabfd0fb9665916b6d821c8b427deda7278c2,True,No,0.0,False,,100,1692.5356216006603,2.0,0.0,-102.0,-1.0
11301,DNC open convention?,dnc-open-convention,502959,dnc-open-convention,Yes,0.04152361323613484,24208.88,1005.24,4.2%,,,,,,,,,,2026-05-28 01:01:35 UTC,2024-07-29 09:03:37+00:00,2024-07-29 09:03:37 UTC,0x13077748a79d4192e77f8970ccc7287c8e1839b588c9c0cb8e0288da4af8f041,0xccf0961c2e7514821d22bcd871c44f85d58c3b75,True,No,0.0,False,,100,2408.26826488639,2.0,0.0,-102.0,-1.0
16489,Will Trump be impeached in 2025?,will-trump-be-impeached-in-2025,517855,will-trump-be-impeached-in-2025,Yes,0.025,40206.47,1005.16,2.5%,,,,,,,,,,2026-05-28 01:04:36 UTC,2025-09-08 23:13:50+00:00,2025-09-08 23:13:50 UTC,0xca6fdeb4c1430a0454574ca5865ccb1c308e373aa3124b779b67244a27424ca8,0x1d379e322ef813587a3e13ad79857c45edc7f4a4,True,No,0.0,False,,100,4000.0,2.0,0.0,-102.0,-1.0
12795,Israel x Hezbollah Ceasefire in 2024?,israel-x-hezbollah-ceasefire-in-2024,507792,israel-x-hezbollah-ceasefire-in-2024,No,0.015,67000.0,1005.0,1.5%,,,,,,,,,,2026-05-28 01:02:49 UTC,2024-11-30 20:55:24+00:00,2024-11-30 20:55:24 UTC,0xa8d5b5bdac08a63fe836a613fde3f333c47347e60ff1798606ace394b546836e,0x1cab19ce098211d5b4a02b0fd1bdd0423c756817,True,Yes,0.0,False,,100,6666.666666666667,2.0,0.0,-102.0,-1.0
12641,TikTok banned in the US before May 2025?,tiktok-banned-in-the-us-before-may-2025,507276,tiktok-banned-in-the-us-before-may-2025,No,0.01699999998353949,59111.176469,1004.89,1.7%,,,,,,,,,,2026-05-28 01:02:43 UTC,2025-01-21 16:10:47+00:00,2025-01-21 16:10:47 UTC,0x477d366fd4615ffe3465fbc3eeec05c5b6cf375f51b2a89874bbc4ebb69f34f1,0x1d722119f825d8abb36d49497c0ee2fce30c088c,True,Yes,0.0,False,,100,5882.352946872148,2.0,0.0,-102.0,-1.0
13431,Israel military action against Iraq before November?,israel-military-action-against-iraq-before-november,509855,israel-military-action-against-iraq-before-november,No,0.08374069960370485,11998.347324,1004.75,8.4%,,,,,,,,,,2026-05-28 01:02:59 UTC,2024-10-27 10:14:15+00:00,2024-10-27 10:14:15 UTC,0x785adf392aa12aa80a80ed08c11e5a37a5baaa59069d2c5adf6c05e75e283f46,0xe46f5c84d53c4b0daead45ae4b1af6b48abad9e5,True,Yes,0.0,False,,100,1194.1624619001368,2.0,0.0,-102.0,-1.0
15625,Will the AfD win over 30% of the vote in the German election?,afd-of-vote-in-german-election,515879,will-the-afd-win-over-30-of-the-vote-in-the-german-election,Yes,0.03155881451845827,31835.79657,1004.7,3.2%,0.0,0.0,0.0,,,,,,,2026-05-28 01:04:23 UTC,2025-02-17 06:44:24+00:00,2025-02-17 06:44:24 UTC,0x36ae4485358b49febd57a67bbdf0aeece34ac639cb2066b1e48759c131d28beb,0x8b62e298e6a5c07d5fab41167e95d98c6fa2b02d,True,No,0.0,False,,100,3168.6868320580147,2.0,0.0,-102.0,-1.0
16108,Russia x Ukraine ceasefire in 2025?,russia-x-ukraine-ceasefire-in-2025,516719,russia-x-ukraine-ceasefire-in-2025,Yes,0.012350645453462988,81291.297915,1004.0,1.2%,,,,,,,,,,2026-05-28 01:04:28 UTC,2025-12-24 18:51:21+00:00,2025-12-24 18:51:21 UTC,0xefdee0486944b0f176f1eac2af1c039aca90bdce77ee64240818be34599e1516,0xc54e233e160eee69da03fc7645066eb1ce91f4ac,True,No,0.0,False,,100,8096.742828283608,2.0,0.0,-102.0,-1.0
15586,Will  Alice Weidel be the next Chancellor of Germany?,next-chancellor-of-germany,515796,will-alice-weidel-be-the-next-chancellor-of-germany,Yes,0.014739214458410489,68104.036469,1003.8,1.5%,,,,,,,,,,2026-05-28 01:04:16 UTC,2025-02-23 22:24:44+00:00,2025-02-23 22:24:44 UTC,0xb2a1eb2366544959c20fb7911b924883ae80329e59e51ac86972e1039bc3cbda,0x2844da5da02f9543500e7446b34d118c4dc910f7,True,No,0.0,False,,100,6784.622089743596,2.0,0.0,-102.0,-1.0
14220,No change in Fed interest rates after January 2025 meeting?,fed-interest-rates-january-2025,512324,no-change-in-fed-interest-rates-after-january-2025-meeting,No,0.023025586154296836,43590.6384,1003.7,2.3%,,,,,,,,,,2026-05-28 01:03:45 UTC,2025-01-29 09:11:27+00:00,2025-01-29 09:11:27 UTC,0xd5a19f71e3d94cffc2acfb7bee2e117ba739845e1a8630f8aa1b56bba68c3097,0x939f9cf560efc260d1c9c5d4f2f918b88749dcd1,True,Yes,0.0,False,,100,4342.994759390256,2.0,0.0,-102.0,-1.0
11889,Harris-Walz Democratic ticket on election day?,harris-walz-final-democratic-ticket,504603,harris-walz-final-democratic-ticket,No,0.07858980050419416,12758.525821,1002.69,7.9%,,,,,,,,,,2026-05-28 01:02:10 UTC,2024-08-18 13:14:18+00:00,2024-08-18 13:14:18 UTC,0x53f92722855b9118d452cb4583f0c74b32f1c1e94516876ccc7569af3440a4b2,0x6e5b74154dfeb3569fa832dda960db7910dfeb13,True,Yes,0.0,False,,100,1272.4297473520528,2.0,0.0,-102.0,-1.0
11940,3 Trump vs. Harris debates before election?,number-of-debates-between-trump-and-harris,504760,3-trump-vs-harris-debates-before-election,Yes,0.06869414356140618,14593.529332,1002.49,6.9%,,,,,,,,,,2026-05-28 01:02:08 UTC,2024-09-15 05:53:43+00:00,2024-09-15 05:53:43 UTC,0x165e2571761efc5103f2f85e9c8741a36643cbf63c685854bd915918a6708c73,0x2621149af7cb61b8e28a8ae79c7135e04a76af21,True,No,0.0,False,,100,1455.7281715086715,2.0,0.0,-102.0,-1.0
12641,TikTok banned in the US before May 2025?,tiktok-banned-in-the-us-before-may-2025,507276,tiktok-banned-in-the-us-before-may-2025,No,0.01,100218.0,1002.18,1.0%,,,,,,,,,,2026-05-28 01:02:43 UTC,2025-01-21 19:24:20+00:00,2025-01-21 19:24:20 UTC,0x79c70bc3df757aa3225f701eb5b3172c00654d67dd8a1203d4e6383361a96e0c,0xaee8e802e29a2dd32d6234a3d28e3bd7e2ca6eeb,True,Yes,0.0,False,,100,10000.0,2.0,0.0,-102.0,-1.0
12641,TikTok banned in the US before May 2025?,tiktok-banned-in-the-us-before-may-2025,507276,tiktok-banned-in-the-us-before-may-2025,No,0.013932190643178634,71929.8225,1002.14,1.4%,,,,,,,,,,2026-05-28 01:02:43 UTC,2025-01-20 16:51:49+00:00,2025-01-20 16:51:49 UTC,0x7629d4ffd4825aa39aa33c9c18bc19d363b4941a8abeea5987a7049dc97d0509,0xebf765c5db4007ffd065754a547edeec83040741,True,Yes,0.0,False,,100,7177.6221386233465,2.0,0.0,-102.0,-1.0
14379,Will another party win the most seats in the Romanian parliamentary election?,romania-parliamentary-election,512851,will-another-party-win-the-most-seats-in-the-romanian-parliamentary-election,Yes,0.06993049160381856,14328.5136,1002.0,7.0%,,,,,,,,,,2026-05-28 01:03:55 UTC,2024-11-30 22:02:24+00:00,2024-11-30 22:02:24 UTC,0xcb1bec54961f87e67b584c26705bbda3284cfef202fb0439cba810402e5396d4,0x8dece907f98189eace2fc2ef9200391d575f8836,True,No,0.0,False,,100,1429.9913772455088,2.0,0.0,-102.0,-1.0
14039,Will Biden resign in 2024?,will-biden-resign-in-2024,511885,will-biden-resign-in-2024,Yes,0.03147390659732531,31826.36375,1001.7,3.1%,,,,,,,,,,2026-05-28 01:03:33 UTC,2024-11-10 01:59:14+00:00,2024-11-10 01:59:14 UTC,0x9c22553f28fcfa8780c9e85f8172caa465d8d0e43b5b1c01d481692bd039f431,0x48362f4c13c94804eb5a9bd79cf6de830d930964,True,No,0.0,False,,100,3177.2350753718674,2.0,0.0,-102.0,-1.0
14188,Trump ends Ukraine war before inauguration?,trump-ends-ukraine-war-before-inauguration,512205,trump-ends-ukraine-war-before-inauguration,Yes,0.08,12520.875,1001.67,8.0%,,,,,,,,,,2026-05-28 01:03:41 UTC,2024-12-04 02:27:40+00:00,2024-12-04 02:27:40 UTC,0xa1e155c7ed37b928bab2fd3cc802a37e4963b7435d992f948251854c1f1d6c26,0x6ad19aec76a53b3b6368f66d1e6873b025112b23,True,No,0.0,False,,100,1250.0,2.0,0.0,-102.0,-1.0
11143,Will Trump launch a coin before the election?,will-trump-launch-a-coin-before-the-election,502571,will-trump-launch-a-coin-before-the-election,No,0.012000000000191758,83438.333332,1001.26,1.2%,,,,,,,,,,2026-05-28 01:01:31 UTC,2024-10-17 10:15:19+00:00,2024-10-17 10:15:19 UTC,0x660a1c5423e311e05519f358e758a378cab928ae5950638c6926ebeb100ae276,0x5de54ee9c6026b537bee18e1833a9b9c0bb84b7b,True,Yes,0.0,False,,100,8333.333333200168,2.0,0.0,-102.0,-1.0
13678,Record turnout in 2024 Presidential election?,record-turnout-in-2024-presidential-election,510534,record-turnout-in-2024-presidential-election,Yes,0.0548009101191049,18269.039635,1001.16,5.5%,,,,,,,,,,2026-05-28 01:03:11 UTC,2024-11-10 15:12:27+00:00,2024-11-10 15:12:27 UTC,0xfba58ec066733a0c4c28052b75f9b63eb2874d9dc471cffa0e1f81ea92cb4467,0x2e53fe858a6d0369302949d4f0d2dcab84a03c70,True,No,0.0,False,,100,1824.7872121586831,2.0,0.0,-102.0,-1.0
11973,Will Kamala Harris win all 6 swing states?,will-kamala-harris-win-every-swing-state,504897,will-kamala-harris-win-every-swing-state,Yes,0.08999999992267964,11122.555554,1001.03,9.0%,,,,,,,,,,2026-05-28 01:02:13 UTC,2024-10-23 17:15:07+00:00,2024-10-23 17:15:07 UTC,0xbcf46bf24d2e8b5085cc6d883496abbab9c37668767ac55112b87a48e670621b,0x54dd12fd0582607ee122fb0c8a00d5693fc51d0f,True,No,0.0,False,,100,1111.1111120656835,2.0,0.0,-102.0,-1.0
17792,No change in Fed interest rates after June 2025 meeting?,fed-decision-in-june,521836,no-change-in-fed-interest-rates-after-june-2025-meeting,No,0.03699999996547618,27053.783782,1000.99,3.7%,,,,,,,,,,2026-05-28 01:05:11 UTC,2025-06-04 13:02:00+00:00,2025-06-04 13:02:00 UTC,0x2a72d4e7a94c66395fede89adacc1d50bc706b705c5cf70bcdd59c088edb04d8,0x3726e333fbe559e597ada22b964bde1fd0868f92,True,Yes,0.0,False,,100,2702.7027052245307,2.0,0.0,-102.0,-1.0
17140,Fed decreases interest rates by 25 bps after May 2025 meeting?,fed-decision-in-may-2025,519777,fed-decreases-interest-rates-by-25-bps-after-may-2025-meeting,Yes,0.025,40034.0,1000.85,2.5%,,,,,,,,,,2026-05-28 01:04:55 UTC,2025-05-04 13:17:23+00:00,2025-05-04 13:17:23 UTC,0x7a7a8b282af9f4d7fd1fb827640a9f57862ec36e60351dab2c0448eb6a391383,0x2ae037b896c92fe2910f0818dee60c371d42a4b7,True,No,0.0,False,,100,4000.0,2.0,0.0,-102.0,-1.0
11696,No change in Fed interest rates after 2024 September meeting?,fed-interest-rates-september-2024,504071,no-change-in-fed-interest-rates-after-2024-september-meeting,Yes,0.048785943598522966,20512.465788,1000.72,4.9%,,,,,,,,,,2026-05-28 01:01:55 UTC,2024-09-05 12:12:12+00:00,2024-09-05 12:12:12 UTC,0x16d3384880ec116bc37ce74f4e64143b89ed0ab9ec0c33bda32f4e86540a9377,0xdf175941c7dee9d7afb3c9720a144b07978bc4bd,True,No,0.0,False,,100,2049.7707459127137,2.0,0.0,-102.0,-1.0
12795,Israel x Hezbollah Ceasefire in 2024?,israel-x-hezbollah-ceasefire-in-2024,507792,israel-x-hezbollah-ceasefire-in-2024,No,0.01,100063.0,1000.63,1.0%,,,,,,,,,,2026-05-28 01:02:49 UTC,2024-12-03 12:43:01+00:00,2024-12-03 12:43:01 UTC,0xb5e0930666e259ba8179a93aedf972cc6854e4322aec4000312653a089284f80,0x888fea77ba5b95784259be39667f7761b3575c80,True,Yes,0.0,False,,100,10000.0,2.0,0.0,-102.0,-1.0
16180,Maduro out in 2025?,maduro-out-in-2025,516947,maduro-out-in-2025-411,Yes,0.09267007121575363,10796.905472,1000.55,9.3%,,,,,,,,,,2026-05-28 01:04:28 UTC,2025-12-25 21:35:25+00:00,2025-12-25 21:35:25 UTC,0x5428996c868447943c04f87aef5343514e3ecf2297ba69dfda02c2896a4a9aa4,0xfddfd657996c214d4dd2fd0fff4589c0daeaf33d,True,No,0.0,False,,100,1079.0970449043996,2.0,0.0,-102.0,-1.0
11827,Fed decreases interest rates by 50 bps after November 2024 meeting?,fed-interest-rates-november-2024,504491,fed-decreases-interest-rates-by-50-bps-after-november-2024-meeting,Yes,0.01975665073367148,50639.15,1000.46,2.0%,,,,,,,,,,2026-05-28 01:02:03 UTC,2024-11-07 10:41:36+00:00,2024-11-07 10:41:36 UTC,0x14f3276055476d51b788251c1326e796d44e327821502eb4132ceae11e102d13,0x0914c946a8e2843113494be5676c0c82c02b9c93,True,No,0.0,False,,100,5061.586670131739,2.0,0.0,-102.0,-1.0
11143,Will Trump launch a coin before the election?,will-trump-launch-a-coin-before-the-election,502571,will-trump-launch-a-coin-before-the-election,No,0.03799139614546437,26329.908887,1000.31,3.8%,,,,,,,,,,2026-05-28 01:01:31 UTC,2024-10-16 19:50:06+00:00,2024-10-16 19:50:06 UTC,0xe679508f5c57760bbae95df60b9e7be44458222101ba1603feac47c5f88a5f11,0xf38ca9c95b147e6f2a6069be6ec4e02ede3fd1fe,True,Yes,0.0,False,,100,2632.174917107872,2.0,0.0,-102.0,-1.0
10656,Will a Democrat win the popular vote and a Republican win the Presidency?,which-party-wins-presidency-popular-vote,501589,will-a-democrat-win-the-popular-vote-and-a-republican-win-the-presidency,Yes,0.08697456842712142,11499.913332,1000.2,8.7%,,,,,,,,,,2026-05-28 01:01:21 UTC,2024-11-06 04:28:35+00:00,2024-11-06 04:28:35 UTC,0x94a476a5fb685d5a55e49428f8e83730f1d255c93e12ff86bfbafa099a6b4893,0xee4362301b4d1fd15d08aa51e9d1007df53b138c,True,No,0.0,False,,100,1149.7613820733468,2.0,0.0,-102.0,-1.0
13380,Will either Kamala or Trump win every swing state?,will-either-kamala-or-trump-win-every-swing-state,509697,will-either-kamala-or-trump-win-every-swing-state,No,0.08729662836882479,11455.998,1000.07,8.7%,,,,,,,,,,2026-05-28 01:02:59 UTC,2024-11-06 06:28:03+00:00,2024-11-06 06:28:03 UTC,0x63a0bf5c9dbd7d30f35d2934dec800581edcb1bdb60739a51b5274f7b3e9a313,0x895251f634d25bfc91cd10119ee2e270b2dcf4a6,True,Yes,0.0,False,,100,1145.519613627046,2.0,0.0,-102.0,-1.0
5853,[Single Market] Will Robert F. Kennedy Jr. win the U.S. 2024 Democratic presidential nomination?,who-will-win-the-us-2024-democratic-presidential-nomination,250482,will-robert-f-kennedy-jr-win-the-us-2024-democratic-presidential-nomination,Yes,0.09855338742394676,10146.784663,1000.0,9.9%,,,2433.88084,,,,1.505593,,664.190123,2026-05-28 01:01:09 UTC,2023-07-15 15:40:55+00:00,2023-07-15 15:40:55 UTC,0xf01d33cf7c6167b1e00bf8dff362d7a1fa58958afa9b2f2b32a0d2c17696a2d7,0xe1e7036279433715711a65fc3254a8af558c5fb6,True,No,0.0,False,,100,1014.6784663,2.0,0.0,-102.0,-1.0
5853,[Single Market] Will Robert F. Kennedy Jr. win the U.S. 2024 Democratic presidential nomination?,who-will-win-the-us-2024-democratic-presidential-nomination,250482,will-robert-f-kennedy-jr-win-the-us-2024-democratic-presidential-nomination,Yes,0.09155664609694018,10922.2,1000.0,9.2%,,,2433.88084,,,,1.505593,,664.190123,2026-05-28 01:01:09 UTC,2023-06-05 23:31:06+00:00,2023-06-05 23:31:06 UTC,0x33a88b79e1d502012fa8df2ddcf265278d9d9a288203ddaf9704b6d9771094a9,0xff4e60cd745f642319abb991a66fde16cf49edc9,True,No,0.0,False,,100,1092.22,2.0,0.0,-102.0,-1.0
10214,Will a Republican win Arizona US Senate Election?,arizona-us-senate-election-winner,500615,will-a-republican-win-arizona-us-senate-election,Yes,0.07510851796031966,13314.069125,1000.0,7.5%,,,,,,,,,,2026-05-28 01:01:11 UTC,2024-11-07 18:38:42+00:00,2024-11-07 18:38:42 UTC,0x4e7156dbd3d5c5df61024e1be64038b6b466f624491ceb258843035028f0bf2e,0x8489a6516b550e1098d5f7a4efdbcf5bb436208d,True,No,0.0,False,,100,1331.4069125,2.0,0.0,-102.0,-1.0
10223,"2024 Balance of Power: D Prez, D Senate, D House",balance-of-power-2024-election,500630,democratic-sweep-in-2024-election,Yes,0.05,20000.0,1000.0,5.0%,,,,,,,,,,2026-05-28 01:01:13 UTC,2024-11-06 01:29:35+00:00,2024-11-06 01:29:35 UTC,0x20945ee756891b707fb7e15e7e74564e4d2260700a982bd69d3a4d7f94a36a8a,0xad4ae378fd192baf7b6ab50ce4377013cf6c7312,True,No,0.0,False,,100,2000.0,2.0,0.0,-102.0,-1.0
10223,"2024 Balance of Power: R Prez, D Senate, R House",balance-of-power-2024-election,500636,2024-balance-of-power-republican-presidency-and-house-democratic-senate,Yes,0.012616120716060795,79263.667692,1000.0,1.3%,,,,,,,,,,2026-05-28 01:01:13 UTC,2024-11-04 01:30:39+00:00,2024-11-04 01:30:39 UTC,0xf7d57e9ad824274120c8661b076818f0f3421934a6fbb582768dee36c6186659,0xa4a2e7f95562314ae8e368107f67b21eb8d063cd,True,No,0.0,False,,100,7926.3667692,2.0,0.0,-102.0,-1.0
10223,"2024 Balance of Power: R Prez, D Senate, D House",balance-of-power-2024-election,500639,2024-balance-of-power-republican-presidency-democratic-house-and-senate,Yes,0.014079886195537404,71023.301333,1000.0,1.4%,,,,,,,,,,2026-05-28 01:01:13 UTC,2024-11-04 01:30:29+00:00,2024-11-04 01:30:29 UTC,0xe8bf85f33947e2c94b9e1983cb02df6a97a243bc7879b3e3bbfc97d1947d8948,0xa4a2e7f95562314ae8e368107f67b21eb8d063cd,True,No,0.0,False,,100,7102.3301333,2.0,0.0,-102.0,-1.0
10170,Will a Republican win New York Presidential Election?,new-york-presidential-election-winner-2024,500515,will-a-republican-win-new-york-presidential-election,Yes,0.026848406857592415,37246.157856,1000.0,2.7%,,,,,,,,,,2026-05-28 01:01:13 UTC,2024-11-03 23:15:22+00:00,2024-11-03 23:15:22 UTC,0xf0a87e337064cd1361bdc2f1a63f47940dab775ddcc0182a9515fc2067244f97,0xc0f0560d96fa5ae8d02fdd8d427bacfb566c3420,True,No,0.0,False,,100,3724.6157856,2.0,0.0,-102.0,-1.0
10251,Will a Republican win New Jersey US Senate Election?,new-jersey-us-senate-election-winner,500716,will-a-republican-win-new-jersey-us-senate-election,Yes,0.07817332699503998,12792.087,1000.0,7.8%,,,,,,,,,,2026-05-28 01:01:18 UTC,2024-10-20 01:53:45+00:00,2024-10-20 01:53:45 UTC,0xd5958d36ce18c600b0caf9135d28923495edda2660cfdcbbc1227ac3678d337a,0xb070bee58ef075e3a519dc62c8a6923a019387d0,True,No,0.0,False,,100,1279.2087,2.0,0.0,-102.0,-1.0
10535,Fed decreases interest rates by 25 bps after June 2024 meeting?,fed-interest-rates-june-2024,501305,fed-decreases-interest-rates-by-25-bps-after-june-2024-meeting,Yes,0.046093033487395456,21695.2525,1000.0,4.6%,,,,,,,,,,2026-05-28 01:01:21 UTC,2024-06-11 19:20:08+00:00,2024-06-11 19:20:08 UTC,0xf3be5b0e158636394189ac225dd18fbe175d12226035a1360b4569f57a1678c9,0x46483a45de96eacaf31430c3ed97e0b6a30b5361,True,No,0.0,False,,100,2169.52525,2.0,0.0,-102.0,-1.0
10656,Will a Republican win the popular vote and a Democrat win the Presidency?,which-party-wins-presidency-popular-vote,501588,will-a-republican-win-the-popular-vote-and-a-democrat-win-the-presidency,Yes,0.02796861932099632,35754.357,1000.0,2.8%,,,,,,,,,,2026-05-28 01:01:21 UTC,2024-11-02 14:12:03+00:00,2024-11-02 14:12:03 UTC,0xa279c7157647f631a918c37913802a70cb6024d35f1274354bc980634b261a63,0xe1e7036279433715711a65fc3254a8af558c5fb6,True,No,0.0,False,,100,3575.4357,2.0,0.0,-102.0,-1.0
10656,Will a Republican win the popular vote and a Democrat win the Presidency?,which-party-wins-presidency-popular-vote,501588,will-a-republican-win-the-popular-vote-and-a-democrat-win-the-presidency,Yes,0.028000000001008,35714.285713,1000.0,2.8%,,,,,,,,,,2026-05-28 01:01:21 UTC,2024-11-02 02:38:47+00:00,2024-11-02 02:38:47 UTC,0x8fb55c172a752e2be766c8e6897f137a832e14c6fc6d4f0e06ee0b45c6111cb8,0xe1e7036279433715711a65fc3254a8af558c5fb6,True,No,0.0,False,,100,3571.4285713,2.0,0.0,-102.0,-1.0
10656,Will a Republican win the popular vote and a Democrat win the Presidency?,which-party-wins-presidency-popular-vote,501588,will-a-republican-win-the-popular-vote-and-a-democrat-win-the-presidency,Yes,0.025104714903953756,39833.155,1000.0,2.5%,,,,,,,,,,2026-05-28 01:01:23 UTC,2024-10-14 22:53:19+00:00,2024-10-14 22:53:19 UTC,0x884d72fa511685bce324ca7326ede75c0d5444ec428a6e0fe5dcce3cf706c64d,0xe1e7036279433715711a65fc3254a8af558c5fb6,True,No,0.0,False,,100,3983.3154999999997,2.0,0.0,-102.0,-1.0
10833,Will Trump drop out of presidential race?,will-trump-drop-out-of-presidential-race,501938,will-trump-drop-out-of-presidential-race,Yes,0.020578688356384687,48593.962,1000.0,2.1%,,,,,,,,,,2026-05-28 01:01:27 UTC,2024-10-13 20:14:58+00:00,2024-10-13 20:14:58 UTC,0xf6a0c4e6b8ac7d9927fa3c220adc1203fc38c93cb49b249cba020b319ec69d0c,0x9d333d3122c0e38de533b2e59343a92df9e1fa02,True,No,0.0,False,,100,4859.3962,2.0,0.0,-102.0,-1.0
10842,Trump sentenced to between 36 and 47 months prison time?,trump-sentenced-to-how-much-prison-time,501962,trump-sentenced-to-between-36-and-47-months-prison-time,Yes,0.028205959919330954,35453.5,1000.0,2.8%,,,,0,0.0,0.0,0.0,,,2026-05-28 01:01:27 UTC,2024-06-03 14:46:40+00:00,2024-06-03 14:46:40 UTC,0x58cc4cfdb7fcc6cdc18846f63de2ffa50aec98e81cfc2ae9654df5fe1cb00348,0x46483a45de96eacaf31430c3ed97e0b6a30b5361,True,No,0.0,False,,100,3545.35,2.0,0.0,-102.0,-1.0
10995,Biden drops out by July 4? ,biden-drops-out-after-debate,502223,biden-drops-out-after-debate,Yes,0.039114389592325875,25566.03875,1000.0,3.9%,,,,,,,,,,2026-05-28 01:01:30 UTC,2024-07-03 05:23:46+00:00,2024-07-03 05:23:46 UTC,0xf2b386e3c7189203bfac4b523487bee6a3a3d249136d34732b444d4742b24920,0xe1e7036279433715711a65fc3254a8af558c5fb6,True,No,0.0,False,,100,2556.603875,2.0,0.0,-102.0,-1.0
10995,Biden drops out by July 4? ,biden-drops-out-after-debate,502223,biden-drops-out-after-debate,Yes,0.031922587724767436,31325.78125,1000.0,3.2%,,,,,,,,,,2026-05-28 01:01:30 UTC,2024-07-02 18:11:59+00:00,2024-07-02 18:11:59 UTC,0xfe5a7021c6d40adccd35fc13763c5537e225e2a346ae3a04cca7b2769613cb4f,0x8ff2351978346987658e08a9f4adfb282d79df13,True,No,0.0,False,,100,3132.5781250000005,2.0,0.0,-102.0,-1.0
10995,Biden drops out by July 4? ,biden-drops-out-after-debate,502223,biden-drops-out-after-debate,Yes,0.04419885439398138,22625.0208,1000.0,4.4%,,,,,,,,,,2026-05-28 01:01:30 UTC,2024-07-02 03:03:29+00:00,2024-07-02 03:03:29 UTC,0x7d74369b488d857cf74bc5fc5498bf27fc287e14c6b603ca643e92ba4d94b1d3,0xe1e7036279433715711a65fc3254a8af558c5fb6,True,No,0.0,False,,100,2262.5020799999998,2.0,0.0,-102.0,-1.0
10995,Biden drops out by July 4? ,biden-drops-out-after-debate,502223,biden-drops-out-after-debate,Yes,0.04752591024632407,21041.154074,1000.0,4.8%,,,,,,,,,,2026-05-28 01:01:30 UTC,2024-07-01 16:12:54+00:00,2024-07-01 16:12:54 UTC,0x47b457edee6839e3d2a53758c0b6f23d87648fc1f9803efc3b4261026fd924a3,0x8ff2351978346987658e08a9f4adfb282d79df13,True,No,0.0,False,,100,2104.1154074,2.0,0.0,-102.0,-1.0
10995,Biden drops out by July 4? ,biden-drops-out-after-debate,502223,biden-drops-out-after-debate,Yes,0.03196474339946628,31284.46825,1000.0,3.2%,,,,,,,,,,2026-05-28 01:01:30 UTC,2024-06-26 14:45:14+00:00,2024-06-26 14:45:14 UTC,0x8e170fa380c0b4e348bf1f364926c88fbaec1ed7182bfd0f41cdc6e7e4755702,0x93b33614739613d8faba18b027da20d5074b6436,True,No,0.0,False,,100,3128.446825,2.0,0.0,-102.0,-1.0
10995,Biden drops out by July 4? ,biden-drops-out-after-debate,502223,biden-drops-out-after-debate,Yes,0.08,12500.0,1000.0,8.0%,,,,,,,,,,2026-05-28 01:01:30 UTC,2024-06-08 15:58:41+00:00,2024-06-08 15:58:41 UTC,0x3ad3715ee95c59bd1a113660e2c1fbd786b77f482afaaf54b29500ddd60816f5,0xe36f12113afc492a00e40b6f1125a4cc9396122c,True,No,0.0,False,,100,1250.0,2.0,0.0,-102.0,-1.0
11143,Will Trump launch a coin before the election?,will-trump-launch-a-coin-before-the-election,502571,will-trump-launch-a-coin-before-the-election,No,0.015950378372881963,62694.4375,1000.0,1.6%,,,,,,,,,,2026-05-28 01:01:31 UTC,2024-10-17 12:25:50+00:00,2024-10-17 12:25:50 UTC,0xc66d6f51ab6395b481f60f6a1be6a6390ded46b7f5a2ec5b48dae2bf5bb64d41,0xf8ec4839eac9c163d47cdefa76b48ac3c1cbdfde,True,Yes,0.0,False,,100,6269.44375,2.0,0.0,-102.0,-1.0
11143,Will Trump launch a coin before the election?,will-trump-launch-a-coin-before-the-election,502571,will-trump-launch-a-coin-before-the-election,No,0.015956352355512637,62670.965,1000.0,1.6%,,,,,,,,,,2026-05-28 01:01:31 UTC,2024-10-17 12:23:12+00:00,2024-10-17 12:23:12 UTC,0x20da11cc45533c5ca329faf7ad500f80f66037efe49eb9b7a16dbce4e6a11f01,0xf8ec4839eac9c163d47cdefa76b48ac3c1cbdfde,True,Yes,0.0,False,,100,6267.0965,2.0,0.0,-102.0,-1.0
11143,Will Trump launch a coin before the election?,will-trump-launch-a-coin-before-the-election,502571,will-trump-launch-a-coin-before-the-election,No,0.015722979887988608,63601.175294,1000.0,1.6%,,,,,,,,,,2026-05-28 01:01:31 UTC,2024-10-17 01:35:31+00:00,2024-10-17 01:35:31 UTC,0x5ae60315b128df0945596e5c7a4bfefd79e00e3b56e0f0b74398970b9d886feb,0x2d5967703ea2ebbe7d65ca487d0d9d2efe7d133d,True,Yes,0.0,False,,100,6360.1175294,2.0,0.0,-102.0,-1.0
11143,Will Trump launch a coin before the election?,will-trump-launch-a-coin-before-the-election,502571,will-trump-launch-a-coin-before-the-election,No,0.027000000000756,37037.037036,1000.0,2.7%,,,,,,,,,,2026-05-28 01:01:31 UTC,2024-10-16 22:15:21+00:00,2024-10-16 22:15:21 UTC,0xe14b9f0a90baef6f416a6d9f80f0b53077e3af5239699cd17ab48fe200149eea,0xcf3fa24afe1d8e7f36544682bd98fc74a31ee166,True,Yes,0.0,False,,100,3703.7037036,2.0,0.0,-102.0,-1.0
11143,Will Trump launch a coin before the election?,will-trump-launch-a-coin-before-the-election,502571,will-trump-launch-a-coin-before-the-election,No,0.020128959104866298,49679.667726,1000.0,2.0%,,,,,,,,,,2026-05-28 01:01:31 UTC,2024-10-16 21:58:17+00:00,2024-10-16 21:58:17 UTC,0x108816df300fe12b60eb1c6f8c74fb0ed6b84a960d492660908e4814f3f7b3aa,0x2c15973578913fb6ad182e797257ac0cf6368b65,True,Yes,0.0,False,,100,4967.9667726,2.0,0.0,-102.0,-1.0
11143,Will Trump launch a coin before the election?,will-trump-launch-a-coin-before-the-election,502571,will-trump-launch-a-coin-before-the-election,No,0.028621072456173867,34939.291724,1000.0,2.9%,,,,,,,,,,2026-05-28 01:01:31 UTC,2024-10-16 20:25:00+00:00,2024-10-16 20:25:00 UTC,0x757d74c0a112c073e40ea4c9852c2fd05ed63fb376fcc757c44abb737f55c1a4,0x051135daf78f9f03bf9df996441fb0c85d897fe0,True,Yes,0.0,False,,100,3493.9291724000004,2.0,0.0,-102.0,-1.0
11143,Will Trump launch a coin before the election?,will-trump-launch-a-coin-before-the-election,502571,will-trump-launch-a-coin-before-the-election,No,0.03621246152653603,27614.803243,1000.0,3.6%,,,,,,,,,,2026-05-28 01:01:31 UTC,2024-10-16 20:12:02+00:00,2024-10-16 20:12:02 UTC,0x2f432ccb926489e62a9a6880e7c541aec81cd6284cfb618f9ec47232a3d5db90,0x8f7cd4451b7113c8df6a733e70a8b2dbb1d214b0,True,Yes,0.0,False,,100,2761.4803243,2.0,0.0,-102.0,-1.0
11143,Will Trump launch a coin before the election?,will-trump-launch-a-coin-before-the-election,502571,will-trump-launch-a-coin-before-the-election,No,0.01855899993053743,53882.213683,1000.0,1.9%,,,,,,,,,,2026-05-28 01:01:31 UTC,2024-10-16 15:36:53+00:00,2024-10-16 15:36:53 UTC,0x6f6aa8f0100664ffbcc681d6bdb16031ff65061756c0e5db5045e0ba8846b9e6,0x7cd2f2288e9c6e28bbc5c39caf298be846a8560c,True,Yes,0.0,False,,100,5388.2213683,2.0,0.0,-102.0,-1.0
11143,Will Trump launch a coin before the election?,will-trump-launch-a-coin-before-the-election,502571,will-trump-launch-a-coin-before-the-election,No,0.014392764791681858,69479.354,1000.0,1.4%,,,,,,,,,,2026-05-28 01:01:31 UTC,2024-10-16 14:42:51+00:00,2024-10-16 14:42:51 UTC,0xa68c09b2c43057ba16d06b2a7f171e24981a6c7ed18e20b8aec9d3968422168d,0x9fb9a766432dd02f40d5ebc0274ab8ca279005f5,True,Yes,0.0,False,,100,6947.935399999999,2.0,0.0,-102.0,-1.0
11143,Will Trump launch a coin before the election?,will-trump-launch-a-coin-before-the-election,502571,will-trump-launch-a-coin-before-the-election,No,0.015553079159729345,64295.95,1000.0,1.6%,,,,,,,,,,2026-05-28 01:01:31 UTC,2024-10-16 12:46:40+00:00,2024-10-16 12:46:40 UTC,0xe6a6b5640ca79a8af9b7b8599380122540ff5fd704a42d5151fa65a8b7f21bfc,0x606e67d64a602eefe82a1688237f096c97daf3be,True,Yes,0.0,False,,100,6429.595,2.0,0.0,-102.0,-1.0
11074,Fed increases interest rates by 25+ bps after July 2024 meeting?,fed-interest-rates-july-2024,502388,fed-increases-interest-rates-by-25-bps-after-july-2024-meeting,Yes,0.028718495747737903,34820.765293,1000.0,2.9%,,,,,,,,,,2026-05-28 01:01:32 UTC,2024-06-28 19:09:15+00:00,2024-06-28 19:09:15 UTC,0xa7853daca012011a6078c9f336c5d88dd0171bdb732e2baf574c0664a27ee73a,0x3158b1162db7a34ea48c59b9dc701a2f6099314e,True,No,0.0,False,,100,3482.0765293,2.0,0.0,-102.0,-1.0
11322,Will Biden finish his term?,will-biden-complete-his-term-as-president,503013,will-biden-complete-his-term-as-president,No,0.05,20000.0,1000.0,5.0%,,,,,,,,,,2026-05-28 01:01:34 UTC,2024-12-20 04:18:03+00:00,2024-12-20 04:18:03 UTC,0x2e6e4e5afe276dbb59f91cfc334de23701f0039a17e901bb2b80d61500a818fd,0x765bf2fc2e998c6134e07d985ec498bdc89c9a2f,True,Yes,0.0,False,,100,2000.0,2.0,0.0,-102.0,-1.0
11322,Will Biden finish his term?,will-biden-complete-his-term-as-president,503013,will-biden-complete-his-term-as-president,No,0.05,20000.0,1000.0,5.0%,,,,,,,,,,2026-05-28 01:01:34 UTC,2024-12-13 08:30:41+00:00,2024-12-13 08:30:41 UTC,0x795c0d85c4ddeeceea460a388a6609947dcc4212d3745459691b47d782a44087,0x235f77ec8ea6caea72a104fec2c41b55a3269eb4,True,Yes,0.0,False,,100,2000.0,2.0,0.0,-102.0,-1.0
11339,Will the US confirm that aliens exist in 2024?,will-the-us-confirm-that-aliens-exist-in-2024,503045,will-the-us-confirm-that-aliens-exist-in-2024,Yes,0.03402115316229595,29393.4775,1000.0,3.4%,,,,,,,,,,2026-05-28 01:01:35 UTC,2024-11-13 21:56:02+00:00,2024-11-13 21:56:02 UTC,0x1fd8935f87e10b019e7e558b128394cc672866b5a87d1641336b44896ded70aa,0x60b9acb3ae1aa69743b3deae6ae076b4be69f457,True,No,0.0,False,,100,2939.3477500000004,2.0,0.0,-102.0,-1.0
11322,Will Biden finish his term?,will-biden-complete-his-term-as-president,503013,will-biden-complete-his-term-as-president,No,0.08,12500.0,1000.0,8.0%,,,,,,,,,,2026-05-28 01:01:35 UTC,2024-11-10 22:03:04+00:00,2024-11-10 22:03:04 UTC,0xd40b81f5106cea35f245b83d4475cb46dcc7d9421f31ae82bca297c0e5910f7f,0x0b5d4717d3fa9cb28eabb0be93ef204ccc947e9e,True,Yes,0.0,False,,100,1250.0,2.0,0.0,-102.0,-1.0
11322,Will Biden finish his term?,will-biden-complete-his-term-as-president,503013,will-biden-complete-his-term-as-president,No,0.08,12500.0,1000.0,8.0%,,,,,,,,,,2026-05-28 01:01:35 UTC,2024-11-09 17:49:34+00:00,2024-11-09 17:49:34 UTC,0x69655816a0be0e01bd4b6fc3680b80a8bbada8ba49447a9c0363012aa82b019a,0x4c20e76d9215d92f3250b9a2ada664359b2e98ec,True,Yes,0.0,False,,100,1250.0,2.0,0.0,-102.0,-1.0
11322,Will Biden finish his term?,will-biden-complete-his-term-as-president,503013,will-biden-complete-his-term-as-president,No,0.08,12500.0,1000.0,8.0%,,,,,,,,,,2026-05-28 01:01:35 UTC,2024-11-08 22:58:20+00:00,2024-11-08 22:58:20 UTC,0xb243448b632b9ea26cf23f528d073fba9b8e13709a3c0fc02ae6092e5af7af19,0x576f9f8a5f7b417084ad7b607c08317e3af5b8e7,True,Yes,0.0,False,,100,1250.0,2.0,0.0,-102.0,-1.0
11322,Will Biden finish his term?,will-biden-complete-his-term-as-president,503013,will-biden-complete-his-term-as-president,No,0.0929090684082038,10763.212,1000.0,9.3%,,,,,,,,,,2026-05-28 01:01:35 UTC,2024-11-07 00:52:17+00:00,2024-11-07 00:52:17 UTC,0x46d9a4b499429442dfd1ca7720900f6e7ee4432721ff43a0023745c888d88c1d,0x576f9f8a5f7b417084ad7b607c08317e3af5b8e7,True,Yes,0.0,False,,100,1076.3211999999999,2.0,0.0,-102.0,-1.0
11321,Will Biden announce resignation by July 31?,will-biden-resign-by-july-31,503011,will-biden-resign-by-july-31,Yes,0.07270548884089802,13754.11975,1000.0,7.3%,,,,,,,,,,2026-05-28 01:01:36 UTC,2024-07-18 02:09:05+00:00,2024-07-18 02:09:05 UTC,0x1f00a4831d49b0d67d7fcdcd85e4d3f67613ec5bfae37b544795b4e72d3f68c6,0x90c7e657c649c91ecdbec4e1e91cd7a2ec2281f1,True,No,0.0,False,,100,1375.411975,2.0,0.0,-102.0,-1.0
11321,Will Biden announce resignation by July 31?,will-biden-resign-by-july-31,503011,will-biden-resign-by-july-31,Yes,0.09852216748768473,10150.0,1000.0,9.9%,,,,,,,,,,2026-05-28 01:01:36 UTC,2024-07-18 00:34:49+00:00,2024-07-18 00:34:49 UTC,0x7e60773cab1dda5e21234714d2529a881521d531bc0b202370270d1ddf7f3936,0x90c7e657c649c91ecdbec4e1e91cd7a2ec2281f1,True,No,0.0,False,,100,1015.0,2.0,0.0,-102.0,-1.0
11321,Will Biden announce resignation by July 31?,will-biden-resign-by-july-31,503011,will-biden-resign-by-july-31,Yes,0.0319091270946212,31338.9958,1000.0,3.2%,,,,,,,,,,2026-05-28 01:01:36 UTC,2024-07-13 23:11:15+00:00,2024-07-13 23:11:15 UTC,0xa0ecc9755f4079c48d04b3781b80f14901a4596e964e49badde515d5813ebfd1,0xa3879d46175ee77e8d921c906e08e79a3d6ee237,True,No,0.0,False,,100,3133.89958,2.0,0.0,-102.0,-1.0
11402,Biden removed via 25th Amendment?,biden-removed-via-25th-amendment-before-election,503219,biden-removed-via-25th-amendment-before-election,Yes,0.05950470249300009,16805.3945,1000.0,6.0%,,,,,,,,,,2026-05-28 01:01:39 UTC,2024-08-05 10:30:38+00:00,2024-08-05 10:30:38 UTC,0xe6ec056603e3b642cac04679bb7d070e443ae61265d8180b57fa77381e480760,0x7bb7bdb1c890f76416d38e7e8dc9a8a58e616e92,True,No,0.0,False,,100,1680.53945,2.0,0.0,-102.0,-1.0
11385,Will Mark Kelly be the 2024 Democratic VP nominee?,democratic-vp-nominee,503228,will-mark-kelly-be-the-2024-democratic-vp-nominee,Yes,0.07245805941847082,13801.08725,1000.0,7.2%,,,,,,,,,,2026-05-28 01:01:40 UTC,2024-08-01 10:35:03+00:00,2024-08-01 10:35:03 UTC,0x1ae29b4bb7cd05229636a4531bb552a769f892923b517e05d2a32aa019fe2dd2,0xf85fa31a58fcce6c00b5af806a598b1600329800,True,No,0.0,False,,100,1380.108725,2.0,0.0,-102.0,-1.0
11385,Will Tim Walz be the 2024 Democratic VP nominee?,democratic-vp-nominee,503191,will-tim-walz-be-the-2024-democratic-vp-nominee,Yes,0.08333333333333333,12000.0,1000.0,8.3%,,,,,,,,,,2026-05-28 01:01:40 UTC,2024-07-31 01:51:38+00:00,2024-07-31 01:51:38 UTC,0xb0f47ff4966cecc8b6caeaf039ba26da18ea8dae52741a1a2a20d902e58f657c,0x15cfecb4b90981516f40f73f089ae4c637b59860,True,Yes,0.0,True,,100,1200.0,2.0,1200.0,1098.0,10.764705882352942
11385,Will Andy Beshear be the 2024 Democratic VP nominee?,democratic-vp-nominee,503190,will-andy-beshear-be-the-2024-democratic-vp-nominee,Yes,0.0603932088591553,16558.153125,1000.0,6.0%,,,,,,,,,,2026-05-28 01:01:40 UTC,2024-07-30 15:27:02+00:00,2024-07-30 15:27:02 UTC,0x67c2a202f0589f6c53b72062eba9654184a800dd2550f9fde2b859bc152e84b2,0x542aae10712e812bd71d792861ec5a570aa8a81b,True,No,0.0,False,,100,1655.8153125,2.0,0.0,-102.0,-1.0
11385,Will Roy Cooper be the 2024 Democratic VP nominee?,democratic-vp-nominee,503189,will-roy-cooper-be-the-2024-democratic-vp-nominee,Yes,0.06550255525468049,15266.58,1000.0,6.6%,,,,,,,,,,2026-05-28 01:01:42 UTC,2024-07-28 18:20:24+00:00,2024-07-28 18:20:24 UTC,0xde645a718df23c25ccabdffd5403064313432f4cd0e1a85e7ebfb9a22a588b2b,0x3762b49d376b985101eaf27e1fc7bb037630498a,True,No,0.0,False,,100,1526.658,2.0,0.0,-102.0,-1.0
11385,Will Gretchen Whitmer be the 2024 Democratic VP nominee?,democratic-vp-nominee,503176,will-gretchen-whitmer-be-the-2024-democratic-vp-nominee,Yes,0.048547444205963755,20598.4067,1000.0,4.9%,,,,,,,,,,2026-05-28 01:01:42 UTC,2024-07-22 16:33:13+00:00,2024-07-22 16:33:13 UTC,0xd6c85adc19161450601e6990fd9614742c441a543d79a04a27540dcafa803651,0x34d9fa1062def79dca8c85c6dc2640e6b152c8b1,True,No,0.0,False,,100,2059.84067,2.0,0.0,-102.0,-1.0
11536,RFK Jr. endorses Trump in August?,rfk-jr-endorses-trump,503535,rfk-jr-endorses-trump,No,0.026620531510856252,37564.99,1000.0,2.7%,,,,,,,,,,2026-05-28 01:01:49 UTC,2024-08-24 04:12:53+00:00,2024-08-24 04:12:53 UTC,0x014d6748694210a8d8173b85d075b46fc734c7672b249ae8a6a097a080cea615,0x59e3d0dfe10347645b5df0ea6b7d349f5a4271d5,True,Yes,0.0,False,,100,3756.499,2.0,0.0,-102.0,-1.0
11639,Will Biden resign before the election?,biden-resigns-from-presidency-before-election,503972,biden-resigns-from-presidency-before-election,Yes,0.01,100000.0,1000.0,1.0%,,,,,,,,,,2026-05-28 01:01:51 UTC,2024-10-18 19:08:47+00:00,2024-10-18 19:08:47 UTC,0x16f371edda1861fa1c1b09f750321d600fd17567dfb64ef0de5d63e897eddaea,0x8489a6516b550e1098d5f7a4efdbcf5bb436208d,True,No,0.0,False,,100,10000.0,2.0,0.0,-102.0,-1.0
11669,Kamala president by Friday?,kamala-president-by-friday,504021,kamala-president-by-friday,Yes,0.039231649709701485,25489.624,1000.0,3.9%,,,,,,,,,,2026-05-28 01:01:53 UTC,2024-07-25 00:04:19+00:00,2024-07-25 00:04:19 UTC,0xb009e1241bef70fc90c9ea01c7724066e2b01469ee3197f865927f38211686e7,0x93b33614739613d8faba18b027da20d5074b6436,True,No,0.0,False,,100,2548.9624,2.0,0.0,-102.0,-1.0
11696,No change in Fed interest rates after 2024 September meeting?,fed-interest-rates-september-2024,504071,no-change-in-fed-interest-rates-after-2024-september-meeting,Yes,0.015776730823872282,63384.487646,1000.0,1.6%,,,,,,,,,,2026-05-28 01:01:54 UTC,2024-09-18 15:24:11+00:00,2024-09-18 15:24:11 UTC,0x975b847f4621dd09725b19edf45ce467f4f3bc521fe0d257634ba409112d91b8,0x5421ea324a58fded74d74a16587b5978f1b7b7a8,True,No,0.0,False,,100,6338.4487646,2.0,0.0,-102.0,-1.0
11696,No change in Fed interest rates after 2024 September meeting?,fed-interest-rates-september-2024,504071,no-change-in-fed-interest-rates-after-2024-september-meeting,Yes,0.0189007493305686,52907.955262,1000.0,1.9%,,,,,,,,,,2026-05-28 01:01:54 UTC,2024-09-15 22:51:45+00:00,2024-09-15 22:51:45 UTC,0x6a17ce5476488b97ee1b5b47f038210c395025d21ad0b37be378ba30749db385,0x410005f9ad15667d651f1175e85f79ceb6f40609,True,No,0.0,False,,100,5290.7955262,2.0,0.0,-102.0,-1.0
11696,No change in Fed interest rates after 2024 September meeting?,fed-interest-rates-september-2024,504071,no-change-in-fed-interest-rates-after-2024-september-meeting,Yes,0.018830890319769835,53104.233683,1000.0,1.9%,,,,,,,,,,2026-05-28 01:01:54 UTC,2024-09-15 16:28:25+00:00,2024-09-15 16:28:25 UTC,0x4c7204e5f5eb9b6e93c7ec4f29d83d8e5b7b49305bc850dccfad9bbee9d3329b,0x410005f9ad15667d651f1175e85f79ceb6f40609,True,No,0.0,False,,100,5310.4233683,2.0,0.0,-102.0,-1.0
11696,No change in Fed interest rates after 2024 September meeting?,fed-interest-rates-september-2024,504071,no-change-in-fed-interest-rates-after-2024-september-meeting,Yes,0.019749147903264565,50635.096,1000.0,2.0%,,,,,,,,,,2026-05-28 01:01:54 UTC,2024-09-13 08:38:18+00:00,2024-09-13 08:38:18 UTC,0x142e7ea7102a48ebd875247a8a383ad3308c7407ccab77de3d301e610d3d1d98,0x2373809dadc2c73d05038df89e9399560f445b7f,True,No,0.0,False,,100,5063.5096,2.0,0.0,-102.0,-1.0
11696,No change in Fed interest rates after 2024 September meeting?,fed-interest-rates-september-2024,504071,no-change-in-fed-interest-rates-after-2024-september-meeting,Yes,0.020107171222616547,49733.5,1000.0,2.0%,,,,,,,,,,2026-05-28 01:01:55 UTC,2024-09-12 18:38:46+00:00,2024-09-12 18:38:46 UTC,0xb809f3b878438adee2bbfc072e44f7a27906e416cff3d053cf2d7027bf367fc1,0x410005f9ad15667d651f1175e85f79ceb6f40609,True,No,0.0,False,,100,4973.349999999999,2.0,0.0,-102.0,-1.0
11696,No change in Fed interest rates after 2024 September meeting?,fed-interest-rates-september-2024,504071,no-change-in-fed-interest-rates-after-2024-september-meeting,Yes,0.0241171925774227,41464.196,1000.0,2.4%,,,,,,,,,,2026-05-28 01:01:55 UTC,2024-09-12 18:06:46+00:00,2024-09-12 18:06:46 UTC,0xeae91c836ebfa190cb5b6960dda271dcb2d24c5a805e4f6af476da7ff8a64f3d,0x410005f9ad15667d651f1175e85f79ceb6f40609,True,No,0.0,False,,100,4146.4196,2.0,0.0,-102.0,-1.0
11696,No change in Fed interest rates after 2024 September meeting?,fed-interest-rates-september-2024,504071,no-change-in-fed-interest-rates-after-2024-september-meeting,Yes,0.025702474325798395,38906.76,1000.0,2.6%,,,,,,,,,,2026-05-28 01:01:55 UTC,2024-09-08 21:36:54+00:00,2024-09-08 21:36:54 UTC,0x342b8e9355d97e4974e9d29ade325d9daa2263fa5ff279a7ea42cb9e1d99610f,0x2373809dadc2c73d05038df89e9399560f445b7f,True,No,0.0,False,,100,3890.6760000000004,2.0,0.0,-102.0,-1.0
11696,No change in Fed interest rates after 2024 September meeting?,fed-interest-rates-september-2024,504071,no-change-in-fed-interest-rates-after-2024-september-meeting,Yes,0.02846255361135442,35133.882,1000.0,2.8%,,,,,,,,,,2026-05-28 01:01:55 UTC,2024-09-06 22:23:00+00:00,2024-09-06 22:23:00 UTC,0x8dbf1e3f806d049068b604cab628e419b6e1e0fb130dad31be41260692e80f57,0x2373809dadc2c73d05038df89e9399560f445b7f,True,No,0.0,False,,100,3513.3882,2.0,0.0,-102.0,-1.0
11696,No change in Fed interest rates after 2024 September meeting?,fed-interest-rates-september-2024,504071,no-change-in-fed-interest-rates-after-2024-september-meeting,Yes,0.02861974360487536,34940.914,1000.0,2.9%,,,,,,,,,,2026-05-28 01:01:55 UTC,2024-09-06 13:22:02+00:00,2024-09-06 13:22:02 UTC,0x2668d1a84976228ba5c91f76d30f21da773394fa724effc173420d4def583926,0x2373809dadc2c73d05038df89e9399560f445b7f,True,No,0.0,False,,100,3494.0914000000002,2.0,0.0,-102.0,-1.0
11696,No change in Fed interest rates after 2024 September meeting?,fed-interest-rates-september-2024,504071,no-change-in-fed-interest-rates-after-2024-september-meeting,Yes,0.048031918554773366,20819.489,1000.0,4.8%,,,,,,,,,,2026-05-28 01:01:55 UTC,2024-08-15 08:11:59+00:00,2024-08-15 08:11:59 UTC,0x5b44f348512524d2b4e4157797028a8b828722bc984572f722db94cb7208bef0,0xde51908ccc8cd1952818cda97383cdaeab7c428b,True,No,0.0,False,,100,2081.9489,2.0,0.0,-102.0,-1.0
11798,Will Kamala Harris drop out of presidential race?,will-kamala-drop-out-before-election,504400,will-kamala-drop-out-before-election,Yes,0.04185578505547566,23891.56,1000.0,4.2%,,,,,,,,,,2026-05-28 01:01:58 UTC,2024-09-09 02:59:51+00:00,2024-09-09 02:59:51 UTC,0xc1c670553a60d7cfa5e8a0c1a0b034a67caf212695c278bb2e81f94648d644d9,0x6fa718cf10811fcca5a3f2e0189911405967320a,True,No,0.0,False,,100,2389.156,2.0,0.0,-102.0,-1.0
11798,Will Kamala Harris drop out of presidential race?,will-kamala-drop-out-before-election,504400,will-kamala-drop-out-before-election,Yes,0.03871935053331049,25826.879486,1000.0,3.9%,,,,,,,,,,2026-05-28 01:01:58 UTC,2024-09-06 13:40:08+00:00,2024-09-06 13:40:08 UTC,0x5cf353eb0e5159fd80f53a8fc545a99068b8e75e9f98ef66a755c7df1a146d44,0x6fa718cf10811fcca5a3f2e0189911405967320a,True,No,0.0,False,,100,2582.6879486000003,2.0,0.0,-102.0,-1.0
11798,Will Kamala Harris drop out of presidential race?,will-kamala-drop-out-before-election,504400,will-kamala-drop-out-before-election,Yes,0.03804072682058211,26287.6155,1000.0,3.8%,,,,,,,,,,2026-05-28 01:01:58 UTC,2024-08-29 18:48:06+00:00,2024-08-29 18:48:06 UTC,0x51f36b0ed09be6efc6eece9a4e918b192108ab45c28534640610c75144a978aa,0x68aeb2c54a6009c7e10316411e9bfe3e259d1781,True,No,0.0,False,,100,2628.7615499999997,2.0,0.0,-102.0,-1.0
11878,Fed decreases interest rates by 50 bps after December 2024 meeting?,fed-interest-rates-december-2024,504585,fed-decreases-interest-rates-by-50-bps-after-december-2024-meeting,Yes,0.055808374854149405,17918.457626,1000.0,5.6%,,,,,,,,,,2026-05-28 01:02:03 UTC,2024-11-07 21:14:54+00:00,2024-11-07 21:14:54 UTC,0xc846322ce82ff97be3de0b4775af2dc99777ed50522e6607d0b58135eebbc487,0xe3fe3226f98a0da08b76aba400ef1a05fa0a27ba,True,No,0.0,False,,100,1791.8457626,2.0,0.0,-102.0,-1.0
11960,Election certified on January 6?,us-presidential-election-certified-on-january-6,504830,us-presidential-election-certified-on-january-6,No,0.02,50000.0,1000.0,2.0%,,,,,,,,,,2026-05-28 01:02:06 UTC,2024-12-29 22:51:49+00:00,2024-12-29 22:51:49 UTC,0x55883674ed0e8bb1dea27aa480653e1bee8c296799208fe6d0e5173285b89a4e,0xc3c60a0d58566666f2441be7f0263b42e1a3ebef,True,Yes,0.0,False,,100,5000.0,2.0,0.0,-102.0,-1.0
11910,GOP wins popular vote by 3-4%?,popular-vote-margin-of-victory-in-presidential-election,504677,gop-wins-popular-vote-by-3-4,Yes,0.04710049361317307,21231.2,1000.0,4.7%,,,,,,,,,,2026-05-28 01:02:06 UTC,2024-11-04 19:15:23+00:00,2024-11-04 19:15:23 UTC,0x91ede22869ab05ff59324ab0a21917906df85b89734d4ccfaf5983d8036a932b,0x5ba14fa6711907d8f34b7903a94fb533a0c61171,True,No,0.0,False,,100,2123.12,2.0,0.0,-102.0,-1.0
11910,Democrats win popular vote by 5-6%?,popular-vote-margin-of-victory-in-presidential-election,504704,democrats-win-popular-vote-by-5-6,Yes,0.05,20000.0,1000.0,5.0%,,,,,,,,,,2026-05-28 01:02:06 UTC,2024-10-29 23:36:50+00:00,2024-10-29 23:36:50 UTC,0x7b8ab140940adbacf8fbb34cb6b02b019cfbfd20e65260f455aea61e3fecdfcb,0x991e631ce8ed39795d5935a78c9b0cf118c78ffb,True,No,0.0,False,,100,2000.0,2.0,0.0,-102.0,-1.0
11887,Tim Walz replaced as Democratic VP nominee?,tim-walz-out-as-democratic-vp-nominee,504598,tim-walz-out-as-democratic-vp-nominee,Yes,0.02,50000.0,1000.0,2.0%,,,,,,,,,,2026-05-28 01:02:08 UTC,2024-10-12 21:25:47+00:00,2024-10-12 21:25:47 UTC,0xfc9e1bc210f217ecd49dc55f37d41d9437df0fa09d70c42590b53505057ac56c,0x8be44e0d22b30f567d8e65645a8a01a167bb49e2,True,No,0.0,False,,100,5000.0,2.0,0.0,-102.0,-1.0
11910,GOP wins popular vote by 4-5%?,popular-vote-margin-of-victory-in-presidential-election,504676,gop-wins-popular-vote-by-4-5,Yes,0.025005381873333062,39991.390856,1000.0,2.5%,,,,,,,,,,2026-05-28 01:02:08 UTC,2024-10-09 12:56:15+00:00,2024-10-09 12:56:15 UTC,0x7dad3255e3b3d1341c05bded9fbc1edb9aab32dceecd0e4e8361bdd154af9b30,0xcc360999addbce2b843a6ee752aa01439f928bbf,True,No,0.0,False,,100,3999.1390856000003,2.0,0.0,-102.0,-1.0
11910,GOP wins popular vote by 7% or more?,popular-vote-margin-of-victory-in-presidential-election,504666,gop-wins-popular-vote-by-more-than-7,Yes,0.019149932339140214,52219.505651,1000.0,1.9%,,,,,,,,,,2026-05-28 01:02:08 UTC,2024-10-09 12:54:57+00:00,2024-10-09 12:54:57 UTC,0x9bb7fd906ecd7e68b547cb64d66ecef8ad72a31520fb24abd68e59b9d0e0832f,0xcc360999addbce2b843a6ee752aa01439f928bbf,True,No,0.0,False,,100,5221.9505651,2.0,0.0,-102.0,-1.0
11910,Democrats win popular vote by 4-5%?,popular-vote-margin-of-victory-in-presidential-election,504703,democrats-win-popular-vote-by-4-5,Yes,0.09649463924031701,10363.27,1000.0,9.6%,,,,,,,,,,2026-05-28 01:02:08 UTC,2024-09-12 22:04:25+00:00,2024-09-12 22:04:25 UTC,0x0d8e9f2ae4c8b7b4a22c3ca46e43909c84904ce88e29bb9113e59ff96ff67c4d,0xb1d1fc4a5dacc36e102e936e15303a6ee1791e37,True,No,0.0,False,,100,1036.327,2.0,0.0,-102.0,-1.0
11906,Kamala Harris replaced as nominee at DNC?,kamala-swap-at-dnc,504653,kamala-swap-at-dnc,Yes,0.01238797246797895,80723.46,1000.0,1.2%,,,,,,,,,,2026-05-28 01:02:10 UTC,2024-08-19 02:49:08+00:00,2024-08-19 02:49:08 UTC,0x8ce568a586d5133243746fbea00081b9232200bd5762f2e3fa625487be73a7fa,0x93b33614739613d8faba18b027da20d5074b6436,True,No,0.0,False,,100,8072.346,2.0,0.0,-102.0,-1.0
11895,"Will Trump say ""Tesla"" during Elon interview?",what-will-trump-say-during-elon-interview,504636,will-trump-say-tesla-during-elon-interview,Yes,0.09973625744082348,10026.444,1000.0,10.0%,595.5976,595.5976,,,,,,1.678986,,2026-05-28 01:02:10 UTC,2024-08-13 02:26:18+00:00,2024-08-13 02:26:18 UTC,0x0068179c057cbded514410a86e3e471a9e196787d97d17e1bc68f0e2a204baab,0x0c76bb6badeef7b06f47294fc52d0a91da8db96e,True,No,0.0,False,,100,1002.6444,2.0,0.0,-102.0,-1.0
11974,Kamala Harris blowout victory?,kamala-harris-blowout-victory,504898,kamala-harris-blowout-victory,Yes,0.08,12500.0,1000.0,8.0%,,,,,,,,,,2026-05-28 01:02:13 UTC,2024-10-28 18:50:13+00:00,2024-10-28 18:50:13 UTC,0x4f6da432c71c6a224bf9c98a32bf6cbfad7bce6f0e43792ab6ccacde89fec02f,0x51cb4211551723b5e722c45a69245cafdc5478ec,True,No,0.0,False,,100,1250.0,2.0,0.0,-102.0,-1.0
12088,"Will Kamala Harris say ""Jew"" during DNC speech?",what-will-kamala-say-during-acceptance-speech,505253,will-kamala-harris-say-jew-during-dnc-speech,Yes,0.09604101089464256,10412.2186,1000.0,9.6%,,,,,,,,,,2026-05-28 01:02:20 UTC,2024-08-22 23:26:45+00:00,2024-08-22 23:26:45 UTC,0x61423e376bc2ed6dbf0f23cf3283707f4eb69f7a29035e185dfa1e00fd8639d3,0x8a458670dd167dc112a9ff1241c9a6dd5f424a71,True,No,0.0,False,,100,1041.22186,2.0,0.0,-102.0,-1.0
12069,"Will Trump say ""Crypto"" at his rally?",what-will-trump-say-during-saturday-rally,505193,will-trump-say-crypto-at-his-rally,Yes,0.09579070726685547,10439.426,1000.0,9.6%,,,,,,,,,,2026-05-28 01:02:20 UTC,2024-08-17 12:50:41+00:00,2024-08-17 12:50:41 UTC,0x90e11bb7247ca0f15ff16a7ec087ef1393e3d9db289ef2309099c61a6d3cadb7,0xadc4f82833b81fb8fd1b10217db4ca8affe29e02,True,No,0.0,False,,100,1043.9426,2.0,0.0,-102.0,-1.0
12221,Favorite to win on Polymarket on Friday?,favorite-to-win-on-polymarket-this-friday,505809,favorite-to-win-on-polymarket-this-friday,Kamala,0.05,20000.0,1000.0,5.0%,,,,,,,,,,2026-05-28 01:02:32 UTC,2024-09-05 15:51:25+00:00,2024-09-05 15:51:25 UTC,0xb4bb0d7950a3e25affb807c3c6ae8370c6d24ea5f960c6cc787287f8409f71f4,0xfe4a60f991f8a488bf395a4af2b2bfd38453ac42,True,Trump,0.0,False,,100,2000.0,2.0,0.0,-102.0,-1.0
12327,Will there be a US Government shutdown? ,us-government-shutdown-before-2025,506202,us-government-shutdown-before-2025,No,0.019019821415593118,52576.7292,1000.0,1.9%,,,,,,,,,,2026-05-28 01:02:35 UTC,2024-12-22 22:49:12+00:00,2024-12-22 22:49:12 UTC,0x7c11b9ec7b498547424aa5e547167f9008d0fba36f36bfdc85e24c65fcaea40a,0x3421306ace4a6a112a97552ee99a3fea4f6ae48e,True,Yes,0.0,False,,100,5257.67292,2.0,0.0,-102.0,-1.0
12327,Will there be a US Government shutdown? ,us-government-shutdown-before-2025,506202,us-government-shutdown-before-2025,No,0.020900767544920602,47845.132857,1000.0,2.1%,,,,,,,,,,2026-05-28 01:02:35 UTC,2024-12-21 08:30:43+00:00,2024-12-21 08:30:43 UTC,0x61887239b89c4e9b9da3ceb272016f851eecb59ac6bc25c3dad04139007e04a5,0x77095b5644cdc913826a3529f7231ef2e1a15852,True,Yes,0.0,False,,100,4784.5132857,2.0,0.0,-102.0,-1.0
12327,Will there be a US Government shutdown? ,us-government-shutdown-before-2025,506202,us-government-shutdown-before-2025,No,0.0239866641822879,41689.832,1000.0,2.4%,,,,,,,,,,2026-05-28 01:02:35 UTC,2024-12-21 04:38:36+00:00,2024-12-21 04:38:36 UTC,0x46d451c94af0698da205e46f8792c93a1f409243a15201cbc46709ed2098998b,0xeecab1d35be7478c1a67ee58d4ed83e2a9cd9826,True,Yes,0.0,False,,100,4168.9832,2.0,0.0,-102.0,-1.0
12508,Will there be another debate?,will-there-be-another-debate,506807,will-there-be-another-debate,Yes,0.04938283408045281,20249.9516,1000.0,4.9%,,,,,,,,,,2026-05-28 01:02:39 UTC,2024-10-18 02:26:20+00:00,2024-10-18 02:26:20 UTC,0x8cc621e6538ce91514b338b2ce1b25bd2a379ace41fc24b665bd7db4f8afe34d,0x653a0d59592692a966bc1023b941fa14cb91bb03,True,No,0.0,False,,100,2024.9951600000002,2.0,0.0,-102.0,-1.0
12641,TikTok banned in the US before May 2025?,tiktok-banned-in-the-us-before-may-2025,507276,tiktok-banned-in-the-us-before-may-2025,No,0.012000000000192,83333.333332,1000.0,1.2%,,,,,,,,,,2026-05-28 01:02:43 UTC,2025-01-21 14:26:24+00:00,2025-01-21 14:26:24 UTC,0xd1fc17631254a3b11c0d5f138b6d50d2461b5b1ce80953c0caae62ee83a11b0b,0x6ed913ba70f0f5dbcbd6648f2044718bb96bfebf,True,Yes,0.0,False,,100,8333.3333332,2.0,0.0,-102.0,-1.0
12641,TikTok banned in the US before May 2025?,tiktok-banned-in-the-us-before-may-2025,507276,tiktok-banned-in-the-us-before-may-2025,No,0.0228015466927565,43856.674,1000.0,2.3%,,,,,,,,,,2026-05-28 01:02:43 UTC,2025-01-20 13:52:55+00:00,2025-01-20 13:52:55 UTC,0x7f11973c0f715ec59a2a58342bbabef2f31f39acbb3c706805ae055c0783ff0b,0x1c711a93e658274b5a092bc466c35d1317605176,True,Yes,0.0,False,,100,4385.6674,2.0,0.0,-102.0,-1.0
12641,TikTok banned in the US before May 2025?,tiktok-banned-in-the-us-before-may-2025,507276,tiktok-banned-in-the-us-before-may-2025,No,0.015438761496377256,64772.035,1000.0,1.5%,,,,,,,,,,2026-05-28 01:02:43 UTC,2025-01-20 06:40:30+00:00,2025-01-20 06:40:30 UTC,0xdeef8834f4dacfc0e33012a2391dc6d19bfc15787a7e6cf72d2f6ab3e6c79080,0x716f28329a2b9c2001a050c759793974c0de9798,True,Yes,0.0,False,,100,6477.2035000000005,2.0,0.0,-102.0,-1.0
12641,TikTok banned in the US before May 2025?,tiktok-banned-in-the-us-before-may-2025,507276,tiktok-banned-in-the-us-before-may-2025,No,0.01401823213166309,71335.671332,1000.0,1.4%,,,,,,,,,,2026-05-28 01:02:43 UTC,2025-01-20 03:56:51+00:00,2025-01-20 03:56:51 UTC,0x29e48ed05224d4e3df7a4b0b01f3b19a4c429aded8775f2f934a08a6f9beb570,0xa2a70378a0bd0e941520cd9535a64f05b3d62a61,True,Yes,0.0,False,,100,7133.5671332,2.0,0.0,-102.0,-1.0
12641,TikTok banned in the US before May 2025?,tiktok-banned-in-the-us-before-may-2025,507276,tiktok-banned-in-the-us-before-may-2025,No,0.07883965063627935,12683.973,1000.0,7.9%,,,,,,,,,,2026-05-28 01:02:43 UTC,2025-01-19 18:13:39+00:00,2025-01-19 18:13:39 UTC,0xe1a3c649039c586ea70b3d0a2c9201babe7f178621fda1f8dfe36c8ee6c16c2b,0x21f07ca3119b332715e085adab14abcdbff99d28,True,Yes,0.0,False,,100,1268.3972999999999,2.0,0.0,-102.0,-1.0
12641,TikTok banned in the US before May 2025?,tiktok-banned-in-the-us-before-may-2025,507276,tiktok-banned-in-the-us-before-may-2025,No,0.03919794190422073,25511.5435,1000.0,3.9%,,,,,,,,,,2026-05-28 01:02:43 UTC,2025-01-19 16:06:29+00:00,2025-01-19 16:06:29 UTC,0x43aa08aba61a843de53406ff5cc2cc7cd47b22ebd68b0e1d6dfaa5eb7330be90,0x44aed3113b0591a64da31898c41cec87d330a0df,True,Yes,0.0,False,,100,2551.15435,2.0,0.0,-102.0,-1.0
12603,Russia x Ukraine Ceasefire in 2024?,russia-x-ukraine-ceasefire-in-2024,507115,russia-x-ukraine-ceasefire-in-2024,Yes,0.09839872071823194,10162.73375,1000.0,9.8%,,,,,,,,,,2026-05-28 01:02:44 UTC,2024-12-09 15:55:28+00:00,2024-12-09 15:55:28 UTC,0x832ff2969d1e6eb36d379a7ffc78df358a51f32cf6cf49d6271ffc88eaa0f50d,0x840a06e74bdaa2f8d91e70ef335525076560c5ae,True,No,0.0,False,,100,1016.273375,2.0,0.0,-102.0,-1.0
12603,Russia x Ukraine Ceasefire in 2024?,russia-x-ukraine-ceasefire-in-2024,507115,russia-x-ukraine-ceasefire-in-2024,Yes,0.061033750890517595,16384.377257,1000.0,6.1%,,,,,,,,,,2026-05-28 01:02:44 UTC,2024-12-09 15:07:48+00:00,2024-12-09 15:07:48 UTC,0xc4678087c76750d3a71f53f48d9b7526743c66d8e96bd01e0968d17748d7e23a,0x840a06e74bdaa2f8d91e70ef335525076560c5ae,True,No,0.0,False,,100,1638.4377257,2.0,0.0,-102.0,-1.0
12603,Russia x Ukraine Ceasefire in 2024?,russia-x-ukraine-ceasefire-in-2024,507115,russia-x-ukraine-ceasefire-in-2024,Yes,0.04787889550474147,20886.029,1000.0,4.8%,,,,,,,,,,2026-05-28 01:02:44 UTC,2024-12-02 10:01:00+00:00,2024-12-02 10:01:00 UTC,0x6e539513d00a988fbd7a02aa7bfd67f742d3f446b031986ef16448730ae4e44d,0xc3302d55c75dc4c0ac333bc358bf7161bea6e9f8,True,No,0.0,False,,100,2088.6029000000003,2.0,0.0,-102.0,-1.0
12603,Russia x Ukraine Ceasefire in 2024?,russia-x-ukraine-ceasefire-in-2024,507115,russia-x-ukraine-ceasefire-in-2024,Yes,0.06682039232484135,14965.4913,1000.0,6.7%,,,,,,,,,,2026-05-28 01:02:44 UTC,2024-11-30 11:05:49+00:00,2024-11-30 11:05:49 UTC,0x59989d16defa7ec302f7bd172d58b5ce0e8b3ea6bd9020537bef08730485cbe0,0xbfdb8e547ff9354363f9110f347ec44433bb09e6,True,No,0.0,False,,100,1496.5491299999999,2.0,0.0,-102.0,-1.0
12623,Will the Republican candidate win Pennsylvania by 0.5%-1.0%? ,pennsylvania-margin-of-victory,507234,will-the-republican-candidate-win-pennsylvania-by-0pt5-1pt0,Yes,0.08656172500205585,11552.45,1000.0,8.7%,,,,,,,,,,2026-05-28 01:02:44 UTC,2024-10-03 04:05:20+00:00,2024-10-03 04:05:20 UTC,0x49fb5d5b78a0d207e2788b84415ce190451d6e07bfe7c166e3487d4ea446daf3,0x8ca5712e00cd8bab6d0accab3d8b524668e976bf,True,No,0.0,False,,100,1155.245,2.0,0.0,-102.0,-1.0
12623,Will the Democratic candidate win Pennsylvania by 0.5%-1%?,pennsylvania-margin-of-victory,507237,will-the-democratic-candidate-win-pennsylvania-by-0pt5-1,Yes,0.0798409090047172,12524.9075,1000.0,8.0%,,,,,,,,,,2026-05-28 01:02:44 UTC,2024-10-03 04:05:02+00:00,2024-10-03 04:05:02 UTC,0x741b940a0268b34b91df5660628b94b66d7a9a5c76381e3d0bcbf65021bdf92d,0x8ca5712e00cd8bab6d0accab3d8b524668e976bf,True,No,0.0,False,,100,1252.49075,2.0,0.0,-102.0,-1.0
12623,Will the Republican candidate win Pennsylvania by 0%-0.5%?,pennsylvania-margin-of-victory,507235,will-the-republican-candidate-win-pennsylvania-by-0-0pt5,Yes,0.09356368838164479,10687.907,1000.0,9.4%,,,,0,0.0,0.0,0.0,,,2026-05-28 01:02:44 UTC,2024-10-02 21:50:23+00:00,2024-10-02 21:50:23 UTC,0xbcd20fbe81f56a4f2d3dcbd465cd1aaddf5ab2e89ad8a3de874c39d416ca00f7,0x8ca5712e00cd8bab6d0accab3d8b524668e976bf,True,No,0.0,False,,100,1068.7907,2.0,0.0,-102.0,-1.0
12606,"Will Donald Trump say ""Taylor Swift"" during his Uniondale rally?",what-will-trump-say-during-new-york-rally,507211,will-donald-trump-say-taylor-swift-during-his-uniondale-rally,Yes,0.09363900851272226,10679.31,1000.0,9.4%,,,,,,,,,,2026-05-28 01:02:46 UTC,2024-09-18 20:34:06+00:00,2024-09-18 20:34:06 UTC,0x0c8cf4661577556608205200fbd3c1ab8ca8ffcfaa4119a3f07f07e2e28dceef,0x5e4362d50f981dea3250d4a2b764315ac7870f92,True,No,0.0,False,,100,1067.931,2.0,0.0,-102.0,-1.0
12700,Israeli forces enters Lebanon in September?,israeli-forces-enters-lebanon-in-september,507472,israeli-forces-enters-lebanon-in-september,No,0.03117153304639027,32080.552423,1000.0,3.1%,,,,,,,,,,2026-05-28 01:02:47 UTC,2024-10-02 13:35:46+00:00,2024-10-02 13:35:46 UTC,0x2408a82e6db35c2f8842396e75dc016ae97cef477a10f058a423a0b39c90f99c,0x1e29756e7b63827cafb9cd39caa55eee77e5740f,True,Yes,0.0,False,,100,3208.0552423,2.0,0.0,-102.0,-1.0
12795,Israel x Hezbollah Ceasefire in 2024?,israel-x-hezbollah-ceasefire-in-2024,507792,israel-x-hezbollah-ceasefire-in-2024,No,0.016619447882730252,60170.470587,1000.0,1.7%,,,,,,,,,,2026-05-28 01:02:49 UTC,2024-11-30 04:15:26+00:00,2024-11-30 04:15:26 UTC,0x372dde1b91a7af3fac68d2ac3713c1e81c2787cdb736717eb405960f5b618736,0xc360d21ee29dfa4635ad8af3013131adbda70c46,True,Yes,0.0,False,,100,6017.047058699999,2.0,0.0,-102.0,-1.0
12795,Israel x Hezbollah Ceasefire in 2024?,israel-x-hezbollah-ceasefire-in-2024,507792,israel-x-hezbollah-ceasefire-in-2024,No,0.01442831426242039,69308.166,1000.0,1.4%,,,,,,,,,,2026-05-28 01:02:49 UTC,2024-11-28 18:29:45+00:00,2024-11-28 18:29:45 UTC,0x3c6294c8e6da04ddbc572fc25facaf90fa5717ca98024776fc03f0a79a909645,0xa2f8187bddea4b4e434a4098bb80c7063de65fd1,True,Yes,0.0,False,,100,6930.8166,2.0,0.0,-102.0,-1.0
13272,Will Trump win 2 swing states?,how-many-swing-states-will-trump-win,509224,will-trump-win-2-swing-states,Yes,0.08304689076593316,12041.39,1000.0,8.3%,,,,,,,,,,2026-05-28 01:02:56 UTC,2024-11-01 22:09:19+00:00,2024-11-01 22:09:19 UTC,0x636f6e0eac83b414072d0a802dff55a484da1114a859890997fdea7443182684,0xb137c7b51080da71dd68ba59dab1b481b18a66c8,True,No,0.0,False,,100,1204.1390000000001,2.0,0.0,-102.0,-1.0
13431,Israel military action against Iraq before November?,israel-military-action-against-iraq-before-november,509855,israel-military-action-against-iraq-before-november,No,0.015593688766669814,64128.508332,1000.0,1.6%,,,,,,,,,,2026-05-28 01:02:59 UTC,2024-10-28 21:01:55+00:00,2024-10-28 21:01:55 UTC,0x0302d63cc2c01684ab62887e9826c097a3ca9b5ef6126110cf0ee22cb1384089,0x3dcf64693857412148f78a7204a9abd968780ebe,True,Yes,0.0,False,,100,6412.8508332,2.0,0.0,-102.0,-1.0
14023,Will Donald Trump be inaugurated?,who-will-be-inaugurated-as-president,511754,will-donald-trump-be-inaugurated,No,0.01,100000.0,1000.0,1.0%,,,,,,,,,,2026-05-28 01:03:23 UTC,2025-01-17 09:41:54+00:00,2025-01-17 09:41:54 UTC,0x2423c9fd20947d4ae6cd96be5b533562be2c2d5e032972ff695cb417915a57ed,0x280f91e6616ad339d85bc3e395cb365346d295b5,True,Yes,0.0,False,,100,10000.0,2.0,0.0,-102.0,-1.0
14182,Will Trump end Department of Education in first 100 days?,trump-ends-department-of-education-in-first-100-days,512172,trump-ends-department-of-education-in-first-100-days,Yes,0.08399832003359933,11905.0,1000.0,8.4%,,,,,,,,,,2026-05-28 01:03:36 UTC,2025-03-20 15:36:58+00:00,2025-03-20 15:36:58 UTC,0xb736dbfdc3eccb971048ca77fd54ea68526c62780b4684c056ff48fcfebb96b4,0xe877e0931f31eb6dd5e6bd1ca7e702f84088bb43,True,No,0.0,False,,100,1190.5,2.0,0.0,-102.0,-1.0
14178,Will Trump pardon Roger Ver in his first 100 days?,trump-pardons,514672,will-trump-pardon-roger-ver-in-his-first-100-days,Yes,0.09360752700371218,10682.9016,1000.0,9.4%,,,,,,,,,,2026-05-28 01:03:39 UTC,2025-02-18 11:35:50+00:00,2025-02-18 11:35:50 UTC,0xbdc38f76a27226a67dec9fa0178691df44697943691184683189e6480ab612c3,0xfcfb050f36946279d616fd6137c9119cbacae789,True,No,0.0,False,,100,1068.29016,2.0,0.0,-102.0,-1.0
14178,Will Trump pardon a January 6 protestor in his first 100 days?,trump-pardons,512173,will-trump-pardon-a-january-6-protestor-in-his-first-100-days,No,0.03796972717317669,26336.77075,1000.0,3.8%,,,,,,,,,,2026-05-28 01:03:41 UTC,2025-01-08 00:07:07+00:00,2025-01-08 00:07:07 UTC,0x450b923a0070946abe9bc226733229dffbe16842c1dc8e8fa72cbd2fbf335409,0x2c34687b4b73594f015d0ff29d705ed7d64e026f,True,Yes,0.0,False,,100,2633.677075,2.0,0.0,-102.0,-1.0
14178,Will Trump pardon himself in his first 100 days?,trump-pardons,512167,will-trump-pardon-himself-in-his-first-100-days,Yes,0.09429979432271861,10604.477,1000.0,9.4%,,,,,,,,,,2026-05-28 01:03:41 UTC,2024-11-27 16:45:49+00:00,2024-11-27 16:45:49 UTC,0x392d5474b08c983962f6ad09a18f118b9c1bd7062416d7c52ba2fce62fc9cb5b,0xdbaa5deb79308f6c5f175fce0ff72e59571af756,True,No,0.0,False,,100,1060.4477,2.0,0.0,-102.0,-1.0
14220,Fed decreases interest rates by 25 bps after January 2025 meeting?,fed-interest-rates-january-2025,512323,fed-decreases-interest-rates-by-25-bps-after-january-2025-meeting,Yes,0.018241796046377105,54819.1635,1000.0,1.8%,,,,,,,,,,2026-05-28 01:03:45 UTC,2025-01-29 14:33:22+00:00,2025-01-29 14:33:22 UTC,0x2274516531b256f09d5da89466f2d04c4240da6b498afc1c4b17c76a3bdf45f1,0xc5f0e977741f1d523fa7675f72e96c6faf22fd22,True,No,0.0,False,,100,5481.9163499999995,2.0,0.0,-102.0,-1.0
14220,No change in Fed interest rates after January 2025 meeting?,fed-interest-rates-january-2025,512324,no-change-in-fed-interest-rates-after-january-2025-meeting,No,0.02,50000.0,1000.0,2.0%,,,,,,,,,,2026-05-28 01:03:46 UTC,2025-01-26 14:46:48+00:00,2025-01-26 14:46:48 UTC,0x0185f9f36f4b799b4166b143a42204eca2e3807212b90475db747792bbc59557,0xf9e8ddccddfc72dd441065adb250464afa44b4b2,True,Yes,0.0,False,,100,5000.0,2.0,0.0,-102.0,-1.0
14220,Fed decreases interest rates by 25 bps after January 2025 meeting?,fed-interest-rates-january-2025,512323,fed-decreases-interest-rates-by-25-bps-after-january-2025-meeting,Yes,0.01904882039322518,52496.689,1000.0,1.9%,,,,,,,,,,2026-05-28 01:03:46 UTC,2025-01-26 01:44:20+00:00,2025-01-26 01:44:20 UTC,0x841e385959b5fa9abb6cda1f6be9c43e0dc35ada652d241b5c37be9b048df553,0x1667040227112bbfc15cb8b35b2e7b792b41daa1,True,No,0.0,False,,100,5249.668900000001,2.0,0.0,-102.0,-1.0
14220,No change in Fed interest rates after January 2025 meeting?,fed-interest-rates-january-2025,512324,no-change-in-fed-interest-rates-after-january-2025-meeting,No,0.018635429319628364,53661.226841,1000.0,1.9%,,,,,,,,,,2026-05-28 01:03:46 UTC,2025-01-25 17:52:39+00:00,2025-01-25 17:52:39 UTC,0x3c9db76d71a54c4394ca2d931b5bcf30cc48548476851a02e6711261ca3f9fa4,0x0c12257ca3baa7a09df7702e932caf0223eec273,True,Yes,0.0,False,,100,5366.122684100001,2.0,0.0,-102.0,-1.0
14220,No change in Fed interest rates after January 2025 meeting?,fed-interest-rates-january-2025,512324,no-change-in-fed-interest-rates-after-january-2025-meeting,No,0.01496363369398808,66828.6875,1000.0,1.5%,,,,,,,,,,2026-05-28 01:03:46 UTC,2025-01-23 17:25:10+00:00,2025-01-23 17:25:10 UTC,0x6c277f2ba41963ef02e26c9d658edb44048743e05c7a9f79c86932ddad5f412d,0x2bae1df78aa848d0d9905c22f47dc123edf4b5de,True,Yes,0.0,False,,100,6682.868750000001,2.0,0.0,-102.0,-1.0
14555,Tulsi Gabbard confirmed as Director of National Intelligence?,which-trump-picks-will-be-confirmed,513125,tulsi-gabbard-confirmed-as-dni,No,0.09472168165084735,10557.245,1000.0,9.5%,,,,,,,,,,2026-05-28 01:03:56 UTC,2025-02-03 23:28:26+00:00,2025-02-03 23:28:26 UTC,0x92d2becf00180a47755723b78e5976f91faf8fbd718594a49bb3c6ae6c4e22ae,0xc5fe4e2927af431482ae4bb820b9e122c7c4e320,True,Yes,0.0,False,,100,1055.7245,2.0,0.0,-102.0,-1.0
14547,Will Assad remain President of Syria through 2024?,will-assad-remain-president-of-syria-through-2024,513334,will-assad-remain-president-of-syria-through-2024,Yes,0.024611954390504395,40630.662,1000.0,2.5%,,,,,,,,,,2026-05-28 01:03:57 UTC,2024-12-08 08:08:42+00:00,2024-12-08 08:08:42 UTC,0x69332d934e78c50c5ab39b57cf3bc2a7e8733e1be9d51aa5ed0f785a46400525,0xada56dca2c42c7382aa84adb56bb36b3e731a69e,True,No,0.0,False,,100,4063.0661999999998,2.0,0.0,-102.0,-1.0
15036,Khamenei out as Supreme Leader of Iran by June 30?,khamenei-out-as-supreme-leader-of-iran-by-june-30,514497,khamenei-out-as-supreme-leader-of-iran-by-june-30,Yes,0.09455596043472254,10575.7479,1000.0,9.5%,,,,,,,,,,2026-05-28 01:04:01 UTC,2025-06-24 09:24:33+00:00,2025-06-24 09:24:33 UTC,0x3455779b55455f3c0e365ef4ed305525ce7696c77a3002c8db98271ebb9d0bd3,0x5964966ccc7032892a4d4740c41b3aac6404776b,True,No,0.0,False,,100,1057.57479,2.0,0.0,-102.0,-1.0
14874,Will Rafał Trzaskowski be the next President of Poland?,poland-presidential-election,514139,will-rafa-trzaskowski-be-the-next-president-of-poland,Yes,0.03360026407248565,29761.670856,1000.0,3.4%,,,,,,,,,,2026-05-28 01:04:01 UTC,2025-06-01 23:22:53+00:00,2025-06-01 23:22:53 UTC,0xe98267a5bf3c09eebea5ae1f9cae8865f5a8ecfd0d4213e9151bf58ad109c716,0xe1403090cd935a23a10668242b964cb9afbd78d4,True,No,0.0,False,,100,2976.1670856,2.0,0.0,-102.0,-1.0
14874,Will Rafał Trzaskowski be the next President of Poland?,poland-presidential-election,514139,will-rafa-trzaskowski-be-the-next-president-of-poland,Yes,0.0990000000099,10101.0101,1000.0,9.9%,,,,,,,,,,2026-05-28 01:04:01 UTC,2025-06-01 23:00:49+00:00,2025-06-01 23:00:49 UTC,0x26353b63ebfd8434590315f4dac51a00c5f66d344147ea88a5635229d5ce62ff,0x04ff73b27ad0e62e33d885c3dde0d87d134635e2,True,No,0.0,False,,100,1010.10101,2.0,0.0,-102.0,-1.0
14874,Will Rafał Trzaskowski be the next President of Poland?,poland-presidential-election,514139,will-rafa-trzaskowski-be-the-next-president-of-poland,Yes,0.06382378253641695,15668.140625,1000.0,6.4%,,,,,,,,,,2026-05-28 01:04:01 UTC,2025-06-01 22:38:59+00:00,2025-06-01 22:38:59 UTC,0x447db72b478a9efe92084c075531b9e581457b29930e2c95eacbb5b11504f0dd,0xeb8222c8d54244a322d8fd1a20b914cf0bbdd2b7,True,No,0.0,False,,100,1566.8140625,2.0,0.0,-102.0,-1.0
14874,Will Rafał Trzaskowski be the next President of Poland?,poland-presidential-election,514139,will-rafa-trzaskowski-be-the-next-president-of-poland,Yes,0.0767759365788537,13024.914375,1000.0,7.7%,,,,,,,,,,2026-05-28 01:04:01 UTC,2025-06-01 22:34:13+00:00,2025-06-01 22:34:13 UTC,0x024601a55d526b0f7419f545869844512b548adfcc2d50db447a6a612b8cbe3c,0xe1403090cd935a23a10668242b964cb9afbd78d4,True,No,0.0,False,,100,1302.4914375,2.0,0.0,-102.0,-1.0
15437,Will Biden pardon SBF?,who-will-biden-pardon,500502,will-biden-pardon-sbf-this-term,Yes,0.032616753151642405,30659.090908,1000.0,3.3%,,,,,,,,,,2026-05-28 01:04:13 UTC,2025-01-20 08:07:55+00:00,2025-01-20 08:07:55 UTC,0xc3ff1472a42e2ea8772d32640af72fd73c4039c34c9341bc5d7df7d4ae821ad5,0x73becac2d5a09942988da9dda309bcb4fc67a0b2,True,No,0.0,False,,100,3065.9090908,2.0,0.0,-102.0,-1.0
15437,Will Biden pardon SBF?,who-will-biden-pardon,500502,will-biden-pardon-sbf-this-term,Yes,0.03239504043844488,30868.922726,1000.0,3.2%,,,,,,,,,,2026-05-28 01:04:13 UTC,2025-01-20 08:07:17+00:00,2025-01-20 08:07:17 UTC,0x01b8b3542f5d20074e78f2f9945197716189d6be87211c2895f20c5c4bd831f1,0x73becac2d5a09942988da9dda309bcb4fc67a0b2,True,No,0.0,False,,100,3086.8922725999996,2.0,0.0,-102.0,-1.0
15437,Will Biden pardon Ross Ulbricht?,who-will-biden-pardon,502120,will-biden-pardon-ross-ulbricht,Yes,0.06640039973571844,15060.1503,1000.0,6.6%,,,,,,,,,,2026-05-28 01:04:13 UTC,2025-01-10 22:20:20+00:00,2025-01-10 22:20:20 UTC,0x1c1ced6c25d2741b061bc2cbb7206cd1af96b8ccdaa6c6de2778585c1ad81850,0x421e006e5e07d0617031ec5e731b1a05379f5caa,True,No,0.0,False,,100,1506.01503,2.0,0.0,-102.0,-1.0
15437,Will Biden pardon Trump?,who-will-biden-pardon,506488,will-biden-pardon-trump,Yes,0.02187800229090688,45708.0124,1000.0,2.2%,,,,,,,,,,2026-05-28 01:04:14 UTC,2025-01-03 01:38:18+00:00,2025-01-03 01:38:18 UTC,0xda2319b43bad13bede76bc38efb1b0ec67dc17c7b7c4851617065e110d58bb6d,0x0ebbf2c8901f94d59ee20850b22db8190b60b114,True,No,0.0,False,,100,4570.80124,2.0,0.0,-102.0,-1.0
15437,Will Biden pardon SBF?,who-will-biden-pardon,500502,will-biden-pardon-sbf-this-term,Yes,0.07621876278807929,13120.129,1000.0,7.6%,,,,,,,,,,2026-05-28 01:04:14 UTC,2024-12-24 13:37:43+00:00,2024-12-24 13:37:43 UTC,0x0a2bf9df20d411981d5d6f33090255ae5122bbcd5e364098e7619812f853a2b8,0x1a2f60b29b1569d8bf144c9146e02b22876d73f1,True,No,0.0,False,,100,1312.0129,2.0,0.0,-102.0,-1.0
15437,Will Biden pardon Ross Ulbricht?,who-will-biden-pardon,502120,will-biden-pardon-ross-ulbricht,Yes,0.09162902179935062,10913.5728,1000.0,9.2%,,,,,,,,,,2026-05-28 01:04:14 UTC,2024-12-09 17:53:58+00:00,2024-12-09 17:53:58 UTC,0xc82bb4b6a0bbf25b09de72ce815a125e220b3a415921e85d8cb841dfb6bfbe58,0xe5f10df4357f91ec328c6ceb3ef84107263971b8,True,No,0.0,False,,100,1091.35728,2.0,0.0,-102.0,-1.0
15586,Will Friedrich Merz be the next Chancellor of Germany?,next-chancellor-of-germany,515766,will-friedrich-merz-be-the-next-chancellor-of-germany,No,0.04484630279590418,22298.3822,1000.0,4.5%,,,,,,,,,,2026-05-28 01:04:16 UTC,2025-05-06 08:59:22+00:00,2025-05-06 08:59:22 UTC,0x7b043ccd0a7d8f443aa0da2c48de21eb687810c3169c9e682b748fcc8076279d,0x18624b1e186974905b34292eeeeb4cde8dff734a,True,Yes,0.0,False,,100,2229.83822,2.0,0.0,-102.0,-1.0
15586,Will Friedrich Merz be the next Chancellor of Germany?,next-chancellor-of-germany,515766,will-friedrich-merz-be-the-next-chancellor-of-germany,No,0.05,20000.0,1000.0,5.0%,,,,,,,,,,2026-05-28 01:04:16 UTC,2025-02-21 12:18:28+00:00,2025-02-21 12:18:28 UTC,0xdd1ccc086d6a6c8a1c375d35c219f0f2c0be41d5ce6a682b7480f60cd18476c6,0x6b52ab6eb0a7e1cd50c9e9954723abfab7f98a4f,True,Yes,0.0,False,,100,2000.0,2.0,0.0,-102.0,-1.0
15625,Will the AfD win over 30% of the vote in the German election?,afd-of-vote-in-german-election,515879,will-the-afd-win-over-30-of-the-vote-in-the-german-election,Yes,0.025112000823217594,39821.59793,1000.0,2.5%,0.0,0.0,0.0,,,,,,,2026-05-28 01:04:22 UTC,2025-02-20 17:58:07+00:00,2025-02-20 17:58:07 UTC,0x6cb5bea37aed4a3bda856fcc2e450fbe17a561d90a8e5ae41f4aa35d8af2c601,0xb20f8923ffa3d728721c217ababd021a8867b710,True,No,0.0,False,,100,3982.159793,2.0,0.0,-102.0,-1.0
15725,Will Trump acquire Greenland before July?,will-the-us-acquire-greenland-before-july,516184,will-the-us-acquire-greenland-before-july,Yes,0.03056100220528192,32721.44,1000.0,3.1%,,,,,,,,,,2026-05-28 01:04:24 UTC,2025-02-27 20:36:28+00:00,2025-02-27 20:36:28 UTC,0xe83b0b3d6aab9875f9204847a23f5332882e06561f50222602013b2f792b34da,0x9e3846870fc83d3a97a31257ba26cb12a6fe61b5,True,No,0.0,False,,100,3272.144,2.0,0.0,-102.0,-1.0
15725,Will Trump acquire Greenland before July?,will-the-us-acquire-greenland-before-july,516184,will-the-us-acquire-greenland-before-july,Yes,0.07642129762217043,13085.3575,1000.0,7.6%,,,,,,,,,,2026-05-28 01:04:24 UTC,2025-01-09 07:36:55+00:00,2025-01-09 07:36:55 UTC,0x016ee94211df9543a2f78b15211f1a4d40cce78b905528a28bef9780b6ea54f9,0x035d24fa2e8c3de66afe49f2f6e8a85092495a61,True,No,0.0,False,,100,1308.53575,2.0,0.0,-102.0,-1.0
15915,Israel x Hamas ceasefire by January 31?,israel-x-hamas-ceasefire-by-january-31,516468,israel-x-hamas-ceasefire-by-january-31,No,0.09973746307070823,10026.3228,1000.0,10.0%,,,,,,,,,,2026-05-28 01:04:26 UTC,2025-01-16 10:54:17+00:00,2025-01-16 10:54:17 UTC,0x56360809e7b930de061f4ae1151a2289619aa688694a4b9c26becab782b3c08f,0x06d00e6307b288427c8e32e146b602e1a58a254f,True,Yes,0.0,False,,100,1002.63228,2.0,0.0,-102.0,-1.0
16180,"Maduro out by January 31, 2026?",maduro-out-in-2025,916440,maduro-out-by-january-31-2026-318,No,0.019999760002879965,50000.6,1000.0,2.0%,,,,,,,,,,2026-05-28 01:04:28 UTC,2026-01-03 09:29:43+00:00,2026-01-03 09:29:43 UTC,0xdea220cc68dacb88ea45a1dc569600c603d675fc015ade474310870b642f7388,0x765d8f05b331f2a7d49e7b887a53fdbfafc40929,True,Yes,0.0,False,,100,5000.06,2.0,0.0,-102.0,-1.0
16180,Maduro out in 2025?,maduro-out-in-2025,516947,maduro-out-in-2025-411,Yes,0.07966511970281724,12552.545,1000.0,8.0%,,,,,,,,,,2026-05-28 01:04:28 UTC,2025-12-25 22:49:49+00:00,2025-12-25 22:49:49 UTC,0xfe51ea27430b01d142bf977210a5fd1a37448649d85bff31ff2e862532d8d307,0x845495d7ed85c81dd58840d52db15a1dcd4931e1,True,No,0.0,False,,100,1255.2545,2.0,0.0,-102.0,-1.0
16180,Maduro out in 2025?,maduro-out-in-2025,516947,maduro-out-in-2025-411,Yes,0.049659821285426994,20137.0036,1000.0,5.0%,,,,,,,,,,2026-05-28 01:04:28 UTC,2025-12-25 19:32:25+00:00,2025-12-25 19:32:25 UTC,0x9176c734526fd28f152527c3d40258aa57307c4033ff139e64a17fc92e0f6b65,0x36c2b074b2eb2e3aac2dc7226dd18e7c72956127,True,No,0.0,False,,100,2013.70036,2.0,0.0,-102.0,-1.0
16180,Maduro out in 2025?,maduro-out-in-2025,516947,maduro-out-in-2025-411,Yes,0.049768547388884206,20093.0116,1000.0,5.0%,,,,,,,,,,2026-05-28 01:04:28 UTC,2025-12-25 19:29:01+00:00,2025-12-25 19:29:01 UTC,0x3702ae8352de471fa9dd51f0b2e385a13d1cf72000a15883aa236eed8e9d9b0b,0x36c2b074b2eb2e3aac2dc7226dd18e7c72956127,True,No,0.0,False,,100,2009.30116,2.0,0.0,-102.0,-1.0
16180,Maduro out in 2025?,maduro-out-in-2025,516947,maduro-out-in-2025-411,Yes,0.033990551306819654,29419.940588,1000.0,3.4%,,,,,,,,,,2026-05-28 01:04:28 UTC,2025-12-25 15:02:45+00:00,2025-12-25 15:02:45 UTC,0x9492634b78293d93ba1b8f645a0c1f7ca2fc73d1d1c554fbd04b587e58cf0fa0,0x36c2b074b2eb2e3aac2dc7226dd18e7c72956127,True,No,0.0,False,,100,2941.9940588,2.0,0.0,-102.0,-1.0
16180,Maduro out in 2025?,maduro-out-in-2025,516947,maduro-out-in-2025-411,Yes,0.04925775555502139,20301.371606,1000.0,4.9%,,,,,,,,,,2026-05-28 01:04:29 UTC,2025-12-23 05:05:03+00:00,2025-12-23 05:05:03 UTC,0xdfc12172d9b7cf9df09d3a168e457af78b98daac5f2b38cbc54bbb1036549dbb,0xc854ac928dab732e5339c7ed62c5a3de324910cc,True,No,0.0,False,,100,2030.1371606,2.0,0.0,-102.0,-1.0
16180,Maduro out in 2025?,maduro-out-in-2025,516947,maduro-out-in-2025-411,Yes,0.04582602286065978,21821.6624,1000.0,4.6%,,,,,,,,,,2026-05-28 01:04:29 UTC,2025-12-23 02:01:35+00:00,2025-12-23 02:01:35 UTC,0x055420e5c3e99814cd9290ecc2b372a770a2a18b038cc228a54145cc61b85048,0x168b100d7a6620a2f49a455344c2c006eaf1714b,True,No,0.0,False,,100,2182.16624,2.0,0.0,-102.0,-1.0
16108,Russia x Ukraine ceasefire in 2025?,russia-x-ukraine-ceasefire-in-2025,516719,russia-x-ukraine-ceasefire-in-2025,Yes,0.031874597682812374,31372.945,1000.0,3.2%,,,,,,,,,,2026-05-28 01:04:29 UTC,2025-12-14 20:36:53+00:00,2025-12-14 20:36:53 UTC,0xf9813ff7d767ed9bad396e5e1a146533f10fb6c0a4ab1fab1129d5766be0d86b,0x2ff1797eebc8aa658ca38c0ae55246c1cea072eb,True,No,0.0,False,,100,3137.2945,2.0,0.0,-102.0,-1.0
16108,Russia x Ukraine ceasefire in 2025?,russia-x-ukraine-ceasefire-in-2025,516719,russia-x-ukraine-ceasefire-in-2025,Yes,0.02497109969776479,40046.294,1000.0,2.5%,,,,,,,,,,2026-05-28 01:04:29 UTC,2025-12-12 20:23:09+00:00,2025-12-12 20:23:09 UTC,0xe168dd237f8245781c5bfe3096d50509767c864fd11ae13496aa975befdc2abb,0xdeaf6256822c276aeadfd6b451b700cc607d97bf,True,No,0.0,False,,100,4004.6294000000003,2.0,0.0,-102.0,-1.0
16108,Russia x Ukraine ceasefire in 2025?,russia-x-ukraine-ceasefire-in-2025,516719,russia-x-ukraine-ceasefire-in-2025,Yes,0.05,20000.0,1000.0,5.0%,,,,,,,,,,2026-05-28 01:04:31 UTC,2025-12-07 15:55:13+00:00,2025-12-07 15:55:13 UTC,0x0b820a9cc4cfda0a8f1f2b36016c39384e1530971a944e06b90a37f17cc935e2,0x88d4461858c0e867b930c8765e1c23598805ffb3,True,No,0.0,False,,100,2000.0,2.0,0.0,-102.0,-1.0
16108,Russia x Ukraine ceasefire in 2025?,russia-x-ukraine-ceasefire-in-2025,516719,russia-x-ukraine-ceasefire-in-2025,Yes,0.05,20000.0,1000.0,5.0%,,,,,,,,,,2026-05-28 01:04:31 UTC,2025-12-04 02:59:57+00:00,2025-12-04 02:59:57 UTC,0x7e443d98d48e9b00b262954d742846236be8ec38f34bcc3ccd3e828741b6026e,0xf3ad89711137e8ed0e8fab813a4d32e4ceaf7900,True,No,0.0,False,,100,2000.0,2.0,0.0,-102.0,-1.0
16108,Russia x Ukraine ceasefire in 2025?,russia-x-ukraine-ceasefire-in-2025,516719,russia-x-ukraine-ceasefire-in-2025,Yes,0.08,12500.0,1000.0,8.0%,,,,,,,,,,2026-05-28 01:04:31 UTC,2025-12-02 13:34:42+00:00,2025-12-02 13:34:42 UTC,0xfb1eae78ca5b81b5ada932097fb7886adf0dfa545aa8e233067c872f0591841b,0xc7d6c21d4c86785a92a23bafa23c0548f9664441,True,No,0.0,False,,100,1250.0,2.0,0.0,-102.0,-1.0
16180,"Maduro out by November 30, 2025?",maduro-out-in-2025,663849,maduro-out-by-november-30-2025,Yes,0.09801337666962112,10202.689,1000.0,9.8%,,,,,,,,,,2026-05-28 01:04:33 UTC,2025-11-13 23:07:40+00:00,2025-11-13 23:07:40 UTC,0xeb026fa13b303854f7ef0aaf08aaecf0400f1745fc2d5162286f8fec2ab30e9b,0x406eb57f2a7b90a85401d5864b18310c6c15b243,True,No,0.0,False,,100,1020.2688999999999,2.0,0.0,-102.0,-1.0
16166,Will the US confirm that aliens exist in 2025?,will-the-us-confirm-that-aliens-exist-in-2025,516925,will-the-us-confirm-that-aliens-exist-in-2025,Yes,0.05273606852820067,18962.354,1000.0,5.3%,,,,,,,,,,2026-05-28 01:04:33 UTC,2025-10-22 01:31:09+00:00,2025-10-22 01:31:09 UTC,0xe45b37bc36fe906579001b778d637da817505c43808ddff5164a5aa765e3f334,0xf6573f96e6496178a5393ab73be13c57051b108e,True,No,0.0,False,,100,1896.2354,2.0,0.0,-102.0,-1.0
16784,Will Trump save TikTok in first week?,will-trump-save-tiktok-in-first-week,518649,will-trump-save-tiktok-in-first-week,No,0.08506268305691418,11756.03642,1000.0,8.5%,,,,,,,,,,2026-05-28 01:04:45 UTC,2025-01-20 20:34:20+00:00,2025-01-20 20:34:20 UTC,0x70d91f3b44cb01822eb8617b80fb57af6801739934583adae055b51a512a92f9,0xd4695b00f41610d0e531487b1063c03789c5d2e4,True,Yes,0.0,False,,100,1175.603642,2.0,0.0,-102.0,-1.0
16868,Will George Simion win the Romanian presidential election?,romania-presidential-election-winner,519066,romania-presidential-election-winner-will-george-simion-win-the-romanian-presidential-election,Yes,0.02,50000.0,1000.0,2.0%,,,,,,,,,,2026-05-28 01:04:47 UTC,2025-05-18 19:03:05+00:00,2025-05-18 19:03:05 UTC,0x4c62515f16bf414bf2845a5700b7615e9de1ce978543bcc9ddb83418e539c11a,0xfdaa33b0693b92be6d852997d2d620b3f2958420,True,No,0.0,False,,100,5000.0,2.0,0.0,-102.0,-1.0
16868,Will George Simion win the Romanian presidential election?,romania-presidential-election-winner,519066,romania-presidential-election-winner-will-george-simion-win-the-romanian-presidential-election,Yes,0.02,50000.0,1000.0,2.0%,,,,,,,,,,2026-05-28 01:04:47 UTC,2025-05-18 19:01:47+00:00,2025-05-18 19:01:47 UTC,0x6ee57fd95c10d18540c81442a9c7e0b03d834c6c82af542bdd2d507fd633caf7,0xfdaa33b0693b92be6d852997d2d620b3f2958420,True,No,0.0,False,,100,5000.0,2.0,0.0,-102.0,-1.0
16868,Will George Simion win the Romanian presidential election?,romania-presidential-election-winner,519066,romania-presidential-election-winner-will-george-simion-win-the-romanian-presidential-election,Yes,0.04,25000.0,1000.0,4.0%,,,,,,,,,,2026-05-28 01:04:47 UTC,2025-05-18 18:57:15+00:00,2025-05-18 18:57:15 UTC,0xf5b5ea95a666ba38fe574b75607b7573801ce7006a2dfb4fc6a6d3bafe4c4517,0x155fef400dd14367ae873cf686e3973073e6a1a5,True,No,0.0,False,,100,2500.0,2.0,0.0,-102.0,-1.0
16868,Will George Simion win the Romanian presidential election?,romania-presidential-election-winner,519066,romania-presidential-election-winner-will-george-simion-win-the-romanian-presidential-election,Yes,0.07822910429729094,12782.96625,1000.0,7.8%,,,,,,,,,,2026-05-28 01:04:47 UTC,2025-05-18 18:47:51+00:00,2025-05-18 18:47:51 UTC,0x8d5a66e691079e0dfca72f8440e8408cb5a467eda75d9d372b3470358a3afaf3,0x1ace65152cb597f8d5c432030cf5650286be3038,True,No,0.0,False,,100,1278.296625,2.0,0.0,-102.0,-1.0
17088,Russia x Ukraine ceasefire before July?,russia-x-ukraine-ceasefire-before-july,519628,russia-x-ukraine-ceasefire-before-july,Yes,0.09214505769847078,10852.454,1000.0,9.2%,,,,,,,,,,2026-05-28 01:04:53 UTC,2025-06-02 03:57:05+00:00,2025-06-02 03:57:05 UTC,0x5fb50c9829ea89861658f8b005e4c0454312c2bd2ded5121fcbac97fa4018b06,0xd1dee063c0590d204ec973c323f266c36d475834,True,No,0.0,False,,100,1085.2454,2.0,0.0,-102.0,-1.0
17088,Russia x Ukraine ceasefire before July?,russia-x-ukraine-ceasefire-before-july,519628,russia-x-ukraine-ceasefire-before-july,Yes,0.09258143995801987,10801.301,1000.0,9.3%,,,,,,,,,,2026-05-28 01:04:53 UTC,2025-05-25 14:45:29+00:00,2025-05-25 14:45:29 UTC,0x8c1514542a340b707cf2115eb4f990daea02a7db88bff491c4fe327b30571762,0x545d337df3962904469b6bb540c74be3a5d6c122,True,No,0.0,False,,100,1080.1301,2.0,0.0,-102.0,-1.0
17140,No change in Fed interest rates after May 2025 meeting?,fed-decision-in-may-2025,519778,no-change-in-fed-interest-rates-after-may-2025-meeting,No,0.021064095486310472,47474.148636,1000.0,2.1%,,,,,,,,,,2026-05-28 01:04:55 UTC,2025-05-07 14:18:45+00:00,2025-05-07 14:18:45 UTC,0x36762ced6f691032e126db2a896ecf1d4d4e4817e36b4ae2314fe2bece710caa,0x93f85976016270923cad0a96361122551997f5c3,True,Yes,0.0,False,,100,4747.4148636,2.0,0.0,-102.0,-1.0
17140,No change in Fed interest rates after May 2025 meeting?,fed-decision-in-may-2025,519778,no-change-in-fed-interest-rates-after-may-2025-meeting,No,0.02492697443423695,40117.1832,1000.0,2.5%,,,,,,,,,,2026-05-28 01:04:55 UTC,2025-05-05 08:29:50+00:00,2025-05-05 08:29:50 UTC,0xf55918af41e74660b6df4b5f1c4e8fc477d3ea7c5ab0577b64c09ed0aa1b6561,0x40f3e0bf36a81c497022daffbb3d8807a736108b,True,Yes,0.0,False,,100,4011.71832,2.0,0.0,-102.0,-1.0
17140,Fed decreases interest rates by 25 bps after May 2025 meeting?,fed-decision-in-may-2025,519777,fed-decreases-interest-rates-by-25-bps-after-may-2025-meeting,Yes,0.023819347135133263,41982.6788,1000.0,2.4%,,,,,,,,,,2026-05-28 01:04:55 UTC,2025-05-04 19:13:47+00:00,2025-05-04 19:13:47 UTC,0xc0e1e49cc49609a052926368fbafde6182f91c0459a422db5f4ae12dbbc34e2b,0x2bb811a00e69333c83b28eca083d35ba9ed68bd8,True,No,0.0,False,,100,4198.26788,2.0,0.0,-102.0,-1.0
17140,Fed decreases interest rates by 25 bps after May 2025 meeting?,fed-decision-in-may-2025,519777,fed-decreases-interest-rates-by-25-bps-after-may-2025-meeting,Yes,0.023645319731126706,42291.6675,1000.0,2.4%,,,,,,,,,,2026-05-28 01:04:55 UTC,2025-05-04 16:10:28+00:00,2025-05-04 16:10:28 UTC,0x6adc4a36e9865dea4d57bfbb9d9d0f1d505394b7fca0e7503303163cf0f83786,0xd4233bab6c70a09eaf4d09438a2dc9b18c89ef9c,True,No,0.0,False,,100,4229.166749999999,2.0,0.0,-102.0,-1.0
17140,Fed decreases interest rates by 25 bps after May 2025 meeting?,fed-decision-in-may-2025,519777,fed-decreases-interest-rates-by-25-bps-after-may-2025-meeting,Yes,0.018519005156820693,53998.581,1000.0,1.9%,,,,,,,,,,2026-05-28 01:04:55 UTC,2025-05-04 07:15:25+00:00,2025-05-04 07:15:25 UTC,0xc386397f1189923a6f9b0319166df49fce5147fe6b7352b0e510200b14e0c9f5,0x0b79f9c1840cdae80f2abaab322a35dfc2de24af,True,No,0.0,False,,100,5399.8581,2.0,0.0,-102.0,-1.0
17140,Fed decreases interest rates by 25 bps after May 2025 meeting?,fed-decision-in-may-2025,519777,fed-decreases-interest-rates-by-25-bps-after-may-2025-meeting,Yes,0.05,20000.0,1000.0,5.0%,,,,,,,,,,2026-05-28 01:04:56 UTC,2025-05-01 15:26:23+00:00,2025-05-01 15:26:23 UTC,0x06805de7a725f156196da4b619f47d66ddbdf29fd6c970f090f3df19666f5eee,0x611c20bf7fdc4e88ec4f0172c99efcaa30d5c982,True,No,0.0,False,,100,2000.0,2.0,0.0,-102.0,-1.0
17140,Fed decreases interest rates by 50+ bps after May 2025 meeting?,fed-decision-in-may-2025,519776,fed-decreases-interest-rates-by-50-bps-after-may-2025-meeting,Yes,0.03571030592822682,28003.1205,1000.0,3.6%,,,,,,,,,,2026-05-28 01:04:57 UTC,2025-04-03 15:22:30+00:00,2025-04-03 15:22:30 UTC,0x97d0ae8660953347dce6d4985e7c39c186b440714b2ceb00a97dd4b601307fcf,0x2e7f06e8b568b9a04e152a549500e6a54f99b1d4,True,No,0.0,False,,100,2800.31205,2.0,0.0,-102.0,-1.0
17140,Fed decreases interest rates by 50+ bps after May 2025 meeting?,fed-decision-in-may-2025,519776,fed-decreases-interest-rates-by-50-bps-after-may-2025-meeting,Yes,0.015523014040302308,64420.479,1000.0,1.6%,,,,,,,,,,2026-05-28 01:04:57 UTC,2025-03-24 16:53:26+00:00,2025-03-24 16:53:26 UTC,0x342fb0c86dca53ad608d0839262140edcc9dc43db51de0a146241e8337806ea6,0xe1e7036279433715711a65fc3254a8af558c5fb6,True,No,0.0,False,,100,6442.0479,2.0,0.0,-102.0,-1.0
17149,Evidence released proving JFK assassination was an inside job by Feb 10?,was-jfk-assassination-an-inside-job,519806,was-jfk-assassination-an-inside-job,Yes,0.032721504224854966,30560.942221,1000.0,3.3%,,,,,,,,,,2026-05-28 01:04:59 UTC,2025-01-24 22:39:22+00:00,2025-01-24 22:39:22 UTC,0x3e566f01d2b6f24b1edb5d3d7367a9596c261a0dc7b8a19f1664ab759df968b6,0xc202d0f70c84fb4753d184694f3e4e2769b1c578,True,No,0.0,False,,100,3056.0942221,2.0,0.0,-102.0,-1.0
17174,Was JFK assassination an inside job?,was-jfk-assassination-an-inside-job-march-31,519906,was-jfk-assassination-an-inside-job-march-31,Yes,0.01799820018034193,55561.11111,1000.0,1.8%,,,,,,,,,,2026-05-28 01:04:59 UTC,2025-03-19 04:35:30+00:00,2025-03-19 04:35:30 UTC,0x4aee627d5aa0cf44a4569fe8d051a781b175a8911637f90ca4b58cc7defd2b9a,0xe877e0931f31eb6dd5e6bd1ca7e702f84088bb43,True,No,0.0,False,,100,5556.111110999999,2.0,0.0,-102.0,-1.0
17174,Was JFK assassination an inside job?,was-jfk-assassination-an-inside-job-march-31,519906,was-jfk-assassination-an-inside-job-march-31,Yes,0.039850619951113254,25093.7125,1000.0,4.0%,,,,,,,,,,2026-05-28 01:04:59 UTC,2025-03-18 15:50:02+00:00,2025-03-18 15:50:02 UTC,0xa2177a1d7ff06b2445a0e308db400ff3b9dc40e8f20aa8814bf32f4965bc60ad,0x34ba44cef67bcf84e694d48a959df7c84d6131be,True,No,0.0,False,,100,2509.3712499999997,2.0,0.0,-102.0,-1.0
17523,China x Taiwan military clash by December 31?,china-x-taiwan-military-clash-by,521019,china-x-taiwan-military-clash-by-december-31,Yes,0.09010779505414532,11097.819,1000.0,9.0%,,,,,,,,,,2026-05-28 01:05:02 UTC,2025-07-02 19:42:37+00:00,2025-07-02 19:42:37 UTC,0xd290867a99e7c6b57202d0ab8502d38c53cf64c67bab82e131d160e42dd6b5e4,0x9e23c401e0306664b467ea652bb78c5db71c5411,True,No,0.0,False,,100,1109.7819000000002,2.0,0.0,-102.0,-1.0
17792,No change in Fed interest rates after June 2025 meeting?,fed-decision-in-june,521836,no-change-in-fed-interest-rates-after-june-2025-meeting,No,0.01261923416900306,79244.111537,1000.0,1.3%,,,,,,,,,,2026-05-28 01:05:07 UTC,2025-06-18 17:19:12+00:00,2025-06-18 17:19:12 UTC,0x641e4ba618f710ac751da6191ffa8877e36b5deb7a6f625c8b246ddf8d9580f0,0x959de29c52502e2c06aee098d278269530a0fe29,True,Yes,0.0,False,,100,7924.4111537,2.0,0.0,-102.0,-1.0
17792,No change in Fed interest rates after June 2025 meeting?,fed-decision-in-june,521836,no-change-in-fed-interest-rates-after-june-2025-meeting,No,0.024946913964959124,40085.1184,1000.0,2.5%,,,,,,,,,,2026-05-28 01:05:09 UTC,2025-06-16 19:11:14+00:00,2025-06-16 19:11:14 UTC,0x54f0e18e3429dc75c85f13d4489e383f250d2f290a0783dd4838d04798776c14,0x49efc02723cad57964edad56b9a33b35af2cf8e9,True,Yes,0.0,False,,100,4008.51184,2.0,0.0,-102.0,-1.0
17792,Fed decreases interest rates by 25 bps after June 2025 meeting?,fed-decision-in-june,521835,fed-decreases-interest-rates-by-25-bps-after-june-2025-meeting,Yes,0.02360202269334482,42369.25,1000.0,2.4%,,,,,,,,,,2026-05-28 01:05:09 UTC,2025-06-11 14:03:28+00:00,2025-06-11 14:03:28 UTC,0xca40899da7d7ee5a20802b5a0ce421ed4ae6944f47cdad55e02b92f3a7e63111,0x4f62b4b1474412f3430c9ed9e55c354cddf52ce6,True,No,0.0,False,,100,4236.925,2.0,0.0,-102.0,-1.0
17792,No change in Fed interest rates after June 2025 meeting?,fed-decision-in-june,521836,no-change-in-fed-interest-rates-after-june-2025-meeting,No,0.021175412905159244,47224.580908,1000.0,2.1%,,,,,,,,,,2026-05-28 01:05:11 UTC,2025-06-06 17:56:43+00:00,2025-06-06 17:56:43 UTC,0x3a20ccac4d26de89c9cfbe538137d19db66329e534dc102cc38ed2152e8697aa,0x05e64b8ed02cb9137f5e1aa4cd3deb3362024a5f,True,Yes,0.0,False,,100,4722.4580908,2.0,0.0,-102.0,-1.0
17792,Fed decreases interest rates by 25 bps after June 2025 meeting?,fed-decision-in-june,521835,fed-decreases-interest-rates-by-25-bps-after-june-2025-meeting,Yes,0.016296101467349864,61364.37,1000.0,1.6%,,,,,,,,,,2026-05-28 01:05:11 UTC,2025-06-06 16:57:47+00:00,2025-06-06 16:57:47 UTC,0xcad37be7c99ae1cf1a6f4bc3635f291684e53f77147979ae82f95e7fdf1f0664,0x11fb96d824635ea0c5cf316e6453ff2f510f4a25,True,No,0.0,False,,100,6136.437,2.0,0.0,-102.0,-1.0
17792,Fed decreases interest rates by 25 bps after June 2025 meeting?,fed-decision-in-june,521835,fed-decreases-interest-rates-by-25-bps-after-june-2025-meeting,Yes,0.05,20000.0,1000.0,5.0%,,,,,,,,,,2026-05-28 01:05:11 UTC,2025-05-28 11:45:04+00:00,2025-05-28 11:45:04 UTC,0x65d0ffc6e3bd2c8a688033f605391e3cd6e476b558b0e4cc68fa4fd738608788,0xf907ba3705b5b93c6c5a51c96d633669f631b582,True,No,0.0,False,,100,2000.0,2.0,0.0,-102.0,-1.0
17792,Fed decreases interest rates by 50+ bps after June 2025 meeting?,fed-decision-in-june,521834,fed-decreases-interest-rates-by-50-bps-after-june-2025-meeting,Yes,0.02999748501085669,33336.128,1000.0,3.0%,,,,,,,,,,2026-05-28 01:05:12 UTC,2025-02-15 02:06:41+00:00,2025-02-15 02:06:41 UTC,0x6e2d602c0ae21807a2091033dd413f4cf06ccec74396752c488222db42fcec76,0xf8f390c7bedc2a8840c7c31d6243f10f56063d8a,True,No,0.0,False,,100,3333.6128,2.0,0.0,-102.0,-1.0
